2026-04-23 23:58:32 | INFO | hate_detect | Server starting — loading models...
2026-04-23 23:58:33 | INFO | hate_detect | Models loaded. Vocabulary: 6682 features.
2026-04-23 23:58:33 | INFO | hate_detect | Server shutdown complete.
2026-04-23 23:58:57 | INFO | hate_detect | Server starting — loading models...
2026-04-23 23:58:57 | INFO | hate_detect | Models loaded. Vocabulary: 6682 features.
2026-04-23 23:59:25 | INFO | hate_detect | PREDICT | text='dasar badjingan lu' | label=Normal | conf=0.500 | latency=0.0ms
2026-04-23 23:59:35 | INFO | hate_detect | PREDICT | text='dasar badjingan lu jokwi' | label=Hate Speech | conf=0.874 | latency=21.3ms
2026-04-23 23:59:47 | INFO | hate_detect | PREDICT | text='dasar anjing luh' | label=Normal | conf=0.500 | latency=0.0ms
2026-04-24 00:00:01 | INFO | hate_detect | PREDICT | text='dasar anjing luh sialan babi' | label=Hate Speech | conf=0.789 | latency=0.0ms
2026-04-24 00:00:32 | INFO | hate_detect | PREDICT | text='dasar wanita jalang memek' | label=Hate Speech | conf=0.578 | latency=0.5ms
2026-04-24 00:03:39 | INFO | hate_detect | PREDICT | text='wah mari guys kita kawal kasus ini, semua penyelidikan harus' | label=Normal | conf=0.672 | latency=2.7ms
2026-04-24 00:04:11 | INFO | hate_detect | PREDICT | text='Bapak jalan2 keluar negeri melulu.. selalu bareng Teddy.
Hon' | label=Normal | conf=0.502 | latency=5.2ms
2026-04-24 00:04:46 | INFO | hate_detect | PREDICT | text='Maaf, tapi selama 22 tahun saya menjadi warga negara ini han' | label=Normal | conf=0.655 | latency=10.4ms
2026-04-24 00:05:46 | INFO | hate_detect | PREDICT | text='Kenapa selalu menghindar dari mengevaluasi pelaksanaan proye' | label=Normal | conf=0.821 | latency=5.1ms
2026-04-24 00:06:28 | INFO | hate_detect | PREDICT | text='Kamu bodoh dan tidak berguna' | label=Normal | conf=0.500 | latency=0.0ms
2026-04-24 00:06:42 | INFO | hate_detect | PREDICT | text='Tidak ada yang akan mencintaimu selain aku' | label=Normal | conf=0.500 | latency=0.0ms
2026-04-24 00:07:00 | INFO | hate_detect | PREDICT | text='Kalau kamu ninggalin aku, aku bakal hancurin hidupmu' | label=Hate Speech | conf=0.462 | latency=1.8ms
2026-04-24 00:10:05 | INFO | hate_detect | PREDICT | text='Dasar bodoh, nggak bisa ngerjain hal paling sepele sekalipun' | label=Hate Speech | conf=0.799 | latency=6.7ms
2026-04-24 00:10:30 | INFO | hate_detect | PREDICT | text='Dasar bodoh, nggak bisa ngerjain hal paling sepele sekalipun' | label=Hate Speech | conf=0.799 | latency=1.5ms
2026-04-24 00:11:51 | INFO | hate_detect | PREDICT | text='Dasar bodoh/tolol, mending hapus akun aja lu!' | label=Hate Speech | conf=0.906 | latency=0.6ms
2026-04-24 00:12:17 | INFO | hate_detect | PREDICT | text='Muka lu kayak anjink, pantes gak ada yang suka.' | label=Normal | conf=0.450 | latency=2.0ms
2026-04-24 00:12:28 | INFO | hate_detect | PREDICT | text='Muka lu kayak ajg, pantes gak ada yang suka.' | label=Hate Speech | conf=0.606 | latency=1.0ms
2026-04-24 00:12:45 | INFO | hate_detect | Server shutdown complete.
2026-04-24 00:12:51 | INFO | hate_detect | Server starting — loading models...
2026-04-24 00:12:51 | INFO | hate_detect | Models loaded. Vocabulary: 6682 features.
2026-04-24 00:15:49 | INFO | hate_detect | PREDICT | text='"Menurut saya, kebijakan pemerintah yang baru ini perlu dika' | label=Normal | conf=0.826 | latency=10.5ms
2026-04-24 00:15:56 | INFO | hate_detect | PREDICT | text='"Selamat pagi semuanya! Semoga hari ini pekerjaan kita semua' | label=Normal | conf=0.592 | latency=2.5ms
2026-04-24 00:16:02 | INFO | hate_detect | PREDICT | text='"Sumpah anjing banget nih internet dari tadi putus-putus ter' | label=Hate Speech | conf=0.549 | latency=3.3ms
2026-04-24 00:16:24 | INFO | hate_detect | PREDICT | text='"Gila lu ya! Udah dibilangin berkali-kali tetep aja bego, ng' | label=Hate Speech | conf=0.448 | latency=3.3ms
2026-04-24 00:16:35 | INFO | hate_detect | PREDICT | text='"Dasar kafir laknat, orang-orang kayak kalian tuh pantesnya ' | label=Hate Speech | conf=0.940 | latency=1.0ms
2026-04-24 00:16:44 | INFO | hate_detect | PREDICT | text='"Emang dasar rezim antek-antek PKI, pantesan aja negara hanc' | label=Hate Speech | conf=0.966 | latency=1.0ms
2026-04-24 00:18:17 | INFO | hate_detect | PREDICT | text='Gue beneran muak sama kelakuan orang-orang kayak gitu, bajin' | label=Abusive | conf=0.560 | latency=1.5ms
2026-04-24 00:18:21 | INFO | hate_detect | PREDICT | text='Cuaca hari ini cerah banget, cocok buat jalan-jalan ke taman' | label=Normal | conf=0.652 | latency=2.5ms
2026-04-24 00:18:27 | INFO | hate_detect | PREDICT | text='Dasar bodoh, nggak bisa ngerjain hal paling sepele sekalipun' | label=Hate Speech | conf=0.799 | latency=0.0ms
2026-04-24 00:24:31 | INFO | hate_detect | PREDICT | text='Foto jemaah haji asal martapura tempo dlu sumber dlu islam d' | label=Hate Speech | conf=0.518 | latency=5.0ms
2026-04-24 00:24:46 | INFO | hate_detect | PREDICT | text='kadang yg kemarin udh follow, hari ini jadi followers baru. ' | label=Abusive | conf=0.417 | latency=2.6ms
2026-04-24 00:24:55 | INFO | hate_detect | PREDICT | text='bentar bentar kunyuk mirip siapa yak mikir keras'' | label=Hate Speech | conf=0.550 | latency=0.0ms
2026-04-24 00:25:09 | INFO | hate_detect | PREDICT | text='Kok yang dukung 2 periode orangnya pada gak jelas ya... yang' | label=Hate Speech | conf=0.570 | latency=6.1ms
2026-04-24 00:25:19 | INFO | hate_detect | PREDICT | text='rezim skrg... blm selesei trus ambruk, nancepin di puing hut' | label=Hate Speech | conf=0.767 | latency=0.0ms
2026-04-24 00:39:12 | INFO | hate_detect | PREDICT | text='Terlihat salah satu pendukung mafia koruptor dan penista aga' | label=Hate Speech | conf=0.945 | latency=5.2ms
2026-04-24 00:39:17 | INFO | hate_detect | PREDICT | text='
Ih gila Nirina bego banget.'' | label=Hate Speech | conf=0.658 | latency=0.5ms
2026-04-24 00:39:33 | INFO | hate_detect | PREDICT | text='Jomblo jablay kayak perek '' | label=Hate Speech | conf=0.524 | latency=2.0ms
2026-04-24 00:39:47 | INFO | hate_detect | PREDICT | text='Asuog wasite picek jingan'' | label=Hate Speech | conf=0.729 | latency=1.0ms
2026-04-24 00:42:31 | INFO | hate_detect | PREDICT | text='Kesal masih belom, ngantuk iya' | label=Normal | conf=0.403 | latency=6.3ms
2026-04-24 00:42:53 | INFO | hate_detect | PREDICT | text='Ini paling hal benci dari sd sampe smp anj wkwkwlwkw' | label=Hate Speech | conf=0.841 | latency=3.6ms
2026-04-24 00:43:06 | INFO | hate_detect | PREDICT | text='28,eh ngeri bernada ancaman' | label=Normal | conf=0.585 | latency=2.1ms
2026-04-24 00:44:40 | INFO | hate_detect | PREDICT | text='57,"Tweeter produk kafir, tweeter-an di pakai umat nabi, bol' | label=Hate Speech | conf=0.397 | latency=6.9ms
2026-04-24 00:44:57 | INFO | hate_detect | PREDICT | text='63,"Semoga dapat pembalasan yang setimpal,dan allah murka de' | label=Normal | conf=0.857 | latency=2.0ms
2026-04-24 00:47:21 | INFO | hate_detect | Server shutdown complete.
2026-04-24 00:47:28 | INFO | hate_detect | Server starting — loading models...
2026-04-24 00:47:29 | INFO | hate_detect | Models loaded. Vocabulary: 6518 features.
2026-04-24 00:47:46 | ERROR | hate_detect | Prediction error: 'CalibratedClassifierCV' object has no attribute 'decision_function'
Traceback (most recent call last):
  File "D:\www\hate-speech\backend\main.py", line 138, in predict
    result = _predict_one(req.text)
  File "D:\www\hate-speech\backend\main.py", line 102, in _predict_one
    decision = svm.decision_function(X)[0]
AttributeError: 'CalibratedClassifierCV' object has no attribute 'decision_function'
2026-04-24 00:47:49 | ERROR | hate_detect | Prediction error: 'CalibratedClassifierCV' object has no attribute 'decision_function'
Traceback (most recent call last):
  File "D:\www\hate-speech\backend\main.py", line 138, in predict
    result = _predict_one(req.text)
  File "D:\www\hate-speech\backend\main.py", line 102, in _predict_one
    decision = svm.decision_function(X)[0]
AttributeError: 'CalibratedClassifierCV' object has no attribute 'decision_function'
2026-04-24 00:48:18 | ERROR | hate_detect | Prediction error: 'CalibratedClassifierCV' object has no attribute 'decision_function'
Traceback (most recent call last):
  File "D:\www\hate-speech\backend\main.py", line 138, in predict
    result = _predict_one(req.text)
  File "D:\www\hate-speech\backend\main.py", line 102, in _predict_one
    decision = svm.decision_function(X)[0]
AttributeError: 'CalibratedClassifierCV' object has no attribute 'decision_function'
2026-04-24 00:57:11 | ERROR | hate_detect | Prediction error: 'CalibratedClassifierCV' object has no attribute 'decision_function'
Traceback (most recent call last):
  File "D:\www\hate-speech\backend\main.py", line 138, in predict
    result = _predict_one(req.text)
  File "D:\www\hate-speech\backend\main.py", line 102, in _predict_one
    decision = svm.decision_function(X)[0]
AttributeError: 'CalibratedClassifierCV' object has no attribute 'decision_function'
2026-04-24 01:12:04 | INFO | hate_detect | Server shutdown complete.
2026-04-24 01:12:13 | INFO | hate_detect | Server starting — loading models...
2026-04-24 01:12:13 | INFO | hate_detect | Models loaded. Vocabulary: 6518 features.
2026-04-24 01:12:25 | ERROR | hate_detect | Prediction error: 'CalibratedClassifierCV' object has no attribute 'decision_function'
Traceback (most recent call last):
  File "D:\www\hate-speech\backend\main.py", line 138, in predict
    result = _predict_one(req.text)
  File "D:\www\hate-speech\backend\main.py", line 102, in _predict_one
    decision = svm.decision_function(X)[0]
AttributeError: 'CalibratedClassifierCV' object has no attribute 'decision_function'
2026-04-24 01:21:50 | ERROR | hate_detect | Prediction error: 'CalibratedClassifierCV' object has no attribute 'decision_function'
Traceback (most recent call last):
  File "D:\www\hate-speech\backend\main.py", line 138, in predict
    result = _predict_one(req.text)
  File "D:\www\hate-speech\backend\main.py", line 102, in _predict_one
    decision = svm.decision_function(X)[0]
AttributeError: 'CalibratedClassifierCV' object has no attribute 'decision_function'
2026-04-24 01:28:33 | INFO | hate_detect | Server shutdown complete.
2026-04-24 01:29:31 | INFO | hate_detect | Server starting — loading models...
2026-04-24 01:29:31 | INFO | hate_detect | Models loaded. Vocabulary: 6518 features.
2026-04-24 01:29:36 | INFO | hate_detect | PREDICT | text='Gue beneran muak sama kelakuan orang-orang kayak gitu, bajin' | label=Abusive | conf=0.726 | latency=9.3ms
2026-04-24 01:29:39 | INFO | hate_detect | PREDICT | text='Cuaca hari ini cerah banget, cocok buat jalan-jalan ke taman' | label=Normal | conf=0.804 | latency=1.0ms
2026-04-24 01:29:48 | INFO | hate_detect | PREDICT | text='Semua orang dari kelompok itu tidak layak ada di negeri ini.' | label=Hate Speech | conf=0.512 | latency=1.2ms
2026-04-24 01:30:42 | INFO | hate_detect | PREDICT | text='"Menurut saya, kebijakan pemerintah yang baru ini perlu dika' | label=Normal | conf=0.821 | latency=3.6ms
2026-04-24 01:30:49 | INFO | hate_detect | PREDICT | text='"Selamat pagi semuanya! Semoga hari ini pekerjaan kita semua' | label=Normal | conf=0.710 | latency=1.5ms
2026-04-24 01:30:56 | INFO | hate_detect | PREDICT | text='"Sumpah anjing banget nih internet dari tadi putus-putus ter' | label=Abusive | conf=0.531 | latency=1.6ms
2026-04-24 01:31:02 | INFO | hate_detect | PREDICT | text='"Gila lu ya! Udah dibilangin berkali-kali tetep aja bego, ng' | label=Abusive | conf=0.920 | latency=3.3ms
2026-04-24 01:31:09 | INFO | hate_detect | PREDICT | text='"Dasar kafir laknat, orang-orang kayak kalian tuh pantesnya ' | label=Hate Speech | conf=0.986 | latency=1.0ms
2026-04-24 01:31:16 | INFO | hate_detect | PREDICT | text='"Emang dasar rezim antek-antek PKI, pantesan aja negara hanc' | label=Hate Speech | conf=0.985 | latency=1.0ms
2026-04-24 01:32:32 | INFO | hate_detect | Server shutdown complete.
2026-04-24 01:32:37 | INFO | hate_detect | Server starting — loading models...
2026-04-24 01:32:37 | INFO | hate_detect | Models loaded. Vocabulary: 6518 features.
2026-04-24 01:35:07 | INFO | hate_detect | PREDICT | text='sebenernya cewe tu gak muluk muluk dikasih ginian aja seneng' | label=Abusive | conf=0.750 | latency=11.8ms
2026-04-24 01:35:31 | INFO | hate_detect | PREDICT | text='Seorang Kristen melakukan apa yg benar karena dia adlh seora' | label=Normal | conf=0.968 | latency=3.0ms
2026-04-24 01:35:42 | INFO | hate_detect | PREDICT | text='gemoynya pengen beli tapi juga terlalu gemoy dimata perek pe' | label=Abusive | conf=0.912 | latency=2.0ms
2026-04-24 01:36:00 | INFO | hate_detect | PREDICT | text='benderang bahwa pemerintah Jokowi diktator' | label=Hate Speech | conf=0.983 | latency=5.2ms
2026-04-24 01:42:02 | INFO | hate_detect | PREDICT | text='anjg pemerintah goblk gini aja gabisa ngurus
' | label=Abusive | conf=0.597 | latency=3.0ms
2026-04-24 01:45:58 | INFO | hate_detect | PREDICT | text='gemoynya pengen beli tapi juga terlalu gemoy dimata perek pe' | label=Abusive | conf=0.912 | latency=2.6ms
2026-04-24 01:46:01 | INFO | hate_detect | PREDICT | text='benderang bahwa pemerintah Jokowi diktator' | label=Hate Speech | conf=0.983 | latency=1.5ms
2026-04-24 01:46:07 | INFO | hate_detect | PREDICT | text='Seorang Kristen melakukan apa yg benar karena dia adlh seora' | label=Normal | conf=0.968 | latency=1.0ms
2026-04-24 01:46:12 | INFO | hate_detect | PREDICT | text='anjg pemerintah goblk gini aja gabisa ngurus
' | label=Abusive | conf=0.597 | latency=0.5ms
2026-04-24 01:46:37 | INFO | hate_detect | PREDICT | text='benderang bahwa pemerintah Jokowi diktator' | label=Hate Speech | conf=0.983 | latency=1.5ms
2026-04-24 01:48:38 | INFO | hate_detect | PREDICT | text='dasar jawir gabisa ngerti konteks
' | label=Hate Speech | conf=0.720 | latency=1.0ms
2026-04-24 01:49:32 | INFO | hate_detect | PREDICT | text='anjg pemerintah goblk gini aja gabisa ngurus
' | label=Abusive | conf=0.597 | latency=3.1ms
2026-04-24 01:58:47 | INFO | hate_detect | PREDICT | text='anjg pemerintah goblk gini aja gabisa ngurus
' | label=Abusive | conf=0.597 | latency=2.0ms
2026-04-24 02:01:07 | INFO | hate_detect | Server shutdown complete.
2026-04-24 02:01:17 | INFO | hate_detect | Server starting — loading models...
2026-04-24 02:01:17 | INFO | hate_detect | Models loaded. Vocabulary: 6518 features.
2026-04-24 02:01:17 | INFO | hate_detect | PREDICT | text='anjg pemerintah goblk gini aja gabisa ngurus
' | label=Abusive | conf=0.935 | latency=10.4ms
2026-04-24 02:03:47 | INFO | hate_detect | Server shutdown complete.
2026-04-24 02:03:51 | INFO | hate_detect | Server starting — loading models...
2026-04-24 02:03:51 | INFO | hate_detect | Models loaded. Vocabulary: 6518 features.
2026-04-24 02:17:26 | INFO | hate_detect | PREDICT | text='dasar jawir gabisa ngerti konteks
' | label=Hate Speech | conf=0.720 | latency=13.1ms
2026-04-24 02:17:30 | INFO | hate_detect | PREDICT | text='benderang bahwa pemerintah Jokowi diktator' | label=Hate Speech | conf=0.984 | latency=3.1ms
2026-04-24 02:17:41 | INFO | hate_detect | PREDICT | text='"Sumpah anjing banget nih internet dari tadi putus-putus ter' | label=Abusive | conf=0.818 | latency=3.0ms
2026-04-24 02:35:11 | INFO | hate_detect | PREDICT | text='“Pelayanan publik sekarang masih lambat, semoga bisa diperba' | label=Normal | conf=0.927 | latency=7.4ms
2026-04-24 02:35:19 | INFO | hate_detect | PREDICT | text='“Adminnya goblok banget, kerjaan simple aja nggak becus.”' | label=Abusive | conf=0.758 | latency=2.6ms
2026-04-24 03:25:07 | INFO | hate_detect | PREDICT | text='“Lu goblok banget sih, hal kayak gini aja gak ngerti”' | label=Abusive | conf=0.928 | latency=8.8ms
2026-04-24 03:25:14 | INFO | hate_detect | PREDICT | text='“Ngomongnya kosong, otak dipake dikit lah”' | label=Abusive | conf=0.660 | latency=5.3ms
2026-04-24 03:25:22 | INFO | hate_detect | PREDICT | text='“Anjir sistemnya error terus, nyebelin banget”' | label=Abusive | conf=0.996 | latency=13.8ms
2026-04-24 03:25:29 | INFO | hate_detect | PREDICT | text='“Ini aplikasi bangsat, crash mulu”' | label=Abusive | conf=1.000 | latency=5.1ms
2026-04-24 03:25:36 | INFO | hate_detect | PREDICT | text='“Pelayanan kayak gini bikin kesel, kacau banget”' | label=Hate Speech | conf=0.815 | latency=7.8ms
2026-04-24 03:26:01 | INFO | hate_detect | PREDICT | text='“Kerjaannya berantakan, parah sih”' | label=Normal | conf=0.685 | latency=2.5ms
2026-04-24 03:26:18 | INFO | hate_detect | PREDICT | text='“Orang dari kelompok itu memang selalu bikin masalah”' | label=Hate Speech | conf=0.555 | latency=1.6ms
2026-04-24 03:26:24 | INFO | hate_detect | PREDICT | text='“Dasar etnis itu, gak bisa dipercaya”' | label=Hate Speech | conf=0.908 | latency=3.0ms
2026-04-24 03:26:32 | INFO | hate_detect | PREDICT | text='“Perempuan gak cocok kerja di bidang ini, pasti gagal”' | label=Normal | conf=0.744 | latency=3.0ms
2026-04-24 03:26:45 | INFO | hate_detect | PREDICT | text='“Laki-laki dari kelompok itu selalu toxic”' | label=Abusive | conf=0.396 | latency=1.0ms
2026-04-24 03:26:55 | INFO | hate_detect | PREDICT | text='“Semua orang miskin itu malas, gak ada yang niat kerja”' | label=Normal | conf=0.582 | latency=1.0ms
2026-04-24 03:27:08 | INFO | hate_detect | PREDICT | text='“Anak kampus itu sok pintar padahal kosong”' | label=Hate Speech | conf=0.668 | latency=1.0ms
2026-04-24 03:27:16 | INFO | hate_detect | PREDICT | text='“Pendukung partai itu emang bodoh semua”' | label=Hate Speech | conf=0.624 | latency=2.1ms
2026-04-24 03:27:22 | INFO | hate_detect | PREDICT | text='“Kalau dari kubu itu pasti tukang hoax”' | label=Hate Speech | conf=0.791 | latency=1.7ms
2026-04-24 03:27:43 | INFO | hate_detect | PREDICT | text='“Pantes negara kacau kalau isinya orang kayak mereka”' | label=Hate Speech | conf=0.858 | latency=2.6ms
2026-04-24 04:22:58 | INFO | hate_detect | PREDICT | text='“Laki-laki dari kelompok itu selalu toxic”' | label=Abusive | conf=0.396 | latency=2.6ms
2026-04-24 04:23:33 | INFO | hate_detect | PREDICT | text='“Pantes negara kacau kalau isinya orang kayak mereka”' | label=Hate Speech | conf=0.858 | latency=2.1ms
2026-04-24 04:23:48 | INFO | hate_detect | PREDICT | text='“Perempuan gak cocok kerja di bidang ini, pasti gagal”' | label=Normal | conf=0.744 | latency=0.0ms
2026-04-24 13:26:57 | INFO | hate_detect | PREDICT | text='“Pantes negara kacau kalau isinya orang kayak mereka”' | label=Hate Speech | conf=0.858 | latency=18.8ms
2026-04-24 13:27:04 | INFO | hate_detect | PREDICT | text='“Laki-laki dari kelompok itu selalu toxic”' | label=Abusive | conf=0.396 | latency=3.0ms
2026-04-24 13:27:15 | INFO | hate_detect | PREDICT | text='“Laki-laki dari sunda itu selalu toxic”' | label=Abusive | conf=0.400 | latency=4.2ms
2026-04-24 13:27:32 | INFO | hate_detect | PREDICT | text='“Laki-laki dari jawa itu selalu toxic”' | label=Normal | conf=0.447 | latency=2.5ms
2026-04-24 13:27:44 | INFO | hate_detect | PREDICT | text='“Laki-laki dari sunda itu selalu kasar”' | label=Normal | conf=0.487 | latency=1.0ms
2026-04-24 13:27:53 | INFO | hate_detect | PREDICT | text='“Laki-laki dari sunda itu selalu kampret”' | label=Abusive | conf=0.961 | latency=1.0ms
2026-04-24 13:28:02 | INFO | hate_detect | PREDICT | text='“Laki-laki dari sunda itu selalu kurang ajar”' | label=Normal | conf=0.425 | latency=1.0ms
2026-04-24 13:28:10 | INFO | hate_detect | PREDICT | text='“Laki-laki dari sunda itu selalu kurangajar”' | label=Abusive | conf=0.400 | latency=2.5ms
2026-04-24 13:28:20 | INFO | hate_detect | PREDICT | text='“Laki-laki dari sunda itu selalu keparat”' | label=Abusive | conf=0.975 | latency=1.0ms
2026-04-24 13:28:27 | INFO | hate_detect | PREDICT | text='“Pantes negara kacau kalau isinya orang kayak mereka”' | label=Hate Speech | conf=0.858 | latency=0.5ms
2026-04-24 14:01:09 | INFO | hate_detect | PREDICT | text='“Orang dari kelompok itu memang selalu bikin masalah”
“Dasar' | label=Hate Speech | conf=0.907 | latency=3.5ms
2026-04-24 14:01:24 | INFO | hate_detect | PREDICT | text='“Orang dari kelompok itu memang selalu bikin masalah”
“Dasar' | label=Hate Speech | conf=0.663 | latency=4.5ms
2026-04-24 14:01:39 | INFO | hate_detect | PREDICT | text='“Semua orang miskin itu malas, gak ada yang niat kerja”
“Ana' | label=Hate Speech | conf=0.517 | latency=5.1ms
2026-04-24 14:01:47 | INFO | hate_detect | PREDICT | text='“Pendukung partai itu emang bodoh semua”
“Kalau dari kubu it' | label=Hate Speech | conf=0.853 | latency=3.7ms
2026-04-24 14:02:15 | INFO | hate_detect | PREDICT | text='“Lu goblok banget sih, hal kayak gini aja gak ngerti”
“Ngomo' | label=Abusive | conf=0.947 | latency=1.0ms
2026-04-24 14:02:22 | INFO | hate_detect | PREDICT | text='“Pelayanan kayak gini bikin kesel, kacau banget”
“Kerjaannya' | label=Hate Speech | conf=0.720 | latency=5.1ms
2026-04-24 14:37:52 | INFO | hate_detect | PREDICT | text='pekok bgt ik moso ngene wae rak iso' | label=Abusive | conf=0.947 | latency=11.0ms
2026-04-24 14:38:10 | INFO | hate_detect | PREDICT | text='kampret bgt di layani ne elek pol' | label=Abusive | conf=0.939 | latency=5.7ms
2026-04-24 14:41:10 | INFO | hate_detect | PREDICT | text='jancuk arek malang pekok pekok adab e' | label=Abusive | conf=0.986 | latency=5.9ms
2026-04-24 14:42:23 | INFO | hate_detect | PREDICT | text='jancok wong semarang randue adab blas' | label=Abusive | conf=0.795 | latency=10.6ms
2026-04-24 14:42:38 | INFO | hate_detect | PREDICT | text='jancok wong semarang rak ndue adab blas' | label=Abusive | conf=0.879 | latency=6.6ms
2026-04-24 14:45:37 | INFO | hate_detect | PREDICT | text='asu ik pemerintah rak ono aturan blas' | label=Abusive | conf=0.637 | latency=8.5ms
2026-04-24 14:47:39 | INFO | hate_detect | PREDICT | text='“Pendukung partai itu emang bodoh semua”
“Kalau dari kubu it' | label=Hate Speech | conf=0.853 | latency=1.0ms
2026-04-24 15:50:07 | INFO | hate_detect | PREDICT | text='Lu goblok banget sih, hal gini aja gak ngerti”
“Ngomong koso' | label=Abusive | conf=0.662 | latency=20.2ms
2026-04-24 15:50:17 | INFO | hate_detect | PREDICT | text='“Lu goblok banget sih, hal gini aja gak ngerti”' | label=Abusive | conf=0.990 | latency=3.0ms
2026-04-24 15:50:25 | INFO | hate_detect | PREDICT | text='“Ngomong kosong terus, otak dipake dikit lah”' | label=Abusive | conf=0.633 | latency=1.0ms
2026-04-24 15:50:33 | INFO | hate_detect | PREDICT | text='“Aplikasi ini sampah banget, crash mulu”' | label=Abusive | conf=0.553 | latency=2.6ms
2026-04-24 15:50:40 | INFO | hate_detect | PREDICT | text='“Pelayanan kayak gini bikin kesel, kacau total”' | label=Hate Speech | conf=0.698 | latency=2.7ms
2026-04-24 15:50:52 | INFO | hate_detect | PREDICT | text='“Argumen lu lemah banget, gak ada isinya”' | label=Abusive | conf=0.436 | latency=3.3ms
2026-04-24 15:50:59 | INFO | hate_detect | PREDICT | text='“Kerjaan lu berantakan banget, parah sih”' | label=Normal | conf=0.489 | latency=3.8ms
2026-04-24 15:51:19 | INFO | hate_detect | PREDICT | text='“Kerjaan lu kacau banget, parah sih”' | label=Hate Speech | conf=0.662 | latency=2.5ms
2026-04-24 15:51:27 | INFO | hate_detect | PREDICT | text='“Dari tadi ngomong tapi gak ada yang masuk akal”' | label=Normal | conf=0.641 | latency=0.0ms
2026-04-24 15:51:51 | INFO | hate_detect | PREDICT | text='“Sistem begini bikin emosi, capek banget”' | label=Abusive | conf=0.671 | latency=2.6ms
2026-04-24 15:51:57 | INFO | hate_detect | PREDICT | text='“Lu nyebelin banget sumpah, gak jelas”' | label=Abusive | conf=0.703 | latency=0.5ms
2026-04-24 15:52:03 | INFO | hate_detect | PREDICT | text='“Kualitasnya jelek banget, buang-buang waktu”' | label=Hate Speech | conf=0.935 | latency=1.5ms
2026-04-24 15:52:21 | INFO | hate_detect | PREDICT | text='Kelompok agama itu selalu bikin masalah di mana-mana' | label=Normal | conf=0.575 | latency=3.6ms
2026-04-24 15:52:27 | INFO | hate_detect | PREDICT | text='“Orang dari etnis itu emang gak bisa dipercaya”' | label=Normal | conf=0.526 | latency=1.5ms
2026-04-24 15:52:34 | INFO | hate_detect | PREDICT | text='“Orang dari medan itu emang gak bisa dipercaya”' | label=Normal | conf=0.672 | latency=2.1ms
2026-04-24 15:52:46 | INFO | hate_detect | PREDICT | text='“Orang dari jawa itu emang gak bisa dipercaya”' | label=Normal | conf=0.815 | latency=8.1ms
2026-04-24 15:52:57 | INFO | hate_detect | PREDICT | text='Perempuan gak cocok di bidang ini, pasti gagal' | label=Normal | conf=0.732 | latency=4.8ms
2026-04-24 15:53:09 | INFO | hate_detect | PREDICT | text='Pendukung kubu itu isinya orang bodoh semua' | label=Hate Speech | conf=0.493 | latency=1.5ms
2026-04-24 15:53:20 | INFO | hate_detect | PREDICT | text='Orang miskin itu malas, makanya hidupnya begitu' | label=Normal | conf=0.778 | latency=6.8ms
2026-04-24 15:56:24 | INFO | hate_detect | PREDICT | text='Kamu dongo ya, kerjaanmu selalu bikin masalah.' | label=Hate Speech | conf=0.968 | latency=9.3ms
2026-04-24 15:56:32 | INFO | hate_detect | PREDICT | text='Berhenti bicara, omonganmu cuma bikin orang kesal.' | label=Abusive | conf=0.431 | latency=4.1ms
2026-04-24 15:56:41 | INFO | hate_detect | PREDICT | text='Berhenti bicara deh, omonganmu cuma bikin orang kesal.' | label=Abusive | conf=0.431 | latency=1.5ms
2026-04-24 15:56:50 | INFO | hate_detect | PREDICT | text='Kamu benar-benar memalukan dan tidak berguna di sini' | label=Normal | conf=0.500 | latency=0.0ms
2026-04-24 15:57:06 | INFO | hate_detect | PREDICT | text='Kelompok jawir itu tidak pantas ada di sini.' | label=Normal | conf=0.500 | latency=0.0ms
2026-04-24 15:57:13 | INFO | hate_detect | PREDICT | text='Kelompok jawa itu tidak pantas ada di sini.' | label=Normal | conf=0.500 | latency=0.0ms
2026-04-24 15:57:34 | INFO | hate_detect | PREDICT | text='Semua orang dari antek mulyono adalah masalah bagi negara in' | label=Normal | conf=0.557 | latency=4.5ms
2026-04-24 15:57:43 | INFO | hate_detect | PREDICT | text='Semua orang dari antek jokowi adalah masalah bagi negara ini' | label=Hate Speech | conf=0.939 | latency=2.8ms
2026-04-24 15:58:00 | INFO | hate_detect | PREDICT | text='Usir orang papua dari lingkungan ini.' | label=Normal | conf=0.591 | latency=7.4ms
2026-04-24 15:58:07 | INFO | hate_detect | PREDICT | text='Usir orang jawa dari lingkungan ini.' | label=Hate Speech | conf=0.609 | latency=5.8ms
2026-04-24 17:56:56 | INFO | hate_detect | PREDICT | text='Dasar orang tolol, udah dibilangin berkali-kali tetep aja be' | label=Abusive | conf=0.996 | latency=7.6ms
2026-04-24 17:57:15 | INFO | hate_detect | PREDICT | text='"Woy anjing, beraninya cuma di sosmed doang lu, sini kalau b' | label=Abusive | conf=0.992 | latency=8.4ms
2026-04-24 17:57:22 | INFO | hate_detect | PREDICT | text='"Gila ya lu, kelakuan udah kayak sampah masyarakat aja, naji' | label=Abusive | conf=0.928 | latency=10.3ms
2026-04-24 17:57:41 | INFO | hate_detect | PREDICT | text='"Orang-orang dari JAWA itu memang dasarnya pemalas dan licik' | label=Hate Speech | conf=0.837 | latency=10.2ms
2026-04-24 17:58:01 | INFO | hate_detect | PREDICT | text='"Pantesan aja kelakuannya hancur, dasar penganut agama sesat' | label=Hate Speech | conf=0.782 | latency=9.5ms
2026-04-24 17:58:05 | INFO | hate_detect | PREDICT | text='"Pantesan aja kelakuannya hancur, dasar penganut aliran sesa' | label=Hate Speech | conf=0.797 | latency=7.4ms
2026-04-24 17:58:20 | INFO | hate_detect | PREDICT | text='Kelompok minoritas ras item ini bisanya cuma nyusahin pribum' | label=Hate Speech | conf=0.744 | latency=4.5ms
2026-04-24 17:58:51 | INFO | hate_detect | PREDICT | text='Dasar ras jawa hama anjing, kalian semua sampah dan pantesny' | label=Hate Speech | conf=0.715 | latency=2.0ms
2026-04-24 18:05:08 | INFO | hate_detect | Server shutdown complete.
2026-04-24 18:05:30 | INFO | hate_detect | Server starting — loading models...
2026-04-24 18:05:30 | INFO | hate_detect | Models loaded. Vocabulary: 6518 features.
2026-04-24 18:05:35 | ERROR | hate_detect | Prediction error: 'svm'
Traceback (most recent call last):
  File "D:\www\hate-speech\backend\main.py", line 139, in predict
    result = _predict_one(req.text)
  File "D:\www\hate-speech\backend\main.py", line 100, in _predict_one
    svm = MODEL_CACHE['svm']
KeyError: 'svm'
2026-04-24 18:06:45 | INFO | hate_detect | Server shutdown complete.
2026-04-24 18:06:53 | INFO | hate_detect | Server starting — loading models...
2026-04-24 18:06:53 | INFO | hate_detect | Models loaded. Vocabulary: 6518 features.
2026-04-24 18:06:53 | ERROR | hate_detect | Prediction error: X has 6518 features, but MultinomialNB is expecting 6682 features as input.
Traceback (most recent call last):
  File "D:\www\hate-speech\backend\main.py", line 142, in predict
    result = _predict_one(req.text)
  File "D:\www\hate-speech\backend\main.py", line 102, in _predict_one
    label = mnb.predict(X)[0]
  File "D:\miniconda3\envs\hate-speech\lib\site-packages\sklearn\naive_bayes.py", line 105, in predict
    X = self._check_X(X)
  File "D:\miniconda3\envs\hate-speech\lib\site-packages\sklearn\naive_bayes.py", line 577, in _check_X
    return validate_data(self, X, accept_sparse="csr", reset=False)
  File "D:\miniconda3\envs\hate-speech\lib\site-packages\sklearn\utils\validation.py", line 2975, in validate_data
    _check_n_features(_estimator, X, reset=reset)
  File "D:\miniconda3\envs\hate-speech\lib\site-packages\sklearn\utils\validation.py", line 2839, in _check_n_features
    raise ValueError(
ValueError: X has 6518 features, but MultinomialNB is expecting 6682 features as input.
2026-04-24 18:07:10 | INFO | hate_detect | Server shutdown complete.
2026-04-24 18:07:16 | INFO | hate_detect | Server starting — loading models...
2026-04-24 18:07:16 | INFO | hate_detect | Models loaded. Vocabulary: 6518 features.
2026-04-24 18:07:16 | INFO | hate_detect | PREDICT | text='Dasar ras jawa hama anjing, kalian semua sampah dan pantesny' | label=Hate Speech | conf=0.715 | latency=8.8ms
2026-04-24 18:07:24 | INFO | hate_detect | PREDICT | text='Dasar ras jawa hama anjing, kalian semua sampah dan pantesny' | label=Hate Speech | conf=0.715 | latency=5.6ms
2026-04-24 18:07:24 | INFO | hate_detect | Server shutdown complete.
2026-04-24 18:07:29 | INFO | hate_detect | Server starting — loading models...
2026-04-24 18:07:29 | INFO | hate_detect | Models loaded. Vocabulary: 6518 features.
2026-04-24 18:07:29 | INFO | hate_detect | PREDICT | text='Kelompok minoritas ras item ini bisanya cuma nyusahin pribum' | label=Hate Speech | conf=0.744 | latency=4.7ms
2026-04-24 18:07:32 | INFO | hate_detect | Server shutdown complete.
2026-04-24 18:07:42 | INFO | hate_detect | Server starting — loading models...
2026-04-24 18:07:42 | INFO | hate_detect | Models loaded. Vocabulary: 6518 features.
2026-04-24 18:07:47 | INFO | hate_detect | PREDICT | text='"Gila ya lu, kelakuan udah kayak sampah masyarakat aja, naji' | label=Abusive | conf=0.928 | latency=8.1ms
2026-04-24 18:07:49 | INFO | hate_detect | PREDICT | text='Kelompok minoritas ras item ini bisanya cuma nyusahin pribum' | label=Hate Speech | conf=0.744 | latency=6.1ms
2026-04-24 18:14:30 | INFO | hate_detect | Server shutdown complete.
2026-04-24 18:14:42 | INFO | hate_detect | Server starting — loading models...
2026-04-24 18:14:42 | INFO | hate_detect | Models loaded. Vocabulary: 6518 features.
2026-04-24 18:19:31 | INFO | hate_detect | Server shutdown complete.
2026-04-24 18:19:35 | INFO | hate_detect | Server starting — loading models...
2026-04-24 18:19:35 | INFO | hate_detect | Models loaded: svm, mnb, cnb. Vocabulary: 6518 features.
2026-04-24 18:19:41 | INFO | hate_detect | Server shutdown complete.
2026-04-24 18:19:47 | INFO | hate_detect | Server starting — loading models...
2026-04-24 18:19:47 | INFO | hate_detect | Models loaded: svm, mnb, cnb. Vocabulary: 6518 features.
2026-04-24 18:22:43 | INFO | hate_detect | Server shutdown complete.
2026-04-24 18:23:04 | INFO | hate_detect | Server starting — loading models...
2026-04-24 18:23:04 | INFO | hate_detect | Models loaded: svm, mnb, cnb. Vocabulary: 6518 features.
2026-04-24 18:23:20 | ERROR | hate_detect | Prediction error: 'PredictRequest' object has no attribute 'model_type'
Traceback (most recent call last):
  File "D:\www\hate-speech\backend\main.py", line 194, in predict
    result = _predict_one(req.text, req.model_type)
  File "D:\miniconda3\envs\hate-speech\lib\site-packages\pydantic\main.py", line 734, in __getattr__
    raise AttributeError(f'{type(self).__name__!r} object has no attribute {item!r}')
AttributeError: 'PredictRequest' object has no attribute 'model_type'
2026-04-24 18:23:24 | ERROR | hate_detect | Prediction error: 'PredictRequest' object has no attribute 'model_type'
Traceback (most recent call last):
  File "D:\www\hate-speech\backend\main.py", line 194, in predict
    result = _predict_one(req.text, req.model_type)
  File "D:\miniconda3\envs\hate-speech\lib\site-packages\pydantic\main.py", line 734, in __getattr__
    raise AttributeError(f'{type(self).__name__!r} object has no attribute {item!r}')
AttributeError: 'PredictRequest' object has no attribute 'model_type'
2026-04-24 18:23:41 | ERROR | hate_detect | Prediction error: 'PredictRequest' object has no attribute 'model_type'
Traceback (most recent call last):
  File "D:\www\hate-speech\backend\main.py", line 194, in predict
    result = _predict_one(req.text, req.model_type)
  File "D:\miniconda3\envs\hate-speech\lib\site-packages\pydantic\main.py", line 734, in __getattr__
    raise AttributeError(f'{type(self).__name__!r} object has no attribute {item!r}')
AttributeError: 'PredictRequest' object has no attribute 'model_type'
2026-04-24 18:24:31 | INFO | hate_detect | Server shutdown complete.
2026-04-24 18:24:40 | INFO | hate_detect | Server starting — loading models...
2026-04-24 18:24:40 | INFO | hate_detect | Models loaded: svm, mnb, cnb. Vocabulary: 6518 features.
2026-04-24 18:24:43 | INFO | hate_detect | PREDICT | model=svm | text='Kelompok minoritas ras item ini bisanya cuma nyusahin pribum' | label=Hate Speech | conf=0.744 | latency=12.3ms
2026-04-24 18:24:45 | INFO | hate_detect | PREDICT | model=svm | text='"Gila ya lu, kelakuan udah kayak sampah masyarakat aja, naji' | label=Abusive | conf=0.928 | latency=2.7ms
2026-04-24 18:24:55 | INFO | hate_detect | PREDICT | model=svm | text='Semua orang dari kelompok itu tidak layak ada di negeri ini.' | label=Hate Speech | conf=0.512 | latency=2.1ms
2026-04-24 18:24:59 | INFO | hate_detect | PREDICT | model=svm | text='Dasar bodoh, nggak bisa ngerjain hal paling sepele sekalipun' | label=Hate Speech | conf=0.960 | latency=1.0ms
2026-04-24 18:25:09 | INFO | hate_detect | PREDICT | model=svm | text='Cuaca hari ini cerah banget, cocok buat jalan-jalan ke taman' | label=Normal | conf=0.804 | latency=2.0ms
2026-04-24 18:25:13 | ERROR | hate_detect | Prediction error: X has 6518 features, but MultinomialNB is expecting 6682 features as input.
Traceback (most recent call last):
  File "D:\www\hate-speech\backend\main.py", line 194, in predict
    result = _predict_one(req.text, req.model_type)
  File "D:\www\hate-speech\backend\main.py", line 148, in _predict_one
    label = model.predict(X)[0]
  File "D:\miniconda3\envs\hate-speech\lib\site-packages\sklearn\naive_bayes.py", line 105, in predict
    X = self._check_X(X)
  File "D:\miniconda3\envs\hate-speech\lib\site-packages\sklearn\naive_bayes.py", line 577, in _check_X
    return validate_data(self, X, accept_sparse="csr", reset=False)
  File "D:\miniconda3\envs\hate-speech\lib\site-packages\sklearn\utils\validation.py", line 2975, in validate_data
    _check_n_features(_estimator, X, reset=reset)
  File "D:\miniconda3\envs\hate-speech\lib\site-packages\sklearn\utils\validation.py", line 2839, in _check_n_features
    raise ValueError(
ValueError: X has 6518 features, but MultinomialNB is expecting 6682 features as input.
2026-04-24 18:25:14 | ERROR | hate_detect | Prediction error: X has 6518 features, but MultinomialNB is expecting 6682 features as input.
Traceback (most recent call last):
  File "D:\www\hate-speech\backend\main.py", line 194, in predict
    result = _predict_one(req.text, req.model_type)
  File "D:\www\hate-speech\backend\main.py", line 148, in _predict_one
    label = model.predict(X)[0]
  File "D:\miniconda3\envs\hate-speech\lib\site-packages\sklearn\naive_bayes.py", line 105, in predict
    X = self._check_X(X)
  File "D:\miniconda3\envs\hate-speech\lib\site-packages\sklearn\naive_bayes.py", line 577, in _check_X
    return validate_data(self, X, accept_sparse="csr", reset=False)
  File "D:\miniconda3\envs\hate-speech\lib\site-packages\sklearn\utils\validation.py", line 2975, in validate_data
    _check_n_features(_estimator, X, reset=reset)
  File "D:\miniconda3\envs\hate-speech\lib\site-packages\sklearn\utils\validation.py", line 2839, in _check_n_features
    raise ValueError(
ValueError: X has 6518 features, but MultinomialNB is expecting 6682 features as input.
2026-04-24 18:25:17 | ERROR | hate_detect | Prediction error: X has 6518 features, but ComplementNB is expecting 6682 features as input.
Traceback (most recent call last):
  File "D:\www\hate-speech\backend\main.py", line 194, in predict
    result = _predict_one(req.text, req.model_type)
  File "D:\www\hate-speech\backend\main.py", line 148, in _predict_one
    label = model.predict(X)[0]
  File "D:\miniconda3\envs\hate-speech\lib\site-packages\sklearn\naive_bayes.py", line 105, in predict
    X = self._check_X(X)
  File "D:\miniconda3\envs\hate-speech\lib\site-packages\sklearn\naive_bayes.py", line 577, in _check_X
    return validate_data(self, X, accept_sparse="csr", reset=False)
  File "D:\miniconda3\envs\hate-speech\lib\site-packages\sklearn\utils\validation.py", line 2975, in validate_data
    _check_n_features(_estimator, X, reset=reset)
  File "D:\miniconda3\envs\hate-speech\lib\site-packages\sklearn\utils\validation.py", line 2839, in _check_n_features
    raise ValueError(
ValueError: X has 6518 features, but ComplementNB is expecting 6682 features as input.
2026-04-24 18:25:48 | ERROR | hate_detect | Prediction error: X has 6518 features, but MultinomialNB is expecting 6682 features as input.
Traceback (most recent call last):
  File "D:\www\hate-speech\backend\main.py", line 194, in predict
    result = _predict_one(req.text, req.model_type)
  File "D:\www\hate-speech\backend\main.py", line 148, in _predict_one
    label = model.predict(X)[0]
  File "D:\miniconda3\envs\hate-speech\lib\site-packages\sklearn\naive_bayes.py", line 105, in predict
    X = self._check_X(X)
  File "D:\miniconda3\envs\hate-speech\lib\site-packages\sklearn\naive_bayes.py", line 577, in _check_X
    return validate_data(self, X, accept_sparse="csr", reset=False)
  File "D:\miniconda3\envs\hate-speech\lib\site-packages\sklearn\utils\validation.py", line 2975, in validate_data
    _check_n_features(_estimator, X, reset=reset)
  File "D:\miniconda3\envs\hate-speech\lib\site-packages\sklearn\utils\validation.py", line 2839, in _check_n_features
    raise ValueError(
ValueError: X has 6518 features, but MultinomialNB is expecting 6682 features as input.
2026-04-24 18:30:44 | INFO | hate_detect | Server shutdown complete.
2026-04-24 18:30:50 | INFO | hate_detect | Server starting — loading models...
2026-04-24 18:30:50 | INFO | hate_detect | Models loaded: svm, mnb, cnb. Vocabulary: 6518 features.
2026-04-24 18:30:53 | INFO | hate_detect | PREDICT | model=svm | text='Cuaca hari ini cerah banget, cocok buat jalan-jalan ke taman' | label=Normal | conf=0.804 | latency=2.5ms
2026-04-24 18:30:55 | INFO | hate_detect | PREDICT | model=svm | text='Dasar bodoh, nggak bisa ngerjain hal paling sepele sekalipun' | label=Hate Speech | conf=0.960 | latency=1.0ms
2026-04-24 18:30:56 | INFO | hate_detect | PREDICT | model=svm | text='"Gila ya lu, kelakuan udah kayak sampah masyarakat aja, naji' | label=Abusive | conf=0.928 | latency=3.4ms
2026-04-24 18:31:00 | INFO | hate_detect | PREDICT | model=svm | text='Cuaca hari ini cerah banget, cocok buat jalan-jalan ke taman' | label=Normal | conf=0.804 | latency=2.8ms
2026-04-24 18:31:02 | INFO | hate_detect | PREDICT | model=svm | text='"Gila ya lu, kelakuan udah kayak sampah masyarakat aja, naji' | label=Abusive | conf=0.928 | latency=1.0ms
2026-04-24 18:31:04 | INFO | hate_detect | PREDICT | model=svm | text='Dasar bodoh, nggak bisa ngerjain hal paling sepele sekalipun' | label=Hate Speech | conf=0.960 | latency=2.6ms
2026-04-24 18:31:10 | INFO | hate_detect | PREDICT | model=mnb | text='Dasar bodoh, nggak bisa ngerjain hal paling sepele sekalipun' | label=Hate Speech | conf=0.813 | latency=1.5ms
2026-04-24 18:31:13 | INFO | hate_detect | PREDICT | model=svm | text='Cuaca hari ini cerah banget, cocok buat jalan-jalan ke taman' | label=Normal | conf=0.804 | latency=1.0ms
2026-04-24 18:31:17 | INFO | hate_detect | PREDICT | model=mnb | text='Cuaca hari ini cerah banget, cocok buat jalan-jalan ke taman' | label=Normal | conf=0.654 | latency=2.8ms
2026-04-24 18:31:20 | INFO | hate_detect | PREDICT | model=svm | text='"Gila ya lu, kelakuan udah kayak sampah masyarakat aja, naji' | label=Abusive | conf=0.928 | latency=1.0ms
2026-04-24 18:31:23 | INFO | hate_detect | PREDICT | model=mnb | text='"Gila ya lu, kelakuan udah kayak sampah masyarakat aja, naji' | label=Hate Speech | conf=0.597 | latency=1.6ms
2026-04-24 18:31:29 | INFO | hate_detect | PREDICT | model=cnb | text='"Gila ya lu, kelakuan udah kayak sampah masyarakat aja, naji' | label=Abusive | conf=0.536 | latency=2.4ms
2026-04-24 18:31:35 | INFO | hate_detect | PREDICT | model=svm | text='"Gila ya lu, kelakuan udah kayak sampah masyarakat aja, naji' | label=Abusive | conf=0.928 | latency=0.5ms
2026-04-24 18:31:39 | INFO | hate_detect | PREDICT | model=cnb | text='"Gila ya lu, kelakuan udah kayak sampah masyarakat aja, naji' | label=Abusive | conf=0.536 | latency=3.0ms
2026-04-24 18:31:42 | INFO | hate_detect | PREDICT | model=mnb | text='"Gila ya lu, kelakuan udah kayak sampah masyarakat aja, naji' | label=Hate Speech | conf=0.597 | latency=1.5ms
2026-04-24 18:31:45 | INFO | hate_detect | PREDICT | model=mnb | text='Cuaca hari ini cerah banget, cocok buat jalan-jalan ke taman' | label=Normal | conf=0.654 | latency=1.5ms
2026-04-24 18:31:47 | INFO | hate_detect | PREDICT | model=mnb | text='Cuaca hari ini cerah banget, cocok buat jalan-jalan ke taman' | label=Normal | conf=0.654 | latency=1.5ms
2026-04-24 18:31:50 | INFO | hate_detect | PREDICT | model=svm | text='Cuaca hari ini cerah banget, cocok buat jalan-jalan ke taman' | label=Normal | conf=0.804 | latency=0.5ms
2026-04-24 18:31:54 | INFO | hate_detect | PREDICT | model=cnb | text='Cuaca hari ini cerah banget, cocok buat jalan-jalan ke taman' | label=Normal | conf=0.527 | latency=1.5ms
2026-04-24 18:31:59 | INFO | hate_detect | PREDICT | model=svm | text='Dasar bodoh, nggak bisa ngerjain hal paling sepele sekalipun' | label=Hate Speech | conf=0.960 | latency=1.0ms
2026-04-24 18:32:02 | INFO | hate_detect | PREDICT | model=svm | text='Dasar bodoh, nggak bisa ngerjain hal paling sepele sekalipun' | label=Hate Speech | conf=0.960 | latency=1.0ms
2026-04-24 18:32:05 | INFO | hate_detect | PREDICT | model=mnb | text='Dasar bodoh, nggak bisa ngerjain hal paling sepele sekalipun' | label=Hate Speech | conf=0.813 | latency=1.3ms
2026-04-24 18:32:07 | INFO | hate_detect | PREDICT | model=cnb | text='Dasar bodoh, nggak bisa ngerjain hal paling sepele sekalipun' | label=Hate Speech | conf=0.580 | latency=2.1ms
2026-04-24 18:32:11 | INFO | hate_detect | PREDICT | model=svm | text='Semua orang dari kelompok itu tidak layak ada di negeri ini.' | label=Hate Speech | conf=0.512 | latency=1.5ms
2026-04-24 18:32:14 | INFO | hate_detect | PREDICT | model=mnb | text='Semua orang dari kelompok itu tidak layak ada di negeri ini.' | label=Hate Speech | conf=0.541 | latency=1.5ms
2026-04-24 18:32:16 | INFO | hate_detect | PREDICT | model=cnb | text='Semua orang dari kelompok itu tidak layak ada di negeri ini.' | label=Hate Speech | conf=0.431 | latency=3.1ms
2026-04-24 18:34:14 | INFO | hate_detect | PREDICT | model=svm | text='“Orang dari golongan itu gak layak dipercaya sama sekali”' | label=Normal | conf=0.499 | latency=4.1ms
2026-04-24 18:34:16 | INFO | hate_detect | PREDICT | model=mnb | text='“Orang dari golongan itu gak layak dipercaya sama sekali”' | label=Normal | conf=0.497 | latency=1.5ms
2026-04-24 18:34:19 | INFO | hate_detect | PREDICT | model=cnb | text='“Orang dari golongan itu gak layak dipercaya sama sekali”' | label=Hate Speech | conf=0.387 | latency=1.9ms
2026-04-24 18:34:36 | INFO | hate_detect | PREDICT | model=cnb | text='“Kualitasnya jelek banget, buang-buang waktu”' | label=Hate Speech | conf=0.535 | latency=1.0ms
2026-04-24 18:34:38 | INFO | hate_detect | PREDICT | model=mnb | text='“Kualitasnya jelek banget, buang-buang waktu”' | label=Hate Speech | conf=0.700 | latency=2.4ms
2026-04-24 18:34:41 | INFO | hate_detect | PREDICT | model=svm | text='“Kualitasnya jelek banget, buang-buang waktu”' | label=Hate Speech | conf=0.935 | latency=1.4ms
2026-04-24 18:35:18 | INFO | hate_detect | PREDICT | model=svm | text='Semua orang dari kelompok itu tidak layak ada di negeri ini.' | label=Hate Speech | conf=0.512 | latency=1.0ms
2026-04-24 18:35:21 | INFO | hate_detect | PREDICT | model=mnb | text='Semua orang dari kelompok itu tidak layak ada di negeri ini.' | label=Hate Speech | conf=0.541 | latency=2.0ms
2026-04-24 18:35:23 | INFO | hate_detect | PREDICT | model=cnb | text='Semua orang dari kelompok itu tidak layak ada di negeri ini.' | label=Hate Speech | conf=0.431 | latency=1.0ms
2026-04-24 18:35:26 | INFO | hate_detect | PREDICT | model=cnb | text='Selamat pagi, semoga harimu penuh kebaikan dan semangat!' | label=Normal | conf=0.567 | latency=9.8ms
2026-04-24 18:35:28 | INFO | hate_detect | PREDICT | model=mnb | text='Selamat pagi, semoga harimu penuh kebaikan dan semangat!' | label=Normal | conf=0.799 | latency=3.3ms
2026-04-24 18:35:30 | INFO | hate_detect | PREDICT | model=svm | text='Selamat pagi, semoga harimu penuh kebaikan dan semangat!' | label=Normal | conf=0.809 | latency=1.0ms
2026-04-25 01:02:20 | INFO | httpx | HTTP Request: GET http://testserver/models "HTTP/1.1 200 OK"
2026-04-25 01:02:41 | INFO | hate_detect | Server starting — loading models...
2026-04-25 01:02:51 | INFO | hate_detect | IndoBERT loaded from: D:\www\hate-speech\models\indobert_hate_speech_model
2026-04-25 01:02:51 | INFO | hate_detect | Models loaded: svm, mnb, cnb, indobert. Vocabulary: 6518 features.
2026-04-25 01:02:51 | INFO | httpx | HTTP Request: GET http://testserver/models "HTTP/1.1 200 OK"
2026-04-25 01:02:51 | INFO | hate_detect | Server shutdown complete.
2026-04-25 01:03:22 | INFO | hate_detect | Server starting — loading models...
2026-04-25 01:03:32 | INFO | hate_detect | IndoBERT loaded from: D:\www\hate-speech\models\indobert_hate_speech_model
2026-04-25 01:03:32 | INFO | hate_detect | Models loaded: svm, mnb, cnb, indobert. Vocabulary: 6518 features.
2026-04-25 01:03:32 | INFO | httpx | HTTP Request: GET http://testserver/models "HTTP/1.1 200 OK"
2026-04-25 01:03:32 | INFO | hate_detect | Server shutdown complete.
2026-04-25 01:04:44 | INFO | hate_detect | Server starting — loading models...
2026-04-25 01:05:34 | INFO | hate_detect | IndoBERT loaded from: D:\www\hate-speech\models\indobert_hate_speech_model
2026-04-25 01:05:34 | INFO | hate_detect | Models loaded: svm, mnb, cnb, indobert. Vocabulary: 6518 features.
2026-04-25 01:06:08 | INFO | hate_detect | PREDICT | model=cnb | text='Semua orang dari kelompok itu tidak layak ada di negeri ini.' | label=Hate Speech | conf=0.431 | latency=14.9ms
2026-04-25 01:06:12 | INFO | hate_detect | PREDICT | model=indobert | text='Semua orang dari kelompok itu tidak layak ada di negeri ini.' | label=LABEL_1 | conf=0.999 | latency=893.1ms
2026-04-25 01:06:20 | INFO | hate_detect | PREDICT | model=svm | text='Semua orang dari kelompok itu tidak layak ada di negeri ini.' | label=Hate Speech | conf=0.512 | latency=1.6ms
2026-04-25 01:06:24 | INFO | hate_detect | PREDICT | model=indobert | text='Semua orang dari kelompok itu tidak layak ada di negeri ini.' | label=LABEL_1 | conf=0.999 | latency=76.9ms
2026-04-25 01:06:30 | INFO | hate_detect | PREDICT | model=indobert | text='Dasar bodoh, nggak bisa ngerjain hal paling sepele sekalipun' | label=LABEL_0 | conf=0.983 | latency=116.0ms
2026-04-25 01:06:34 | INFO | hate_detect | PREDICT | model=indobert | text='Semua orang dari kelompok itu tidak layak ada di negeri ini.' | label=LABEL_1 | conf=0.999 | latency=105.3ms
2026-04-25 01:06:42 | INFO | hate_detect | PREDICT | model=indobert | text='Cuaca hari ini cerah banget, cocok buat jalan-jalan ke taman' | label=LABEL_0 | conf=0.999 | latency=71.4ms
2026-04-25 01:06:47 | INFO | hate_detect | PREDICT | model=indobert | text='Gue beneran muak sama kelakuan orang-orang kayak gitu, bajin' | label=LABEL_1 | conf=0.998 | latency=82.9ms
2026-04-25 01:07:19 | INFO | hate_detect | PREDICT | model=indobert | text='Dasar bodoh, nggak bisa ngerjain hal paling sepele sekalipun' | label=LABEL_0 | conf=0.983 | latency=85.5ms
2026-04-25 01:07:20 | INFO | hate_detect | Server shutdown complete.
2026-04-25 01:07:26 | INFO | hate_detect | Server starting — loading models...
2026-04-25 01:07:38 | INFO | hate_detect | IndoBERT loaded from: D:\www\hate-speech\models\indobert_hate_speech_model
2026-04-25 01:07:38 | INFO | hate_detect | Models loaded: svm, mnb, cnb, indobert. Vocabulary: 6518 features.
2026-04-25 01:07:38 | INFO | hate_detect | PREDICT | model=mnb | text='Semua orang dari kelompok itu tidak layak ada di negeri ini.' | label=Hate Speech | conf=0.541 | latency=1.6ms
2026-04-25 01:07:46 | INFO | hate_detect | PREDICT | model=mnb | text='Dasar bodoh, nggak bisa ngerjain hal paling sepele sekalipun' | label=Hate Speech | conf=0.813 | latency=1.7ms
2026-04-25 01:07:50 | INFO | hate_detect | PREDICT | model=svm | text='Dasar bodoh, nggak bisa ngerjain hal paling sepele sekalipun' | label=Hate Speech | conf=0.960 | latency=1.0ms
2026-04-25 01:07:57 | INFO | hate_detect | PREDICT | model=cnb | text='Dasar bodoh, nggak bisa ngerjain hal paling sepele sekalipun' | label=Hate Speech | conf=0.580 | latency=5.4ms
2026-04-25 01:08:00 | INFO | hate_detect | PREDICT | model=indobert | text='Dasar bodoh, nggak bisa ngerjain hal paling sepele sekalipun' | label=LABEL_0 | conf=0.983 | latency=163.2ms
2026-04-25 01:17:18 | INFO | hate_detect | PREDICT | model=svm | text='Dasar bodoh, nggak bisa ngerjain hal paling sepele sekalipun' | label=Hate Speech | conf=0.960 | latency=3.8ms
2026-04-25 01:17:21 | INFO | hate_detect | PREDICT | model=svm | text='Gue beneran muak sama kelakuan orang-orang kayak gitu, bajin' | label=Abusive | conf=0.726 | latency=26.5ms
2026-04-25 01:17:24 | INFO | hate_detect | PREDICT | model=svm | text='Semua orang dari kelompok itu tidak layak ada di negeri ini.' | label=Hate Speech | conf=0.512 | latency=2.0ms
2026-04-25 01:17:26 | INFO | hate_detect | PREDICT | model=svm | text='Selamat pagi, semoga harimu penuh kebaikan dan semangat!' | label=Normal | conf=0.809 | latency=2.5ms
2026-04-25 02:40:47 | INFO | hate_detect | PREDICT | model=indobert | text='Dasar bego, gitu aja gak becus kerja!' | label=LABEL_1 | conf=0.999 | latency=96.1ms
2026-04-25 02:40:48 | INFO | hate_detect | Server shutdown complete.
2026-04-25 02:40:55 | INFO | hate_detect | Server starting — loading models...
2026-04-25 02:41:05 | INFO | hate_detect | IndoBERT loaded from: D:\www\hate-speech\models\indobert_hate_speech_model
2026-04-25 02:41:05 | INFO | hate_detect | Models loaded: svm, mnb, cnb, indobert. Vocabulary: 6518 features.
2026-04-25 02:41:50 | INFO | hate_detect | PREDICT | model=indobert | text='Dasar bego, gitu aja gak becus kerja!' | label=Hate Speech | conf=0.999 | latency=136.7ms
2026-04-25 02:44:18 | INFO | hate_detect | PREDICT | model=svm | text='Selamat pagi, semoga harimu penuh kebaikan dan semangat!' | label=Normal | conf=0.809 | latency=20.3ms
2026-04-25 02:44:21 | INFO | hate_detect | PREDICT | model=svm | text='Semua orang dari kelompok itu tidak layak ada di negeri ini.' | label=Hate Speech | conf=0.512 | latency=1.6ms
2026-04-25 02:44:22 | INFO | hate_detect | PREDICT | model=svm | text='Gue beneran muak sama kelakuan orang-orang kayak gitu, bajin' | label=Abusive | conf=0.726 | latency=3.0ms
2026-04-25 02:44:25 | INFO | hate_detect | PREDICT | model=cnb | text='Dasar bodoh, nggak bisa ngerjain hal paling sepele sekalipun' | label=Hate Speech | conf=0.580 | latency=2.5ms
2026-04-25 02:44:27 | INFO | hate_detect | PREDICT | model=mnb | text='Semua orang dari kelompok itu tidak layak ada di negeri ini.' | label=Hate Speech | conf=0.541 | latency=1.3ms
2026-04-25 02:44:43 | INFO | hate_detect | PREDICT | model=svm | text='Selamat pagi, semoga harimu penuh kebaikan dan semangat!' | label=Normal | conf=0.809 | latency=1.0ms
2026-04-25 02:44:46 | INFO | hate_detect | PREDICT | model=indobert | text='Selamat pagi, semoga harimu penuh kebaikan dan semangat!' | label=Normal | conf=1.000 | latency=79.8ms
2026-04-25 02:44:48 | INFO | hate_detect | PREDICT | model=mnb | text='Semua orang dari kelompok itu tidak layak ada di negeri ini.' | label=Hate Speech | conf=0.541 | latency=2.0ms
2026-04-25 02:44:52 | INFO | hate_detect | PREDICT | model=indobert | text='Semua orang dari kelompok itu tidak layak ada di negeri ini.' | label=Hate Speech | conf=0.999 | latency=116.2ms
2026-04-25 02:44:54 | INFO | hate_detect | PREDICT | model=svm | text='Gue beneran muak sama kelakuan orang-orang kayak gitu, bajin' | label=Abusive | conf=0.726 | latency=2.5ms
2026-04-25 02:44:57 | INFO | hate_detect | PREDICT | model=indobert | text='Gue beneran muak sama kelakuan orang-orang kayak gitu, bajin' | label=Hate Speech | conf=0.998 | latency=88.8ms
2026-04-25 02:45:10 | INFO | hate_detect | PREDICT | model=indobert | text='Semua orang dari kelompok itu tidak layak ada di negeri ini.' | label=Hate Speech | conf=0.999 | latency=70.4ms
2026-04-25 02:45:13 | INFO | hate_detect | PREDICT | model=indobert | text='Gue beneran muak sama kelakuan orang-orang kayak gitu, bajin' | label=Hate Speech | conf=0.998 | latency=70.0ms
2026-04-25 02:45:15 | INFO | hate_detect | PREDICT | model=indobert | text='Selamat pagi, semoga harimu penuh kebaikan dan semangat!' | label=Normal | conf=1.000 | latency=67.5ms
2026-04-25 02:45:18 | INFO | hate_detect | PREDICT | model=indobert | text='Cuaca hari ini cerah banget, cocok buat jalan-jalan ke taman' | label=Normal | conf=0.999 | latency=75.2ms
2026-04-25 02:45:42 | INFO | hate_detect | PREDICT | model=indobert | text='Dasar bodoh, nggak bisa ngerjain hal paling sepele sekalipun' | label=Normal | conf=0.983 | latency=124.4ms
2026-04-25 02:45:55 | INFO | hate_detect | PREDICT | model=indobert | text='Berisik banget sih, mending lu diam aja anjing daripada biki' | label=Hate Speech | conf=0.998 | latency=76.5ms
2026-04-25 02:46:02 | INFO | hate_detect | PREDICT | model=indobert | text='Usir saja orang-orang itu dari sini, kaum mereka cuma bikin ' | label=Hate Speech | conf=0.999 | latency=74.3ms
2026-04-25 02:46:09 | INFO | hate_detect | PREDICT | model=indobert | text='Dasar bego, gitu aja gak becus kerja!' | label=Hate Speech | conf=0.999 | latency=67.6ms
2026-04-25 02:46:13 | INFO | hate_detect | PREDICT | model=svm | text='Dasar bego, gitu aja gak becus kerja!' | label=Abusive | conf=0.843 | latency=1.0ms
2026-04-25 02:46:15 | INFO | hate_detect | PREDICT | model=mnb | text='Dasar bego, gitu aja gak becus kerja!' | label=Hate Speech | conf=0.910 | latency=2.7ms
2026-04-25 02:46:18 | INFO | hate_detect | PREDICT | model=cnb | text='Dasar bego, gitu aja gak becus kerja!' | label=Hate Speech | conf=0.740 | latency=2.0ms
2026-04-25 02:46:26 | INFO | hate_detect | PREDICT | model=cnb | text='Berisik banget sih, mending lu diam aja anjing daripada biki' | label=Hate Speech | conf=0.595 | latency=1.0ms
2026-04-25 02:46:29 | INFO | hate_detect | PREDICT | model=indobert | text='Berisik banget sih, mending lu diam aja anjing daripada biki' | label=Hate Speech | conf=0.998 | latency=81.4ms
2026-04-25 02:46:32 | INFO | hate_detect | PREDICT | model=mnb | text='Berisik banget sih, mending lu diam aja anjing daripada biki' | label=Hate Speech | conf=0.818 | latency=3.3ms
2026-04-25 02:46:34 | INFO | hate_detect | PREDICT | model=svm | text='Berisik banget sih, mending lu diam aja anjing daripada biki' | label=Abusive | conf=0.923 | latency=1.0ms
2026-04-25 02:46:45 | INFO | hate_detect | PREDICT | model=indobert | text='Berisik banget sih, mending lu diam aja anjing daripada biki' | label=Hate Speech | conf=0.998 | latency=142.4ms
2026-04-25 02:49:24 | INFO | hate_detect | PREDICT | model=svm | text='Dasar bego, gitu aja gak becus kerja!' | label=Abusive | conf=0.843 | latency=3.6ms
2026-04-25 02:49:26 | INFO | hate_detect | PREDICT | model=svm | text='Usir saja orang-orang itu dari sini, mereka cuma bikin masal' | label=Hate Speech | conf=0.710 | latency=2.0ms
2026-04-25 02:49:28 | INFO | hate_detect | PREDICT | model=svm | text='Selamat pagi semuanya, semoga hari ini menyenangkan.' | label=Hate Speech | conf=0.470 | latency=3.7ms
2026-04-25 02:49:30 | INFO | hate_detect | PREDICT | model=svm | text='Kamu ini bodoh sekali, tidak usah sok tahu.' | label=Normal | conf=0.500 | latency=0.0ms
2026-04-25 02:49:32 | INFO | hate_detect | PREDICT | model=svm | text='Jangan kasih suara buat dia, dia pengkhianat.' | label=Hate Speech | conf=0.442 | latency=1.7ms
2026-04-25 02:49:34 | INFO | hate_detect | PREDICT | model=svm | text='Dasar bego, gitu aja gak becus kerja!' | label=Abusive | conf=0.843 | latency=1.1ms
2026-04-25 02:49:36 | INFO | hate_detect | PREDICT | model=svm | text='Usir saja orang-orang itu dari sini, mereka cuma bikin masal' | label=Hate Speech | conf=0.710 | latency=1.0ms
2026-04-25 02:49:38 | INFO | hate_detect | PREDICT | model=svm | text='Selamat pagi semuanya, semoga hari ini menyenangkan.' | label=Hate Speech | conf=0.470 | latency=2.0ms
2026-04-25 02:49:40 | INFO | hate_detect | PREDICT | model=svm | text='Kamu ini bodoh sekali, tidak usah sok tahu.' | label=Normal | conf=0.500 | latency=0.0ms
2026-04-25 02:49:42 | INFO | hate_detect | PREDICT | model=svm | text='Jangan kasih suara buat dia, dia pengkhianat.' | label=Hate Speech | conf=0.442 | latency=1.5ms
2026-04-25 02:49:44 | INFO | hate_detect | PREDICT | model=svm | text='Dasar bego, gitu aja gak becus kerja!' | label=Abusive | conf=0.843 | latency=2.1ms
2026-04-25 02:49:46 | INFO | hate_detect | PREDICT | model=svm | text='Usir saja orang-orang itu dari sini, mereka cuma bikin masal' | label=Hate Speech | conf=0.710 | latency=3.0ms
2026-04-25 02:49:48 | INFO | hate_detect | PREDICT | model=svm | text='Selamat pagi semuanya, semoga hari ini menyenangkan.' | label=Hate Speech | conf=0.470 | latency=1.1ms
2026-04-25 02:49:50 | INFO | hate_detect | PREDICT | model=svm | text='Kamu ini bodoh sekali, tidak usah sok tahu.' | label=Normal | conf=0.500 | latency=0.0ms
2026-04-25 02:49:52 | INFO | hate_detect | PREDICT | model=svm | text='Jangan kasih suara buat dia, dia pengkhianat.' | label=Hate Speech | conf=0.442 | latency=2.1ms
2026-04-25 02:50:06 | INFO | hate_detect | PREDICT | model=svm | text='Dasar bego, gitu aja gak becus kerja!' | label=Abusive | conf=0.843 | latency=2.6ms
2026-04-25 02:50:09 | INFO | hate_detect | PREDICT | model=svm | text='Usir saja orang-orang itu dari sini, mereka cuma bikin masal' | label=Hate Speech | conf=0.710 | latency=2.8ms
2026-04-25 02:50:11 | INFO | hate_detect | PREDICT | model=svm | text='Selamat pagi semuanya, semoga hari ini menyenangkan.' | label=Hate Speech | conf=0.470 | latency=4.1ms
2026-04-25 02:50:13 | INFO | hate_detect | PREDICT | model=svm | text='Kamu ini bodoh sekali, tidak usah sok tahu.' | label=Normal | conf=0.500 | latency=0.0ms
2026-04-25 02:50:15 | INFO | hate_detect | PREDICT | model=svm | text='Jangan kasih suara buat dia, dia pengkhianat.' | label=Hate Speech | conf=0.442 | latency=5.3ms
2026-04-25 02:50:17 | INFO | hate_detect | PREDICT | model=svm | text='Dasar bego, gitu aja gak becus kerja!' | label=Abusive | conf=0.843 | latency=1.0ms
2026-04-25 02:50:19 | INFO | hate_detect | PREDICT | model=svm | text='Usir saja orang-orang itu dari sini, mereka cuma bikin masal' | label=Hate Speech | conf=0.710 | latency=3.4ms
2026-04-25 02:50:21 | INFO | hate_detect | PREDICT | model=svm | text='Selamat pagi semuanya, semoga hari ini menyenangkan.' | label=Hate Speech | conf=0.470 | latency=1.3ms
2026-04-25 02:51:01 | INFO | hate_detect | PREDICT | model=svm | text='Dasar bego, gitu aja gak becus kerja!' | label=Abusive | conf=0.843 | latency=1.1ms
2026-04-25 02:51:01 | INFO | hate_detect | PREDICT | model=svm | text='Usir saja orang-orang itu dari sini, mereka cuma bikin masal' | label=Hate Speech | conf=0.710 | latency=2.2ms
2026-04-25 02:51:01 | INFO | hate_detect | PREDICT | model=svm | text='Selamat pagi semuanya, semoga hari ini menyenangkan.' | label=Hate Speech | conf=0.470 | latency=1.6ms
2026-04-25 02:51:01 | INFO | hate_detect | PREDICT | model=svm | text='Kamu ini bodoh sekali, tidak usah sok tahu.' | label=Normal | conf=0.500 | latency=0.0ms
2026-04-25 02:51:01 | INFO | hate_detect | PREDICT | model=svm | text='Jangan kasih suara buat dia, dia pengkhianat.' | label=Hate Speech | conf=0.442 | latency=1.9ms
2026-04-25 02:51:01 | INFO | hate_detect | PREDICT | model=svm | text='Dasar bego, gitu aja gak becus kerja!' | label=Abusive | conf=0.843 | latency=3.4ms
2026-04-25 02:51:01 | INFO | hate_detect | PREDICT | model=svm | text='Usir saja orang-orang itu dari sini, mereka cuma bikin masal' | label=Hate Speech | conf=0.710 | latency=2.0ms
2026-04-25 02:51:01 | INFO | hate_detect | PREDICT | model=svm | text='Selamat pagi semuanya, semoga hari ini menyenangkan.' | label=Hate Speech | conf=0.470 | latency=1.0ms
2026-04-25 02:51:01 | INFO | hate_detect | PREDICT | model=svm | text='Kamu ini bodoh sekali, tidak usah sok tahu.' | label=Normal | conf=0.500 | latency=0.0ms
2026-04-25 02:51:01 | INFO | hate_detect | PREDICT | model=svm | text='Jangan kasih suara buat dia, dia pengkhianat.' | label=Hate Speech | conf=0.442 | latency=3.7ms
2026-04-25 02:51:01 | INFO | hate_detect | PREDICT | model=svm | text='Dasar bego, gitu aja gak becus kerja!' | label=Abusive | conf=0.843 | latency=1.5ms
2026-04-25 02:51:01 | INFO | hate_detect | PREDICT | model=svm | text='Usir saja orang-orang itu dari sini, mereka cuma bikin masal' | label=Hate Speech | conf=0.710 | latency=1.0ms
2026-04-25 02:51:01 | INFO | hate_detect | PREDICT | model=svm | text='Selamat pagi semuanya, semoga hari ini menyenangkan.' | label=Hate Speech | conf=0.470 | latency=1.5ms
2026-04-25 02:51:01 | INFO | hate_detect | PREDICT | model=svm | text='Kamu ini bodoh sekali, tidak usah sok tahu.' | label=Normal | conf=0.500 | latency=0.0ms
2026-04-25 02:51:01 | INFO | hate_detect | PREDICT | model=svm | text='Jangan kasih suara buat dia, dia pengkhianat.' | label=Hate Speech | conf=0.442 | latency=3.5ms
2026-04-25 02:51:01 | INFO | hate_detect | PREDICT | model=svm | text='Dasar bego, gitu aja gak becus kerja!' | label=Abusive | conf=0.843 | latency=5.0ms
2026-04-25 02:51:01 | INFO | hate_detect | PREDICT | model=svm | text='Usir saja orang-orang itu dari sini, mereka cuma bikin masal' | label=Hate Speech | conf=0.710 | latency=5.5ms
2026-04-25 02:51:01 | INFO | hate_detect | PREDICT | model=svm | text='Selamat pagi semuanya, semoga hari ini menyenangkan.' | label=Hate Speech | conf=0.470 | latency=3.0ms
2026-04-25 02:51:01 | INFO | hate_detect | PREDICT | model=svm | text='Kamu ini bodoh sekali, tidak usah sok tahu.' | label=Normal | conf=0.500 | latency=0.0ms
2026-04-25 02:51:01 | INFO | hate_detect | PREDICT | model=svm | text='Jangan kasih suara buat dia, dia pengkhianat.' | label=Hate Speech | conf=0.442 | latency=5.5ms
2026-04-25 02:51:01 | INFO | hate_detect | PREDICT | model=svm | text='Dasar bego, gitu aja gak becus kerja!' | label=Abusive | conf=0.843 | latency=3.2ms
2026-04-25 02:51:01 | INFO | hate_detect | PREDICT | model=svm | text='Usir saja orang-orang itu dari sini, mereka cuma bikin masal' | label=Hate Speech | conf=0.710 | latency=2.0ms
2026-04-25 02:51:01 | INFO | hate_detect | PREDICT | model=svm | text='Selamat pagi semuanya, semoga hari ini menyenangkan.' | label=Hate Speech | conf=0.470 | latency=5.4ms
2026-04-25 02:51:01 | INFO | hate_detect | PREDICT | model=svm | text='Kamu ini bodoh sekali, tidak usah sok tahu.' | label=Normal | conf=0.500 | latency=0.0ms
2026-04-25 02:51:01 | INFO | hate_detect | PREDICT | model=svm | text='Jangan kasih suara buat dia, dia pengkhianat.' | label=Hate Speech | conf=0.442 | latency=3.2ms
2026-04-25 02:51:01 | INFO | hate_detect | PREDICT | model=svm | text='Dasar bego, gitu aja gak becus kerja!' | label=Abusive | conf=0.843 | latency=4.2ms
2026-04-25 02:51:01 | INFO | hate_detect | PREDICT | model=svm | text='Usir saja orang-orang itu dari sini, mereka cuma bikin masal' | label=Hate Speech | conf=0.710 | latency=3.4ms
2026-04-25 02:51:01 | INFO | hate_detect | PREDICT | model=svm | text='Selamat pagi semuanya, semoga hari ini menyenangkan.' | label=Hate Speech | conf=0.470 | latency=5.8ms
2026-04-25 02:51:01 | INFO | hate_detect | PREDICT | model=svm | text='Kamu ini bodoh sekali, tidak usah sok tahu.' | label=Normal | conf=0.500 | latency=0.0ms
2026-04-25 02:51:01 | INFO | hate_detect | PREDICT | model=svm | text='Jangan kasih suara buat dia, dia pengkhianat.' | label=Hate Speech | conf=0.442 | latency=4.8ms
2026-04-25 02:51:01 | INFO | hate_detect | PREDICT | model=svm | text='Dasar bego, gitu aja gak becus kerja!' | label=Abusive | conf=0.843 | latency=2.1ms
2026-04-25 02:51:01 | INFO | hate_detect | PREDICT | model=svm | text='Usir saja orang-orang itu dari sini, mereka cuma bikin masal' | label=Hate Speech | conf=0.710 | latency=1.5ms
2026-04-25 02:51:01 | INFO | hate_detect | PREDICT | model=svm | text='Selamat pagi semuanya, semoga hari ini menyenangkan.' | label=Hate Speech | conf=0.470 | latency=2.1ms
2026-04-25 02:51:01 | INFO | hate_detect | PREDICT | model=svm | text='Kamu ini bodoh sekali, tidak usah sok tahu.' | label=Normal | conf=0.500 | latency=0.0ms
2026-04-25 02:51:01 | INFO | hate_detect | PREDICT | model=svm | text='Jangan kasih suara buat dia, dia pengkhianat.' | label=Hate Speech | conf=0.442 | latency=1.9ms
2026-04-25 02:51:01 | INFO | hate_detect | PREDICT | model=svm | text='Dasar bego, gitu aja gak becus kerja!' | label=Abusive | conf=0.843 | latency=4.2ms
2026-04-25 02:51:01 | INFO | hate_detect | PREDICT | model=svm | text='Usir saja orang-orang itu dari sini, mereka cuma bikin masal' | label=Hate Speech | conf=0.710 | latency=2.7ms
2026-04-25 02:51:01 | INFO | hate_detect | PREDICT | model=svm | text='Selamat pagi semuanya, semoga hari ini menyenangkan.' | label=Hate Speech | conf=0.470 | latency=1.0ms
2026-04-25 02:51:01 | INFO | hate_detect | PREDICT | model=svm | text='Kamu ini bodoh sekali, tidak usah sok tahu.' | label=Normal | conf=0.500 | latency=0.0ms
2026-04-25 02:51:01 | INFO | hate_detect | PREDICT | model=svm | text='Jangan kasih suara buat dia, dia pengkhianat.' | label=Hate Speech | conf=0.442 | latency=2.8ms
2026-04-25 02:51:01 | INFO | hate_detect | PREDICT | model=svm | text='Dasar bego, gitu aja gak becus kerja!' | label=Abusive | conf=0.843 | latency=2.5ms
2026-04-25 02:51:01 | INFO | hate_detect | PREDICT | model=svm | text='Usir saja orang-orang itu dari sini, mereka cuma bikin masal' | label=Hate Speech | conf=0.710 | latency=5.5ms
2026-04-25 02:51:02 | INFO | hate_detect | PREDICT | model=svm | text='Selamat pagi semuanya, semoga hari ini menyenangkan.' | label=Hate Speech | conf=0.470 | latency=2.6ms
2026-04-25 02:51:02 | INFO | hate_detect | PREDICT | model=svm | text='Kamu ini bodoh sekali, tidak usah sok tahu.' | label=Normal | conf=0.500 | latency=0.0ms
2026-04-25 02:51:02 | INFO | hate_detect | PREDICT | model=svm | text='Jangan kasih suara buat dia, dia pengkhianat.' | label=Hate Speech | conf=0.442 | latency=1.0ms
2026-04-25 02:51:02 | INFO | hate_detect | PREDICT | model=svm | text='Dasar bego, gitu aja gak becus kerja!' | label=Abusive | conf=0.843 | latency=5.0ms
2026-04-25 02:51:02 | INFO | hate_detect | PREDICT | model=svm | text='Usir saja orang-orang itu dari sini, mereka cuma bikin masal' | label=Hate Speech | conf=0.710 | latency=0.5ms
2026-04-25 02:51:02 | INFO | hate_detect | PREDICT | model=svm | text='Selamat pagi semuanya, semoga hari ini menyenangkan.' | label=Hate Speech | conf=0.470 | latency=1.6ms
2026-04-25 02:51:02 | INFO | hate_detect | PREDICT | model=svm | text='Kamu ini bodoh sekali, tidak usah sok tahu.' | label=Normal | conf=0.500 | latency=0.0ms
2026-04-25 02:51:02 | INFO | hate_detect | PREDICT | model=svm | text='Jangan kasih suara buat dia, dia pengkhianat.' | label=Hate Speech | conf=0.442 | latency=6.6ms
2026-04-25 02:51:02 | INFO | hate_detect | PREDICT | model=svm | text='Dasar bego, gitu aja gak becus kerja!' | label=Abusive | conf=0.843 | latency=2.5ms
2026-04-25 02:51:02 | INFO | hate_detect | PREDICT | model=svm | text='Usir saja orang-orang itu dari sini, mereka cuma bikin masal' | label=Hate Speech | conf=0.710 | latency=2.0ms
2026-04-25 02:51:02 | INFO | hate_detect | PREDICT | model=svm | text='Selamat pagi semuanya, semoga hari ini menyenangkan.' | label=Hate Speech | conf=0.470 | latency=1.0ms
2026-04-25 02:51:02 | INFO | hate_detect | PREDICT | model=svm | text='Kamu ini bodoh sekali, tidak usah sok tahu.' | label=Normal | conf=0.500 | latency=0.0ms
2026-04-25 02:51:02 | INFO | hate_detect | PREDICT | model=svm | text='Jangan kasih suara buat dia, dia pengkhianat.' | label=Hate Speech | conf=0.442 | latency=1.0ms
2026-04-25 02:51:02 | INFO | hate_detect | PREDICT | model=svm | text='Dasar bego, gitu aja gak becus kerja!' | label=Abusive | conf=0.843 | latency=1.3ms
2026-04-25 02:51:02 | INFO | hate_detect | PREDICT | model=svm | text='Usir saja orang-orang itu dari sini, mereka cuma bikin masal' | label=Hate Speech | conf=0.710 | latency=2.6ms
2026-04-25 02:51:02 | INFO | hate_detect | PREDICT | model=svm | text='Selamat pagi semuanya, semoga hari ini menyenangkan.' | label=Hate Speech | conf=0.470 | latency=1.5ms
2026-04-25 02:51:02 | INFO | hate_detect | PREDICT | model=svm | text='Kamu ini bodoh sekali, tidak usah sok tahu.' | label=Normal | conf=0.500 | latency=0.0ms
2026-04-25 02:51:02 | INFO | hate_detect | PREDICT | model=svm | text='Jangan kasih suara buat dia, dia pengkhianat.' | label=Hate Speech | conf=0.442 | latency=1.6ms
2026-04-25 02:51:02 | INFO | hate_detect | PREDICT | model=svm | text='Dasar bego, gitu aja gak becus kerja!' | label=Abusive | conf=0.843 | latency=1.8ms
2026-04-25 02:51:02 | INFO | hate_detect | PREDICT | model=svm | text='Usir saja orang-orang itu dari sini, mereka cuma bikin masal' | label=Hate Speech | conf=0.710 | latency=3.1ms
2026-04-25 02:51:02 | INFO | hate_detect | PREDICT | model=svm | text='Selamat pagi semuanya, semoga hari ini menyenangkan.' | label=Hate Speech | conf=0.470 | latency=2.5ms
2026-04-25 02:51:02 | INFO | hate_detect | PREDICT | model=svm | text='Kamu ini bodoh sekali, tidak usah sok tahu.' | label=Normal | conf=0.500 | latency=0.0ms
2026-04-25 02:51:02 | INFO | hate_detect | PREDICT | model=svm | text='Jangan kasih suara buat dia, dia pengkhianat.' | label=Hate Speech | conf=0.442 | latency=1.0ms
2026-04-25 02:51:02 | INFO | hate_detect | PREDICT | model=svm | text='Dasar bego, gitu aja gak becus kerja!' | label=Abusive | conf=0.843 | latency=1.0ms
2026-04-25 02:51:02 | INFO | hate_detect | PREDICT | model=svm | text='Usir saja orang-orang itu dari sini, mereka cuma bikin masal' | label=Hate Speech | conf=0.710 | latency=4.1ms
2026-04-25 02:51:02 | INFO | hate_detect | PREDICT | model=svm | text='Selamat pagi semuanya, semoga hari ini menyenangkan.' | label=Hate Speech | conf=0.470 | latency=4.6ms
2026-04-25 02:51:02 | INFO | hate_detect | PREDICT | model=svm | text='Kamu ini bodoh sekali, tidak usah sok tahu.' | label=Normal | conf=0.500 | latency=0.0ms
2026-04-25 02:51:02 | INFO | hate_detect | PREDICT | model=svm | text='Jangan kasih suara buat dia, dia pengkhianat.' | label=Hate Speech | conf=0.442 | latency=2.6ms
2026-04-25 02:51:02 | INFO | hate_detect | PREDICT | model=svm | text='Dasar bego, gitu aja gak becus kerja!' | label=Abusive | conf=0.843 | latency=2.5ms
2026-04-25 02:51:02 | INFO | hate_detect | PREDICT | model=svm | text='Usir saja orang-orang itu dari sini, mereka cuma bikin masal' | label=Hate Speech | conf=0.710 | latency=2.7ms
2026-04-25 02:51:02 | INFO | hate_detect | PREDICT | model=svm | text='Selamat pagi semuanya, semoga hari ini menyenangkan.' | label=Hate Speech | conf=0.470 | latency=3.1ms
2026-04-25 02:51:02 | INFO | hate_detect | PREDICT | model=svm | text='Kamu ini bodoh sekali, tidak usah sok tahu.' | label=Normal | conf=0.500 | latency=0.0ms
2026-04-25 02:51:02 | INFO | hate_detect | PREDICT | model=svm | text='Jangan kasih suara buat dia, dia pengkhianat.' | label=Hate Speech | conf=0.442 | latency=2.0ms
2026-04-25 02:51:02 | INFO | hate_detect | PREDICT | model=svm | text='Dasar bego, gitu aja gak becus kerja!' | label=Abusive | conf=0.843 | latency=2.5ms
2026-04-25 02:51:02 | INFO | hate_detect | PREDICT | model=svm | text='Usir saja orang-orang itu dari sini, mereka cuma bikin masal' | label=Hate Speech | conf=0.710 | latency=2.5ms
2026-04-25 02:51:02 | INFO | hate_detect | PREDICT | model=svm | text='Selamat pagi semuanya, semoga hari ini menyenangkan.' | label=Hate Speech | conf=0.470 | latency=1.7ms
2026-04-25 02:51:02 | INFO | hate_detect | PREDICT | model=svm | text='Kamu ini bodoh sekali, tidak usah sok tahu.' | label=Normal | conf=0.500 | latency=0.0ms
2026-04-25 02:51:02 | INFO | hate_detect | PREDICT | model=svm | text='Jangan kasih suara buat dia, dia pengkhianat.' | label=Hate Speech | conf=0.442 | latency=3.0ms
2026-04-25 02:51:02 | INFO | hate_detect | PREDICT | model=svm | text='Dasar bego, gitu aja gak becus kerja!' | label=Abusive | conf=0.843 | latency=3.9ms
2026-04-25 02:51:02 | INFO | hate_detect | PREDICT | model=svm | text='Usir saja orang-orang itu dari sini, mereka cuma bikin masal' | label=Hate Speech | conf=0.710 | latency=2.5ms
2026-04-25 02:51:02 | INFO | hate_detect | PREDICT | model=svm | text='Selamat pagi semuanya, semoga hari ini menyenangkan.' | label=Hate Speech | conf=0.470 | latency=2.0ms
2026-04-25 02:51:02 | INFO | hate_detect | PREDICT | model=svm | text='Kamu ini bodoh sekali, tidak usah sok tahu.' | label=Normal | conf=0.500 | latency=0.0ms
2026-04-25 02:51:02 | INFO | hate_detect | PREDICT | model=svm | text='Jangan kasih suara buat dia, dia pengkhianat.' | label=Hate Speech | conf=0.442 | latency=3.5ms
2026-04-25 02:51:02 | INFO | hate_detect | PREDICT | model=svm | text='Dasar bego, gitu aja gak becus kerja!' | label=Abusive | conf=0.843 | latency=1.5ms
2026-04-25 02:51:02 | INFO | hate_detect | PREDICT | model=svm | text='Usir saja orang-orang itu dari sini, mereka cuma bikin masal' | label=Hate Speech | conf=0.710 | latency=2.0ms
2026-04-25 02:51:02 | INFO | hate_detect | PREDICT | model=svm | text='Selamat pagi semuanya, semoga hari ini menyenangkan.' | label=Hate Speech | conf=0.470 | latency=2.0ms
2026-04-25 02:51:02 | INFO | hate_detect | PREDICT | model=svm | text='Kamu ini bodoh sekali, tidak usah sok tahu.' | label=Normal | conf=0.500 | latency=0.0ms
2026-04-25 02:51:02 | INFO | hate_detect | PREDICT | model=svm | text='Jangan kasih suara buat dia, dia pengkhianat.' | label=Hate Speech | conf=0.442 | latency=2.5ms
2026-04-25 02:51:03 | INFO | hate_detect | PREDICT | model=svm | text='Dasar bego, gitu aja gak becus kerja!' | label=Abusive | conf=0.843 | latency=3.0ms
2026-04-25 02:51:03 | INFO | hate_detect | PREDICT | model=svm | text='Usir saja orang-orang itu dari sini, mereka cuma bikin masal' | label=Hate Speech | conf=0.710 | latency=2.5ms
2026-04-25 02:51:03 | INFO | hate_detect | PREDICT | model=svm | text='Selamat pagi semuanya, semoga hari ini menyenangkan.' | label=Hate Speech | conf=0.470 | latency=3.1ms
2026-04-25 02:51:03 | INFO | hate_detect | PREDICT | model=svm | text='Kamu ini bodoh sekali, tidak usah sok tahu.' | label=Normal | conf=0.500 | latency=0.0ms
2026-04-25 02:51:03 | INFO | hate_detect | PREDICT | model=svm | text='Jangan kasih suara buat dia, dia pengkhianat.' | label=Hate Speech | conf=0.442 | latency=2.0ms
2026-04-25 02:51:03 | INFO | hate_detect | PREDICT | model=svm | text='Dasar bego, gitu aja gak becus kerja!' | label=Abusive | conf=0.843 | latency=2.5ms
2026-04-25 02:51:03 | INFO | hate_detect | PREDICT | model=svm | text='Usir saja orang-orang itu dari sini, mereka cuma bikin masal' | label=Hate Speech | conf=0.710 | latency=2.0ms
2026-04-25 02:51:03 | INFO | hate_detect | PREDICT | model=svm | text='Selamat pagi semuanya, semoga hari ini menyenangkan.' | label=Hate Speech | conf=0.470 | latency=2.1ms
2026-04-25 02:51:03 | INFO | hate_detect | PREDICT | model=svm | text='Kamu ini bodoh sekali, tidak usah sok tahu.' | label=Normal | conf=0.500 | latency=0.0ms
2026-04-25 02:51:03 | INFO | hate_detect | PREDICT | model=svm | text='Jangan kasih suara buat dia, dia pengkhianat.' | label=Hate Speech | conf=0.442 | latency=1.5ms
2026-04-25 02:51:03 | INFO | hate_detect | PREDICT | model=svm | text='Dasar bego, gitu aja gak becus kerja!' | label=Abusive | conf=0.843 | latency=2.5ms
2026-04-25 02:51:03 | INFO | hate_detect | PREDICT | model=svm | text='Usir saja orang-orang itu dari sini, mereka cuma bikin masal' | label=Hate Speech | conf=0.710 | latency=2.0ms
2026-04-25 02:51:03 | INFO | hate_detect | PREDICT | model=svm | text='Selamat pagi semuanya, semoga hari ini menyenangkan.' | label=Hate Speech | conf=0.470 | latency=1.0ms
2026-04-25 02:51:03 | INFO | hate_detect | PREDICT | model=svm | text='Kamu ini bodoh sekali, tidak usah sok tahu.' | label=Normal | conf=0.500 | latency=0.0ms
2026-04-25 02:51:03 | INFO | hate_detect | PREDICT | model=svm | text='Jangan kasih suara buat dia, dia pengkhianat.' | label=Hate Speech | conf=0.442 | latency=1.0ms
2026-04-25 02:51:03 | INFO | hate_detect | PREDICT | model=svm | text='Dasar bego, gitu aja gak becus kerja!' | label=Abusive | conf=0.843 | latency=2.0ms
2026-04-25 02:51:03 | INFO | hate_detect | PREDICT | model=svm | text='Usir saja orang-orang itu dari sini, mereka cuma bikin masal' | label=Hate Speech | conf=0.710 | latency=2.1ms
2026-04-25 02:51:03 | INFO | hate_detect | PREDICT | model=svm | text='Selamat pagi semuanya, semoga hari ini menyenangkan.' | label=Hate Speech | conf=0.470 | latency=1.0ms
2026-04-25 02:51:03 | INFO | hate_detect | PREDICT | model=svm | text='Kamu ini bodoh sekali, tidak usah sok tahu.' | label=Normal | conf=0.500 | latency=0.0ms
2026-04-25 02:51:03 | INFO | hate_detect | PREDICT | model=svm | text='Jangan kasih suara buat dia, dia pengkhianat.' | label=Hate Speech | conf=0.442 | latency=1.0ms
2026-04-25 02:51:03 | INFO | hate_detect | PREDICT | model=svm | text='Dasar bego, gitu aja gak becus kerja!' | label=Abusive | conf=0.843 | latency=1.0ms
2026-04-25 02:51:03 | INFO | hate_detect | PREDICT | model=svm | text='Usir saja orang-orang itu dari sini, mereka cuma bikin masal' | label=Hate Speech | conf=0.710 | latency=1.0ms
2026-04-25 02:51:03 | INFO | hate_detect | PREDICT | model=svm | text='Selamat pagi semuanya, semoga hari ini menyenangkan.' | label=Hate Speech | conf=0.470 | latency=1.5ms
2026-04-25 02:51:03 | INFO | hate_detect | PREDICT | model=svm | text='Kamu ini bodoh sekali, tidak usah sok tahu.' | label=Normal | conf=0.500 | latency=0.0ms
2026-04-25 02:51:03 | INFO | hate_detect | PREDICT | model=svm | text='Jangan kasih suara buat dia, dia pengkhianat.' | label=Hate Speech | conf=0.442 | latency=4.0ms
2026-04-25 02:51:03 | INFO | hate_detect | PREDICT | model=svm | text='Dasar bego, gitu aja gak becus kerja!' | label=Abusive | conf=0.843 | latency=2.5ms
2026-04-25 02:51:03 | INFO | hate_detect | PREDICT | model=svm | text='Usir saja orang-orang itu dari sini, mereka cuma bikin masal' | label=Hate Speech | conf=0.710 | latency=3.0ms
2026-04-25 02:51:03 | INFO | hate_detect | PREDICT | model=svm | text='Selamat pagi semuanya, semoga hari ini menyenangkan.' | label=Hate Speech | conf=0.470 | latency=4.2ms
2026-04-25 02:51:03 | INFO | hate_detect | PREDICT | model=svm | text='Kamu ini bodoh sekali, tidak usah sok tahu.' | label=Normal | conf=0.500 | latency=0.0ms
2026-04-25 02:51:03 | INFO | hate_detect | PREDICT | model=svm | text='Jangan kasih suara buat dia, dia pengkhianat.' | label=Hate Speech | conf=0.442 | latency=5.2ms
2026-04-25 02:51:03 | INFO | hate_detect | PREDICT | model=svm | text='Dasar bego, gitu aja gak becus kerja!' | label=Abusive | conf=0.843 | latency=2.4ms
2026-04-25 02:51:03 | INFO | hate_detect | PREDICT | model=svm | text='Usir saja orang-orang itu dari sini, mereka cuma bikin masal' | label=Hate Speech | conf=0.710 | latency=3.0ms
2026-04-25 02:51:03 | INFO | hate_detect | PREDICT | model=svm | text='Selamat pagi semuanya, semoga hari ini menyenangkan.' | label=Hate Speech | conf=0.470 | latency=0.5ms
2026-04-25 02:51:03 | INFO | hate_detect | PREDICT | model=svm | text='Kamu ini bodoh sekali, tidak usah sok tahu.' | label=Normal | conf=0.500 | latency=0.0ms
2026-04-25 02:51:03 | INFO | hate_detect | PREDICT | model=svm | text='Jangan kasih suara buat dia, dia pengkhianat.' | label=Hate Speech | conf=0.442 | latency=1.5ms
2026-04-25 02:51:03 | INFO | hate_detect | PREDICT | model=svm | text='Dasar bego, gitu aja gak becus kerja!' | label=Abusive | conf=0.843 | latency=2.0ms
2026-04-25 02:51:03 | INFO | hate_detect | PREDICT | model=svm | text='Usir saja orang-orang itu dari sini, mereka cuma bikin masal' | label=Hate Speech | conf=0.710 | latency=2.5ms
2026-04-25 02:51:03 | INFO | hate_detect | PREDICT | model=svm | text='Selamat pagi semuanya, semoga hari ini menyenangkan.' | label=Hate Speech | conf=0.470 | latency=2.6ms
2026-04-25 02:51:03 | INFO | hate_detect | PREDICT | model=svm | text='Kamu ini bodoh sekali, tidak usah sok tahu.' | label=Normal | conf=0.500 | latency=0.0ms
2026-04-25 02:51:03 | INFO | hate_detect | PREDICT | model=svm | text='Jangan kasih suara buat dia, dia pengkhianat.' | label=Hate Speech | conf=0.442 | latency=2.4ms
2026-04-25 02:51:03 | INFO | hate_detect | PREDICT | model=svm | text='Dasar bego, gitu aja gak becus kerja!' | label=Abusive | conf=0.843 | latency=3.1ms
2026-04-25 02:51:03 | INFO | hate_detect | PREDICT | model=svm | text='Usir saja orang-orang itu dari sini, mereka cuma bikin masal' | label=Hate Speech | conf=0.710 | latency=1.6ms
2026-04-25 02:51:03 | INFO | hate_detect | PREDICT | model=svm | text='Selamat pagi semuanya, semoga hari ini menyenangkan.' | label=Hate Speech | conf=0.470 | latency=3.8ms
2026-04-25 02:51:03 | INFO | hate_detect | PREDICT | model=svm | text='Kamu ini bodoh sekali, tidak usah sok tahu.' | label=Normal | conf=0.500 | latency=0.0ms
2026-04-25 02:51:03 | INFO | hate_detect | PREDICT | model=svm | text='Jangan kasih suara buat dia, dia pengkhianat.' | label=Hate Speech | conf=0.442 | latency=3.4ms
2026-04-25 02:51:03 | INFO | hate_detect | PREDICT | model=svm | text='Dasar bego, gitu aja gak becus kerja!' | label=Abusive | conf=0.843 | latency=2.0ms
2026-04-25 02:51:03 | INFO | hate_detect | PREDICT | model=svm | text='Usir saja orang-orang itu dari sini, mereka cuma bikin masal' | label=Hate Speech | conf=0.710 | latency=1.2ms
2026-04-25 02:51:03 | INFO | hate_detect | PREDICT | model=svm | text='Selamat pagi semuanya, semoga hari ini menyenangkan.' | label=Hate Speech | conf=0.470 | latency=2.2ms
2026-04-25 02:51:03 | INFO | hate_detect | PREDICT | model=svm | text='Kamu ini bodoh sekali, tidak usah sok tahu.' | label=Normal | conf=0.500 | latency=0.0ms
2026-04-25 02:51:03 | INFO | hate_detect | PREDICT | model=svm | text='Jangan kasih suara buat dia, dia pengkhianat.' | label=Hate Speech | conf=0.442 | latency=1.0ms
2026-04-25 02:51:03 | INFO | hate_detect | PREDICT | model=svm | text='Dasar bego, gitu aja gak becus kerja!' | label=Abusive | conf=0.843 | latency=4.2ms
2026-04-25 02:51:03 | INFO | hate_detect | PREDICT | model=svm | text='Usir saja orang-orang itu dari sini, mereka cuma bikin masal' | label=Hate Speech | conf=0.710 | latency=3.6ms
2026-04-25 02:51:03 | INFO | hate_detect | PREDICT | model=svm | text='Selamat pagi semuanya, semoga hari ini menyenangkan.' | label=Hate Speech | conf=0.470 | latency=4.2ms
2026-04-25 02:51:03 | INFO | hate_detect | PREDICT | model=svm | text='Kamu ini bodoh sekali, tidak usah sok tahu.' | label=Normal | conf=0.500 | latency=0.0ms
2026-04-25 02:51:03 | INFO | hate_detect | PREDICT | model=svm | text='Jangan kasih suara buat dia, dia pengkhianat.' | label=Hate Speech | conf=0.442 | latency=2.0ms
2026-04-25 02:51:03 | INFO | hate_detect | PREDICT | model=svm | text='Dasar bego, gitu aja gak becus kerja!' | label=Abusive | conf=0.843 | latency=4.2ms
2026-04-25 02:51:03 | INFO | hate_detect | PREDICT | model=svm | text='Usir saja orang-orang itu dari sini, mereka cuma bikin masal' | label=Hate Speech | conf=0.710 | latency=3.1ms
2026-04-25 02:51:03 | INFO | hate_detect | PREDICT | model=svm | text='Selamat pagi semuanya, semoga hari ini menyenangkan.' | label=Hate Speech | conf=0.470 | latency=2.5ms
2026-04-25 02:51:03 | INFO | hate_detect | PREDICT | model=svm | text='Kamu ini bodoh sekali, tidak usah sok tahu.' | label=Normal | conf=0.500 | latency=0.0ms
2026-04-25 02:51:03 | INFO | hate_detect | PREDICT | model=svm | text='Jangan kasih suara buat dia, dia pengkhianat.' | label=Hate Speech | conf=0.442 | latency=3.3ms
2026-04-25 02:51:03 | INFO | hate_detect | PREDICT | model=svm | text='Dasar bego, gitu aja gak becus kerja!' | label=Abusive | conf=0.843 | latency=4.6ms
2026-04-25 02:51:03 | INFO | hate_detect | PREDICT | model=svm | text='Usir saja orang-orang itu dari sini, mereka cuma bikin masal' | label=Hate Speech | conf=0.710 | latency=2.5ms
2026-04-25 02:51:03 | INFO | hate_detect | PREDICT | model=svm | text='Selamat pagi semuanya, semoga hari ini menyenangkan.' | label=Hate Speech | conf=0.470 | latency=2.6ms
2026-04-25 02:51:03 | INFO | hate_detect | PREDICT | model=svm | text='Kamu ini bodoh sekali, tidak usah sok tahu.' | label=Normal | conf=0.500 | latency=0.0ms
2026-04-25 02:51:03 | INFO | hate_detect | PREDICT | model=svm | text='Jangan kasih suara buat dia, dia pengkhianat.' | label=Hate Speech | conf=0.442 | latency=1.5ms
2026-04-25 02:51:03 | INFO | hate_detect | PREDICT | model=svm | text='Dasar bego, gitu aja gak becus kerja!' | label=Abusive | conf=0.843 | latency=1.1ms
2026-04-25 02:51:03 | INFO | hate_detect | PREDICT | model=svm | text='Usir saja orang-orang itu dari sini, mereka cuma bikin masal' | label=Hate Speech | conf=0.710 | latency=1.0ms
2026-04-25 02:51:03 | INFO | hate_detect | PREDICT | model=svm | text='Selamat pagi semuanya, semoga hari ini menyenangkan.' | label=Hate Speech | conf=0.470 | latency=4.6ms
2026-04-25 02:51:03 | INFO | hate_detect | PREDICT | model=svm | text='Kamu ini bodoh sekali, tidak usah sok tahu.' | label=Normal | conf=0.500 | latency=0.0ms
2026-04-25 02:51:03 | INFO | hate_detect | PREDICT | model=svm | text='Jangan kasih suara buat dia, dia pengkhianat.' | label=Hate Speech | conf=0.442 | latency=3.6ms
2026-04-25 02:51:04 | INFO | hate_detect | PREDICT | model=svm | text='Dasar bego, gitu aja gak becus kerja!' | label=Abusive | conf=0.843 | latency=3.9ms
2026-04-25 02:51:04 | INFO | hate_detect | PREDICT | model=svm | text='Usir saja orang-orang itu dari sini, mereka cuma bikin masal' | label=Hate Speech | conf=0.710 | latency=5.3ms
2026-04-25 02:51:04 | INFO | hate_detect | PREDICT | model=svm | text='Selamat pagi semuanya, semoga hari ini menyenangkan.' | label=Hate Speech | conf=0.470 | latency=6.5ms
2026-04-25 02:51:04 | INFO | hate_detect | PREDICT | model=svm | text='Kamu ini bodoh sekali, tidak usah sok tahu.' | label=Normal | conf=0.500 | latency=0.0ms
2026-04-25 02:51:04 | INFO | hate_detect | PREDICT | model=svm | text='Jangan kasih suara buat dia, dia pengkhianat.' | label=Hate Speech | conf=0.442 | latency=2.6ms
2026-04-25 02:51:04 | INFO | hate_detect | PREDICT | model=svm | text='Dasar bego, gitu aja gak becus kerja!' | label=Abusive | conf=0.843 | latency=2.6ms
2026-04-25 02:51:04 | INFO | hate_detect | PREDICT | model=svm | text='Usir saja orang-orang itu dari sini, mereka cuma bikin masal' | label=Hate Speech | conf=0.710 | latency=2.5ms
2026-04-25 02:51:04 | INFO | hate_detect | PREDICT | model=svm | text='Selamat pagi semuanya, semoga hari ini menyenangkan.' | label=Hate Speech | conf=0.470 | latency=1.0ms
2026-04-25 02:51:04 | INFO | hate_detect | PREDICT | model=svm | text='Kamu ini bodoh sekali, tidak usah sok tahu.' | label=Normal | conf=0.500 | latency=0.0ms
2026-04-25 02:51:04 | INFO | hate_detect | PREDICT | model=svm | text='Jangan kasih suara buat dia, dia pengkhianat.' | label=Hate Speech | conf=0.442 | latency=1.5ms
2026-04-25 02:51:04 | INFO | hate_detect | PREDICT | model=svm | text='Dasar bego, gitu aja gak becus kerja!' | label=Abusive | conf=0.843 | latency=2.5ms
2026-04-25 02:51:04 | INFO | hate_detect | PREDICT | model=svm | text='Usir saja orang-orang itu dari sini, mereka cuma bikin masal' | label=Hate Speech | conf=0.710 | latency=2.1ms
2026-04-25 02:51:04 | INFO | hate_detect | PREDICT | model=svm | text='Selamat pagi semuanya, semoga hari ini menyenangkan.' | label=Hate Speech | conf=0.470 | latency=0.5ms
2026-04-25 02:51:04 | INFO | hate_detect | PREDICT | model=svm | text='Kamu ini bodoh sekali, tidak usah sok tahu.' | label=Normal | conf=0.500 | latency=0.0ms
2026-04-25 02:51:04 | INFO | hate_detect | PREDICT | model=svm | text='Jangan kasih suara buat dia, dia pengkhianat.' | label=Hate Speech | conf=0.442 | latency=5.4ms
2026-04-25 02:51:04 | INFO | hate_detect | PREDICT | model=svm | text='Dasar bego, gitu aja gak becus kerja!' | label=Abusive | conf=0.843 | latency=5.1ms
2026-04-25 02:51:04 | INFO | hate_detect | PREDICT | model=svm | text='Usir saja orang-orang itu dari sini, mereka cuma bikin masal' | label=Hate Speech | conf=0.710 | latency=7.0ms
2026-04-25 02:51:04 | INFO | hate_detect | PREDICT | model=svm | text='Selamat pagi semuanya, semoga hari ini menyenangkan.' | label=Hate Speech | conf=0.470 | latency=2.1ms
2026-04-25 02:51:04 | INFO | hate_detect | PREDICT | model=svm | text='Kamu ini bodoh sekali, tidak usah sok tahu.' | label=Normal | conf=0.500 | latency=0.0ms
2026-04-25 02:51:04 | INFO | hate_detect | PREDICT | model=svm | text='Jangan kasih suara buat dia, dia pengkhianat.' | label=Hate Speech | conf=0.442 | latency=1.6ms
2026-04-25 02:51:04 | INFO | hate_detect | PREDICT | model=svm | text='Dasar bego, gitu aja gak becus kerja!' | label=Abusive | conf=0.843 | latency=2.5ms
2026-04-25 02:51:04 | INFO | hate_detect | PREDICT | model=svm | text='Usir saja orang-orang itu dari sini, mereka cuma bikin masal' | label=Hate Speech | conf=0.710 | latency=5.4ms
2026-04-25 02:51:04 | INFO | hate_detect | PREDICT | model=svm | text='Selamat pagi semuanya, semoga hari ini menyenangkan.' | label=Hate Speech | conf=0.470 | latency=4.9ms
2026-04-25 02:51:04 | INFO | hate_detect | PREDICT | model=svm | text='Kamu ini bodoh sekali, tidak usah sok tahu.' | label=Normal | conf=0.500 | latency=0.0ms
2026-04-25 02:51:04 | INFO | hate_detect | PREDICT | model=svm | text='Jangan kasih suara buat dia, dia pengkhianat.' | label=Hate Speech | conf=0.442 | latency=6.0ms
2026-04-25 02:51:04 | INFO | hate_detect | PREDICT | model=svm | text='Dasar bego, gitu aja gak becus kerja!' | label=Abusive | conf=0.843 | latency=3.6ms
2026-04-25 02:51:04 | INFO | hate_detect | PREDICT | model=svm | text='Usir saja orang-orang itu dari sini, mereka cuma bikin masal' | label=Hate Speech | conf=0.710 | latency=3.0ms
2026-04-25 02:51:04 | INFO | hate_detect | PREDICT | model=svm | text='Selamat pagi semuanya, semoga hari ini menyenangkan.' | label=Hate Speech | conf=0.470 | latency=3.0ms
2026-04-25 02:51:04 | INFO | hate_detect | PREDICT | model=svm | text='Kamu ini bodoh sekali, tidak usah sok tahu.' | label=Normal | conf=0.500 | latency=0.0ms
2026-04-25 02:51:04 | INFO | hate_detect | PREDICT | model=svm | text='Jangan kasih suara buat dia, dia pengkhianat.' | label=Hate Speech | conf=0.442 | latency=2.6ms
2026-04-25 02:51:04 | INFO | hate_detect | PREDICT | model=svm | text='Dasar bego, gitu aja gak becus kerja!' | label=Abusive | conf=0.843 | latency=2.2ms
2026-04-25 02:51:04 | INFO | hate_detect | PREDICT | model=svm | text='Usir saja orang-orang itu dari sini, mereka cuma bikin masal' | label=Hate Speech | conf=0.710 | latency=2.6ms
2026-04-25 02:51:04 | INFO | hate_detect | PREDICT | model=svm | text='Selamat pagi semuanya, semoga hari ini menyenangkan.' | label=Hate Speech | conf=0.470 | latency=4.5ms
2026-04-25 02:51:04 | INFO | hate_detect | PREDICT | model=svm | text='Kamu ini bodoh sekali, tidak usah sok tahu.' | label=Normal | conf=0.500 | latency=0.0ms
2026-04-25 02:51:04 | INFO | hate_detect | PREDICT | model=svm | text='Jangan kasih suara buat dia, dia pengkhianat.' | label=Hate Speech | conf=0.442 | latency=3.0ms
2026-04-25 02:51:04 | INFO | hate_detect | PREDICT | model=svm | text='Dasar bego, gitu aja gak becus kerja!' | label=Abusive | conf=0.843 | latency=1.6ms
2026-04-25 02:51:04 | INFO | hate_detect | PREDICT | model=svm | text='Usir saja orang-orang itu dari sini, mereka cuma bikin masal' | label=Hate Speech | conf=0.710 | latency=2.3ms
2026-04-25 02:51:04 | INFO | hate_detect | PREDICT | model=svm | text='Selamat pagi semuanya, semoga hari ini menyenangkan.' | label=Hate Speech | conf=0.470 | latency=2.0ms
2026-04-25 02:51:04 | INFO | hate_detect | PREDICT | model=svm | text='Kamu ini bodoh sekali, tidak usah sok tahu.' | label=Normal | conf=0.500 | latency=0.0ms
2026-04-25 02:51:04 | INFO | hate_detect | PREDICT | model=svm | text='Jangan kasih suara buat dia, dia pengkhianat.' | label=Hate Speech | conf=0.442 | latency=0.0ms
2026-04-25 02:51:04 | INFO | hate_detect | PREDICT | model=svm | text='Dasar bego, gitu aja gak becus kerja!' | label=Abusive | conf=0.843 | latency=2.5ms
2026-04-25 02:51:04 | INFO | hate_detect | PREDICT | model=svm | text='Usir saja orang-orang itu dari sini, mereka cuma bikin masal' | label=Hate Speech | conf=0.710 | latency=1.1ms
2026-04-25 02:51:04 | INFO | hate_detect | PREDICT | model=svm | text='Selamat pagi semuanya, semoga hari ini menyenangkan.' | label=Hate Speech | conf=0.470 | latency=4.8ms
2026-04-25 02:51:04 | INFO | hate_detect | PREDICT | model=svm | text='Kamu ini bodoh sekali, tidak usah sok tahu.' | label=Normal | conf=0.500 | latency=0.0ms
2026-04-25 02:51:04 | INFO | hate_detect | PREDICT | model=svm | text='Jangan kasih suara buat dia, dia pengkhianat.' | label=Hate Speech | conf=0.442 | latency=2.0ms
2026-04-25 02:51:04 | INFO | hate_detect | PREDICT | model=svm | text='Dasar bego, gitu aja gak becus kerja!' | label=Abusive | conf=0.843 | latency=3.1ms
2026-04-25 02:51:04 | INFO | hate_detect | PREDICT | model=svm | text='Usir saja orang-orang itu dari sini, mereka cuma bikin masal' | label=Hate Speech | conf=0.710 | latency=2.0ms
2026-04-25 02:51:04 | INFO | hate_detect | PREDICT | model=svm | text='Selamat pagi semuanya, semoga hari ini menyenangkan.' | label=Hate Speech | conf=0.470 | latency=1.0ms
2026-04-25 02:51:05 | INFO | hate_detect | PREDICT | model=svm | text='Kamu ini bodoh sekali, tidak usah sok tahu.' | label=Normal | conf=0.500 | latency=0.0ms
2026-04-25 02:51:05 | INFO | hate_detect | PREDICT | model=svm | text='Jangan kasih suara buat dia, dia pengkhianat.' | label=Hate Speech | conf=0.442 | latency=2.6ms
2026-04-25 02:51:05 | INFO | hate_detect | PREDICT | model=svm | text='Dasar bego, gitu aja gak becus kerja!' | label=Abusive | conf=0.843 | latency=2.8ms
2026-04-25 02:51:05 | INFO | hate_detect | PREDICT | model=svm | text='Usir saja orang-orang itu dari sini, mereka cuma bikin masal' | label=Hate Speech | conf=0.710 | latency=5.1ms
2026-04-25 02:51:05 | INFO | hate_detect | PREDICT | model=svm | text='Selamat pagi semuanya, semoga hari ini menyenangkan.' | label=Hate Speech | conf=0.470 | latency=7.9ms
2026-04-25 02:51:05 | INFO | hate_detect | PREDICT | model=svm | text='Kamu ini bodoh sekali, tidak usah sok tahu.' | label=Normal | conf=0.500 | latency=0.0ms
2026-04-25 02:51:05 | INFO | hate_detect | PREDICT | model=svm | text='Jangan kasih suara buat dia, dia pengkhianat.' | label=Hate Speech | conf=0.442 | latency=2.1ms
2026-04-25 02:51:05 | INFO | hate_detect | PREDICT | model=svm | text='Dasar bego, gitu aja gak becus kerja!' | label=Abusive | conf=0.843 | latency=2.5ms
2026-04-25 02:51:05 | INFO | hate_detect | PREDICT | model=svm | text='Usir saja orang-orang itu dari sini, mereka cuma bikin masal' | label=Hate Speech | conf=0.710 | latency=1.8ms
2026-04-25 02:51:05 | INFO | hate_detect | PREDICT | model=svm | text='Selamat pagi semuanya, semoga hari ini menyenangkan.' | label=Hate Speech | conf=0.470 | latency=2.3ms
2026-04-25 02:51:05 | INFO | hate_detect | PREDICT | model=svm | text='Kamu ini bodoh sekali, tidak usah sok tahu.' | label=Normal | conf=0.500 | latency=0.0ms
2026-04-25 02:51:05 | INFO | hate_detect | PREDICT | model=svm | text='Jangan kasih suara buat dia, dia pengkhianat.' | label=Hate Speech | conf=0.442 | latency=5.8ms
2026-04-25 02:51:05 | INFO | hate_detect | PREDICT | model=svm | text='Dasar bego, gitu aja gak becus kerja!' | label=Abusive | conf=0.843 | latency=4.2ms
2026-04-25 02:51:05 | INFO | hate_detect | PREDICT | model=svm | text='Usir saja orang-orang itu dari sini, mereka cuma bikin masal' | label=Hate Speech | conf=0.710 | latency=4.2ms
2026-04-25 02:51:05 | INFO | hate_detect | PREDICT | model=svm | text='Selamat pagi semuanya, semoga hari ini menyenangkan.' | label=Hate Speech | conf=0.470 | latency=1.7ms
2026-04-25 02:51:05 | INFO | hate_detect | PREDICT | model=svm | text='Kamu ini bodoh sekali, tidak usah sok tahu.' | label=Normal | conf=0.500 | latency=0.0ms
2026-04-25 02:51:05 | INFO | hate_detect | PREDICT | model=svm | text='Jangan kasih suara buat dia, dia pengkhianat.' | label=Hate Speech | conf=0.442 | latency=1.0ms
2026-04-25 02:51:05 | INFO | hate_detect | PREDICT | model=svm | text='Dasar bego, gitu aja gak becus kerja!' | label=Abusive | conf=0.843 | latency=1.3ms
2026-04-25 02:51:05 | INFO | hate_detect | PREDICT | model=svm | text='Usir saja orang-orang itu dari sini, mereka cuma bikin masal' | label=Hate Speech | conf=0.710 | latency=1.5ms
2026-04-25 02:51:05 | INFO | hate_detect | PREDICT | model=svm | text='Selamat pagi semuanya, semoga hari ini menyenangkan.' | label=Hate Speech | conf=0.470 | latency=3.0ms
2026-04-25 02:51:05 | INFO | hate_detect | PREDICT | model=svm | text='Kamu ini bodoh sekali, tidak usah sok tahu.' | label=Normal | conf=0.500 | latency=0.0ms
2026-04-25 02:51:05 | INFO | hate_detect | PREDICT | model=svm | text='Jangan kasih suara buat dia, dia pengkhianat.' | label=Hate Speech | conf=0.442 | latency=3.0ms
2026-04-25 02:51:05 | INFO | hate_detect | PREDICT | model=svm | text='Dasar bego, gitu aja gak becus kerja!' | label=Abusive | conf=0.843 | latency=4.8ms
2026-04-25 02:51:05 | INFO | hate_detect | PREDICT | model=svm | text='Usir saja orang-orang itu dari sini, mereka cuma bikin masal' | label=Hate Speech | conf=0.710 | latency=1.5ms
2026-04-25 02:51:05 | INFO | hate_detect | PREDICT | model=svm | text='Selamat pagi semuanya, semoga hari ini menyenangkan.' | label=Hate Speech | conf=0.470 | latency=2.5ms
2026-04-25 02:51:05 | INFO | hate_detect | PREDICT | model=svm | text='Kamu ini bodoh sekali, tidak usah sok tahu.' | label=Normal | conf=0.500 | latency=0.0ms
2026-04-25 02:51:05 | INFO | hate_detect | PREDICT | model=svm | text='Jangan kasih suara buat dia, dia pengkhianat.' | label=Hate Speech | conf=0.442 | latency=2.5ms
2026-04-25 02:51:05 | INFO | hate_detect | PREDICT | model=svm | text='Dasar bego, gitu aja gak becus kerja!' | label=Abusive | conf=0.843 | latency=2.0ms
2026-04-25 02:51:05 | INFO | hate_detect | PREDICT | model=svm | text='Usir saja orang-orang itu dari sini, mereka cuma bikin masal' | label=Hate Speech | conf=0.710 | latency=1.5ms
2026-04-25 02:51:05 | INFO | hate_detect | PREDICT | model=svm | text='Selamat pagi semuanya, semoga hari ini menyenangkan.' | label=Hate Speech | conf=0.470 | latency=1.0ms
2026-04-25 02:51:05 | INFO | hate_detect | PREDICT | model=svm | text='Kamu ini bodoh sekali, tidak usah sok tahu.' | label=Normal | conf=0.500 | latency=0.0ms
2026-04-25 02:51:05 | INFO | hate_detect | PREDICT | model=svm | text='Jangan kasih suara buat dia, dia pengkhianat.' | label=Hate Speech | conf=0.442 | latency=1.0ms
2026-04-25 02:51:05 | INFO | hate_detect | PREDICT | model=svm | text='Dasar bego, gitu aja gak becus kerja!' | label=Abusive | conf=0.843 | latency=1.5ms
2026-04-25 02:51:05 | INFO | hate_detect | PREDICT | model=svm | text='Usir saja orang-orang itu dari sini, mereka cuma bikin masal' | label=Hate Speech | conf=0.710 | latency=1.5ms
2026-04-25 02:51:05 | INFO | hate_detect | PREDICT | model=svm | text='Selamat pagi semuanya, semoga hari ini menyenangkan.' | label=Hate Speech | conf=0.470 | latency=1.0ms
2026-04-25 02:51:05 | INFO | hate_detect | PREDICT | model=svm | text='Kamu ini bodoh sekali, tidak usah sok tahu.' | label=Normal | conf=0.500 | latency=0.0ms
2026-04-25 02:51:05 | INFO | hate_detect | PREDICT | model=svm | text='Jangan kasih suara buat dia, dia pengkhianat.' | label=Hate Speech | conf=0.442 | latency=1.0ms
2026-04-25 02:51:05 | INFO | hate_detect | PREDICT | model=svm | text='Dasar bego, gitu aja gak becus kerja!' | label=Abusive | conf=0.843 | latency=0.5ms
2026-04-25 02:51:05 | INFO | hate_detect | PREDICT | model=svm | text='Usir saja orang-orang itu dari sini, mereka cuma bikin masal' | label=Hate Speech | conf=0.710 | latency=1.2ms
2026-04-25 02:51:05 | INFO | hate_detect | PREDICT | model=svm | text='Selamat pagi semuanya, semoga hari ini menyenangkan.' | label=Hate Speech | conf=0.470 | latency=6.2ms
2026-04-25 02:51:05 | INFO | hate_detect | PREDICT | model=svm | text='Kamu ini bodoh sekali, tidak usah sok tahu.' | label=Normal | conf=0.500 | latency=0.0ms
2026-04-25 02:51:05 | INFO | hate_detect | PREDICT | model=svm | text='Jangan kasih suara buat dia, dia pengkhianat.' | label=Hate Speech | conf=0.442 | latency=3.6ms
2026-04-25 02:51:05 | INFO | hate_detect | PREDICT | model=svm | text='Dasar bego, gitu aja gak becus kerja!' | label=Abusive | conf=0.843 | latency=4.0ms
2026-04-25 02:51:05 | INFO | hate_detect | PREDICT | model=svm | text='Usir saja orang-orang itu dari sini, mereka cuma bikin masal' | label=Hate Speech | conf=0.710 | latency=2.0ms
2026-04-25 02:51:05 | INFO | hate_detect | PREDICT | model=svm | text='Selamat pagi semuanya, semoga hari ini menyenangkan.' | label=Hate Speech | conf=0.470 | latency=1.2ms
2026-04-25 02:51:05 | INFO | hate_detect | PREDICT | model=svm | text='Kamu ini bodoh sekali, tidak usah sok tahu.' | label=Normal | conf=0.500 | latency=0.0ms
2026-04-25 02:51:05 | INFO | hate_detect | PREDICT | model=svm | text='Jangan kasih suara buat dia, dia pengkhianat.' | label=Hate Speech | conf=0.442 | latency=3.1ms
2026-04-25 02:51:05 | INFO | hate_detect | PREDICT | model=svm | text='Dasar bego, gitu aja gak becus kerja!' | label=Abusive | conf=0.843 | latency=3.5ms
2026-04-25 02:51:05 | INFO | hate_detect | PREDICT | model=svm | text='Usir saja orang-orang itu dari sini, mereka cuma bikin masal' | label=Hate Speech | conf=0.710 | latency=3.5ms
2026-04-25 02:51:05 | INFO | hate_detect | PREDICT | model=svm | text='Selamat pagi semuanya, semoga hari ini menyenangkan.' | label=Hate Speech | conf=0.470 | latency=3.6ms
2026-04-25 02:51:05 | INFO | hate_detect | PREDICT | model=svm | text='Kamu ini bodoh sekali, tidak usah sok tahu.' | label=Normal | conf=0.500 | latency=0.0ms
2026-04-25 02:51:05 | INFO | hate_detect | PREDICT | model=svm | text='Jangan kasih suara buat dia, dia pengkhianat.' | label=Hate Speech | conf=0.442 | latency=1.5ms
2026-04-25 02:51:05 | INFO | hate_detect | PREDICT | model=svm | text='Dasar bego, gitu aja gak becus kerja!' | label=Abusive | conf=0.843 | latency=2.5ms
2026-04-25 02:51:05 | INFO | hate_detect | PREDICT | model=svm | text='Usir saja orang-orang itu dari sini, mereka cuma bikin masal' | label=Hate Speech | conf=0.710 | latency=2.0ms
2026-04-25 02:51:05 | INFO | hate_detect | PREDICT | model=svm | text='Selamat pagi semuanya, semoga hari ini menyenangkan.' | label=Hate Speech | conf=0.470 | latency=2.5ms
2026-04-25 02:51:06 | INFO | hate_detect | PREDICT | model=svm | text='Kamu ini bodoh sekali, tidak usah sok tahu.' | label=Normal | conf=0.500 | latency=0.0ms
2026-04-25 02:51:06 | INFO | hate_detect | PREDICT | model=svm | text='Jangan kasih suara buat dia, dia pengkhianat.' | label=Hate Speech | conf=0.442 | latency=5.1ms
2026-04-25 02:51:06 | INFO | hate_detect | PREDICT | model=svm | text='Dasar bego, gitu aja gak becus kerja!' | label=Abusive | conf=0.843 | latency=5.6ms
2026-04-25 02:51:06 | INFO | hate_detect | PREDICT | model=svm | text='Usir saja orang-orang itu dari sini, mereka cuma bikin masal' | label=Hate Speech | conf=0.710 | latency=6.1ms
2026-04-25 02:51:06 | INFO | hate_detect | PREDICT | model=svm | text='Selamat pagi semuanya, semoga hari ini menyenangkan.' | label=Hate Speech | conf=0.470 | latency=5.3ms
2026-04-25 02:51:06 | INFO | hate_detect | PREDICT | model=svm | text='Kamu ini bodoh sekali, tidak usah sok tahu.' | label=Normal | conf=0.500 | latency=0.0ms
2026-04-25 02:51:06 | INFO | hate_detect | PREDICT | model=svm | text='Jangan kasih suara buat dia, dia pengkhianat.' | label=Hate Speech | conf=0.442 | latency=3.8ms
2026-04-25 02:51:06 | INFO | hate_detect | PREDICT | model=svm | text='Dasar bego, gitu aja gak becus kerja!' | label=Abusive | conf=0.843 | latency=2.0ms
2026-04-25 02:51:06 | INFO | hate_detect | PREDICT | model=svm | text='Usir saja orang-orang itu dari sini, mereka cuma bikin masal' | label=Hate Speech | conf=0.710 | latency=1.5ms
2026-04-25 02:51:06 | INFO | hate_detect | PREDICT | model=svm | text='Selamat pagi semuanya, semoga hari ini menyenangkan.' | label=Hate Speech | conf=0.470 | latency=1.0ms
2026-04-25 02:51:06 | INFO | hate_detect | PREDICT | model=svm | text='Kamu ini bodoh sekali, tidak usah sok tahu.' | label=Normal | conf=0.500 | latency=0.0ms
2026-04-25 02:51:06 | INFO | hate_detect | PREDICT | model=svm | text='Jangan kasih suara buat dia, dia pengkhianat.' | label=Hate Speech | conf=0.442 | latency=4.1ms
2026-04-25 02:51:06 | INFO | hate_detect | PREDICT | model=svm | text='Dasar bego, gitu aja gak becus kerja!' | label=Abusive | conf=0.843 | latency=4.2ms
2026-04-25 02:51:06 | INFO | hate_detect | PREDICT | model=svm | text='Usir saja orang-orang itu dari sini, mereka cuma bikin masal' | label=Hate Speech | conf=0.710 | latency=4.5ms
2026-04-25 02:51:06 | INFO | hate_detect | PREDICT | model=svm | text='Selamat pagi semuanya, semoga hari ini menyenangkan.' | label=Hate Speech | conf=0.470 | latency=3.3ms
2026-04-25 02:51:06 | INFO | hate_detect | PREDICT | model=svm | text='Kamu ini bodoh sekali, tidak usah sok tahu.' | label=Normal | conf=0.500 | latency=0.0ms
2026-04-25 02:51:06 | INFO | hate_detect | PREDICT | model=svm | text='Jangan kasih suara buat dia, dia pengkhianat.' | label=Hate Speech | conf=0.442 | latency=6.7ms
2026-04-25 02:51:06 | INFO | hate_detect | PREDICT | model=svm | text='Dasar bego, gitu aja gak becus kerja!' | label=Abusive | conf=0.843 | latency=5.1ms
2026-04-25 02:51:06 | INFO | hate_detect | PREDICT | model=svm | text='Usir saja orang-orang itu dari sini, mereka cuma bikin masal' | label=Hate Speech | conf=0.710 | latency=2.5ms
2026-04-25 02:51:06 | INFO | hate_detect | PREDICT | model=svm | text='Selamat pagi semuanya, semoga hari ini menyenangkan.' | label=Hate Speech | conf=0.470 | latency=1.7ms
2026-04-25 02:51:06 | INFO | hate_detect | PREDICT | model=svm | text='Kamu ini bodoh sekali, tidak usah sok tahu.' | label=Normal | conf=0.500 | latency=0.0ms
2026-04-25 02:51:06 | INFO | hate_detect | PREDICT | model=svm | text='Jangan kasih suara buat dia, dia pengkhianat.' | label=Hate Speech | conf=0.442 | latency=2.6ms
2026-04-25 02:51:06 | INFO | hate_detect | PREDICT | model=svm | text='Dasar bego, gitu aja gak becus kerja!' | label=Abusive | conf=0.843 | latency=0.0ms
2026-04-25 02:51:06 | INFO | hate_detect | PREDICT | model=svm | text='Usir saja orang-orang itu dari sini, mereka cuma bikin masal' | label=Hate Speech | conf=0.710 | latency=1.0ms
2026-04-25 02:51:06 | INFO | hate_detect | PREDICT | model=svm | text='Selamat pagi semuanya, semoga hari ini menyenangkan.' | label=Hate Speech | conf=0.470 | latency=2.0ms
2026-04-25 02:51:06 | INFO | hate_detect | PREDICT | model=svm | text='Kamu ini bodoh sekali, tidak usah sok tahu.' | label=Normal | conf=0.500 | latency=0.0ms
2026-04-25 02:51:06 | INFO | hate_detect | PREDICT | model=svm | text='Jangan kasih suara buat dia, dia pengkhianat.' | label=Hate Speech | conf=0.442 | latency=2.5ms
2026-04-25 02:51:06 | INFO | hate_detect | PREDICT | model=svm | text='Dasar bego, gitu aja gak becus kerja!' | label=Abusive | conf=0.843 | latency=1.5ms
2026-04-25 02:51:06 | INFO | hate_detect | PREDICT | model=svm | text='Usir saja orang-orang itu dari sini, mereka cuma bikin masal' | label=Hate Speech | conf=0.710 | latency=1.0ms
2026-04-25 02:51:06 | INFO | hate_detect | PREDICT | model=svm | text='Selamat pagi semuanya, semoga hari ini menyenangkan.' | label=Hate Speech | conf=0.470 | latency=2.1ms
2026-04-25 02:51:06 | INFO | hate_detect | PREDICT | model=svm | text='Kamu ini bodoh sekali, tidak usah sok tahu.' | label=Normal | conf=0.500 | latency=0.0ms
2026-04-25 02:51:06 | INFO | hate_detect | PREDICT | model=svm | text='Jangan kasih suara buat dia, dia pengkhianat.' | label=Hate Speech | conf=0.442 | latency=2.5ms
2026-04-25 02:51:06 | INFO | hate_detect | PREDICT | model=svm | text='Dasar bego, gitu aja gak becus kerja!' | label=Abusive | conf=0.843 | latency=2.5ms
2026-04-25 02:51:06 | INFO | hate_detect | PREDICT | model=svm | text='Usir saja orang-orang itu dari sini, mereka cuma bikin masal' | label=Hate Speech | conf=0.710 | latency=3.0ms
2026-04-25 02:51:06 | INFO | hate_detect | PREDICT | model=svm | text='Selamat pagi semuanya, semoga hari ini menyenangkan.' | label=Hate Speech | conf=0.470 | latency=1.0ms
2026-04-25 02:51:06 | INFO | hate_detect | PREDICT | model=svm | text='Kamu ini bodoh sekali, tidak usah sok tahu.' | label=Normal | conf=0.500 | latency=0.0ms
2026-04-25 02:51:06 | INFO | hate_detect | PREDICT | model=svm | text='Jangan kasih suara buat dia, dia pengkhianat.' | label=Hate Speech | conf=0.442 | latency=1.6ms
2026-04-25 02:51:06 | INFO | hate_detect | PREDICT | model=svm | text='Dasar bego, gitu aja gak becus kerja!' | label=Abusive | conf=0.843 | latency=1.5ms
2026-04-25 02:51:06 | INFO | hate_detect | PREDICT | model=svm | text='Usir saja orang-orang itu dari sini, mereka cuma bikin masal' | label=Hate Speech | conf=0.710 | latency=1.7ms
2026-04-25 02:51:06 | INFO | hate_detect | PREDICT | model=svm | text='Selamat pagi semuanya, semoga hari ini menyenangkan.' | label=Hate Speech | conf=0.470 | latency=1.0ms
2026-04-25 02:51:06 | INFO | hate_detect | PREDICT | model=svm | text='Kamu ini bodoh sekali, tidak usah sok tahu.' | label=Normal | conf=0.500 | latency=0.0ms
2026-04-25 02:51:06 | INFO | hate_detect | PREDICT | model=svm | text='Jangan kasih suara buat dia, dia pengkhianat.' | label=Hate Speech | conf=0.442 | latency=2.5ms
2026-04-25 02:51:06 | INFO | hate_detect | PREDICT | model=svm | text='Dasar bego, gitu aja gak becus kerja!' | label=Abusive | conf=0.843 | latency=3.4ms
2026-04-25 02:51:06 | INFO | hate_detect | PREDICT | model=svm | text='Usir saja orang-orang itu dari sini, mereka cuma bikin masal' | label=Hate Speech | conf=0.710 | latency=2.0ms
2026-04-25 02:51:06 | INFO | hate_detect | PREDICT | model=svm | text='Selamat pagi semuanya, semoga hari ini menyenangkan.' | label=Hate Speech | conf=0.470 | latency=1.0ms
2026-04-25 02:51:06 | INFO | hate_detect | PREDICT | model=svm | text='Kamu ini bodoh sekali, tidak usah sok tahu.' | label=Normal | conf=0.500 | latency=0.0ms
2026-04-25 02:51:06 | INFO | hate_detect | PREDICT | model=svm | text='Jangan kasih suara buat dia, dia pengkhianat.' | label=Hate Speech | conf=0.442 | latency=5.0ms
2026-04-25 02:51:06 | INFO | hate_detect | PREDICT | model=svm | text='Dasar bego, gitu aja gak becus kerja!' | label=Abusive | conf=0.843 | latency=5.8ms
2026-04-25 02:51:06 | INFO | hate_detect | PREDICT | model=svm | text='Usir saja orang-orang itu dari sini, mereka cuma bikin masal' | label=Hate Speech | conf=0.710 | latency=2.5ms
2026-04-25 02:51:06 | INFO | hate_detect | PREDICT | model=svm | text='Selamat pagi semuanya, semoga hari ini menyenangkan.' | label=Hate Speech | conf=0.470 | latency=1.5ms
2026-04-25 02:51:06 | INFO | hate_detect | PREDICT | model=svm | text='Kamu ini bodoh sekali, tidak usah sok tahu.' | label=Normal | conf=0.500 | latency=0.0ms
2026-04-25 02:51:06 | INFO | hate_detect | PREDICT | model=svm | text='Jangan kasih suara buat dia, dia pengkhianat.' | label=Hate Speech | conf=0.442 | latency=1.0ms
2026-04-25 02:51:06 | INFO | hate_detect | PREDICT | model=svm | text='Dasar bego, gitu aja gak becus kerja!' | label=Abusive | conf=0.843 | latency=2.0ms
2026-04-25 02:51:06 | INFO | hate_detect | PREDICT | model=svm | text='Usir saja orang-orang itu dari sini, mereka cuma bikin masal' | label=Hate Speech | conf=0.710 | latency=5.7ms
2026-04-25 02:51:06 | INFO | hate_detect | PREDICT | model=svm | text='Selamat pagi semuanya, semoga hari ini menyenangkan.' | label=Hate Speech | conf=0.470 | latency=3.1ms
2026-04-25 02:51:06 | INFO | hate_detect | PREDICT | model=svm | text='Kamu ini bodoh sekali, tidak usah sok tahu.' | label=Normal | conf=0.500 | latency=0.0ms
2026-04-25 02:51:06 | INFO | hate_detect | PREDICT | model=svm | text='Jangan kasih suara buat dia, dia pengkhianat.' | label=Hate Speech | conf=0.442 | latency=2.6ms
2026-04-25 02:51:06 | INFO | hate_detect | PREDICT | model=svm | text='Dasar bego, gitu aja gak becus kerja!' | label=Abusive | conf=0.843 | latency=1.5ms
2026-04-25 02:51:06 | INFO | hate_detect | PREDICT | model=svm | text='Usir saja orang-orang itu dari sini, mereka cuma bikin masal' | label=Hate Speech | conf=0.710 | latency=2.5ms
2026-04-25 02:51:06 | INFO | hate_detect | PREDICT | model=svm | text='Selamat pagi semuanya, semoga hari ini menyenangkan.' | label=Hate Speech | conf=0.470 | latency=6.5ms
2026-04-25 02:51:06 | INFO | hate_detect | PREDICT | model=svm | text='Kamu ini bodoh sekali, tidak usah sok tahu.' | label=Normal | conf=0.500 | latency=0.0ms
2026-04-25 02:51:07 | INFO | hate_detect | PREDICT | model=svm | text='Jangan kasih suara buat dia, dia pengkhianat.' | label=Hate Speech | conf=0.442 | latency=2.7ms
2026-04-25 02:51:07 | INFO | hate_detect | PREDICT | model=svm | text='Dasar bego, gitu aja gak becus kerja!' | label=Abusive | conf=0.843 | latency=2.1ms
2026-04-25 02:51:07 | INFO | hate_detect | PREDICT | model=svm | text='Usir saja orang-orang itu dari sini, mereka cuma bikin masal' | label=Hate Speech | conf=0.710 | latency=1.5ms
2026-04-25 02:51:07 | INFO | hate_detect | PREDICT | model=svm | text='Selamat pagi semuanya, semoga hari ini menyenangkan.' | label=Hate Speech | conf=0.470 | latency=1.5ms
2026-04-25 02:51:07 | INFO | hate_detect | PREDICT | model=svm | text='Kamu ini bodoh sekali, tidak usah sok tahu.' | label=Normal | conf=0.500 | latency=0.0ms
2026-04-25 02:51:07 | INFO | hate_detect | PREDICT | model=svm | text='Jangan kasih suara buat dia, dia pengkhianat.' | label=Hate Speech | conf=0.442 | latency=1.5ms
2026-04-25 02:51:07 | INFO | hate_detect | PREDICT | model=svm | text='Dasar bego, gitu aja gak becus kerja!' | label=Abusive | conf=0.843 | latency=1.5ms
2026-04-25 02:51:07 | INFO | hate_detect | PREDICT | model=svm | text='Usir saja orang-orang itu dari sini, mereka cuma bikin masal' | label=Hate Speech | conf=0.710 | latency=2.0ms
2026-04-25 02:51:07 | INFO | hate_detect | PREDICT | model=svm | text='Selamat pagi semuanya, semoga hari ini menyenangkan.' | label=Hate Speech | conf=0.470 | latency=1.6ms
2026-04-25 02:51:07 | INFO | hate_detect | PREDICT | model=svm | text='Kamu ini bodoh sekali, tidak usah sok tahu.' | label=Normal | conf=0.500 | latency=0.0ms
2026-04-25 02:51:07 | INFO | hate_detect | PREDICT | model=svm | text='Jangan kasih suara buat dia, dia pengkhianat.' | label=Hate Speech | conf=0.442 | latency=2.5ms
2026-04-25 02:51:07 | INFO | hate_detect | PREDICT | model=svm | text='Dasar bego, gitu aja gak becus kerja!' | label=Abusive | conf=0.843 | latency=1.0ms
2026-04-25 02:51:07 | INFO | hate_detect | PREDICT | model=svm | text='Usir saja orang-orang itu dari sini, mereka cuma bikin masal' | label=Hate Speech | conf=0.710 | latency=2.0ms
2026-04-25 02:51:07 | INFO | hate_detect | PREDICT | model=svm | text='Selamat pagi semuanya, semoga hari ini menyenangkan.' | label=Hate Speech | conf=0.470 | latency=2.5ms
2026-04-25 02:51:07 | INFO | hate_detect | PREDICT | model=svm | text='Kamu ini bodoh sekali, tidak usah sok tahu.' | label=Normal | conf=0.500 | latency=0.0ms
2026-04-25 02:51:07 | INFO | hate_detect | PREDICT | model=svm | text='Jangan kasih suara buat dia, dia pengkhianat.' | label=Hate Speech | conf=0.442 | latency=1.5ms
2026-04-25 02:51:07 | INFO | hate_detect | PREDICT | model=svm | text='Dasar bego, gitu aja gak becus kerja!' | label=Abusive | conf=0.843 | latency=1.5ms
2026-04-25 02:51:07 | INFO | hate_detect | PREDICT | model=svm | text='Usir saja orang-orang itu dari sini, mereka cuma bikin masal' | label=Hate Speech | conf=0.710 | latency=2.5ms
2026-04-25 02:51:07 | INFO | hate_detect | PREDICT | model=svm | text='Selamat pagi semuanya, semoga hari ini menyenangkan.' | label=Hate Speech | conf=0.470 | latency=2.1ms
2026-04-25 02:51:07 | INFO | hate_detect | PREDICT | model=svm | text='Kamu ini bodoh sekali, tidak usah sok tahu.' | label=Normal | conf=0.500 | latency=0.0ms
2026-04-25 02:51:07 | INFO | hate_detect | PREDICT | model=svm | text='Jangan kasih suara buat dia, dia pengkhianat.' | label=Hate Speech | conf=0.442 | latency=1.5ms
2026-04-25 02:51:07 | INFO | hate_detect | PREDICT | model=svm | text='Dasar bego, gitu aja gak becus kerja!' | label=Abusive | conf=0.843 | latency=1.5ms
2026-04-25 02:51:07 | INFO | hate_detect | PREDICT | model=svm | text='Usir saja orang-orang itu dari sini, mereka cuma bikin masal' | label=Hate Speech | conf=0.710 | latency=2.5ms
2026-04-25 02:51:07 | INFO | hate_detect | PREDICT | model=svm | text='Selamat pagi semuanya, semoga hari ini menyenangkan.' | label=Hate Speech | conf=0.470 | latency=2.8ms
2026-04-25 02:51:07 | INFO | hate_detect | PREDICT | model=svm | text='Kamu ini bodoh sekali, tidak usah sok tahu.' | label=Normal | conf=0.500 | latency=0.0ms
2026-04-25 02:51:07 | INFO | hate_detect | PREDICT | model=svm | text='Jangan kasih suara buat dia, dia pengkhianat.' | label=Hate Speech | conf=0.442 | latency=1.0ms
2026-04-25 02:51:07 | INFO | hate_detect | PREDICT | model=svm | text='Dasar bego, gitu aja gak becus kerja!' | label=Abusive | conf=0.843 | latency=2.0ms
2026-04-25 02:51:07 | INFO | hate_detect | PREDICT | model=svm | text='Usir saja orang-orang itu dari sini, mereka cuma bikin masal' | label=Hate Speech | conf=0.710 | latency=1.3ms
2026-04-25 02:51:07 | INFO | hate_detect | PREDICT | model=svm | text='Selamat pagi semuanya, semoga hari ini menyenangkan.' | label=Hate Speech | conf=0.470 | latency=2.7ms
2026-04-25 02:51:07 | INFO | hate_detect | PREDICT | model=svm | text='Kamu ini bodoh sekali, tidak usah sok tahu.' | label=Normal | conf=0.500 | latency=0.0ms
2026-04-25 02:51:07 | INFO | hate_detect | PREDICT | model=svm | text='Jangan kasih suara buat dia, dia pengkhianat.' | label=Hate Speech | conf=0.442 | latency=1.0ms
2026-04-25 02:51:07 | INFO | hate_detect | PREDICT | model=svm | text='Dasar bego, gitu aja gak becus kerja!' | label=Abusive | conf=0.843 | latency=1.5ms
2026-04-25 02:51:07 | INFO | hate_detect | PREDICT | model=svm | text='Usir saja orang-orang itu dari sini, mereka cuma bikin masal' | label=Hate Speech | conf=0.710 | latency=1.0ms
2026-04-25 02:51:07 | INFO | hate_detect | PREDICT | model=svm | text='Selamat pagi semuanya, semoga hari ini menyenangkan.' | label=Hate Speech | conf=0.470 | latency=2.0ms
2026-04-25 02:51:07 | INFO | hate_detect | PREDICT | model=svm | text='Kamu ini bodoh sekali, tidak usah sok tahu.' | label=Normal | conf=0.500 | latency=0.0ms
2026-04-25 02:51:07 | INFO | hate_detect | PREDICT | model=svm | text='Jangan kasih suara buat dia, dia pengkhianat.' | label=Hate Speech | conf=0.442 | latency=1.1ms
2026-04-25 02:51:07 | INFO | hate_detect | PREDICT | model=svm | text='Dasar bego, gitu aja gak becus kerja!' | label=Abusive | conf=0.843 | latency=1.5ms
2026-04-25 02:51:07 | INFO | hate_detect | PREDICT | model=svm | text='Usir saja orang-orang itu dari sini, mereka cuma bikin masal' | label=Hate Speech | conf=0.710 | latency=2.6ms
2026-04-25 02:51:07 | INFO | hate_detect | PREDICT | model=svm | text='Selamat pagi semuanya, semoga hari ini menyenangkan.' | label=Hate Speech | conf=0.470 | latency=2.0ms
2026-04-25 02:51:07 | INFO | hate_detect | PREDICT | model=svm | text='Kamu ini bodoh sekali, tidak usah sok tahu.' | label=Normal | conf=0.500 | latency=0.0ms
2026-04-25 02:51:07 | INFO | hate_detect | PREDICT | model=svm | text='Jangan kasih suara buat dia, dia pengkhianat.' | label=Hate Speech | conf=0.442 | latency=3.5ms
2026-04-25 02:51:07 | INFO | hate_detect | PREDICT | model=svm | text='Dasar bego, gitu aja gak becus kerja!' | label=Abusive | conf=0.843 | latency=2.5ms
2026-04-25 02:51:07 | INFO | hate_detect | PREDICT | model=svm | text='Usir saja orang-orang itu dari sini, mereka cuma bikin masal' | label=Hate Speech | conf=0.710 | latency=2.6ms
2026-04-25 02:51:07 | INFO | hate_detect | PREDICT | model=svm | text='Selamat pagi semuanya, semoga hari ini menyenangkan.' | label=Hate Speech | conf=0.470 | latency=3.0ms
2026-04-25 02:51:07 | INFO | hate_detect | PREDICT | model=svm | text='Kamu ini bodoh sekali, tidak usah sok tahu.' | label=Normal | conf=0.500 | latency=0.0ms
2026-04-25 02:51:07 | INFO | hate_detect | PREDICT | model=svm | text='Jangan kasih suara buat dia, dia pengkhianat.' | label=Hate Speech | conf=0.442 | latency=4.1ms
2026-04-25 02:51:07 | INFO | hate_detect | PREDICT | model=svm | text='Dasar bego, gitu aja gak becus kerja!' | label=Abusive | conf=0.843 | latency=1.5ms
2026-04-25 02:51:07 | INFO | hate_detect | PREDICT | model=svm | text='Usir saja orang-orang itu dari sini, mereka cuma bikin masal' | label=Hate Speech | conf=0.710 | latency=2.5ms
2026-04-25 02:51:07 | INFO | hate_detect | PREDICT | model=svm | text='Selamat pagi semuanya, semoga hari ini menyenangkan.' | label=Hate Speech | conf=0.470 | latency=3.1ms
2026-04-25 02:51:07 | INFO | hate_detect | PREDICT | model=svm | text='Kamu ini bodoh sekali, tidak usah sok tahu.' | label=Normal | conf=0.500 | latency=0.0ms
2026-04-25 02:51:07 | INFO | hate_detect | PREDICT | model=svm | text='Jangan kasih suara buat dia, dia pengkhianat.' | label=Hate Speech | conf=0.442 | latency=2.5ms
2026-04-25 02:51:07 | INFO | hate_detect | PREDICT | model=svm | text='Dasar bego, gitu aja gak becus kerja!' | label=Abusive | conf=0.843 | latency=3.3ms
2026-04-25 02:51:07 | INFO | hate_detect | PREDICT | model=svm | text='Usir saja orang-orang itu dari sini, mereka cuma bikin masal' | label=Hate Speech | conf=0.710 | latency=2.0ms
2026-04-25 02:51:07 | INFO | hate_detect | PREDICT | model=svm | text='Selamat pagi semuanya, semoga hari ini menyenangkan.' | label=Hate Speech | conf=0.470 | latency=2.0ms
2026-04-25 02:51:07 | INFO | hate_detect | PREDICT | model=svm | text='Kamu ini bodoh sekali, tidak usah sok tahu.' | label=Normal | conf=0.500 | latency=0.0ms
2026-04-25 02:51:07 | INFO | hate_detect | PREDICT | model=svm | text='Jangan kasih suara buat dia, dia pengkhianat.' | label=Hate Speech | conf=0.442 | latency=2.5ms
2026-04-25 02:51:07 | INFO | hate_detect | PREDICT | model=svm | text='Dasar bego, gitu aja gak becus kerja!' | label=Abusive | conf=0.843 | latency=1.0ms
2026-04-25 02:51:07 | INFO | hate_detect | PREDICT | model=svm | text='Usir saja orang-orang itu dari sini, mereka cuma bikin masal' | label=Hate Speech | conf=0.710 | latency=1.5ms
2026-04-25 02:51:07 | INFO | hate_detect | PREDICT | model=svm | text='Selamat pagi semuanya, semoga hari ini menyenangkan.' | label=Hate Speech | conf=0.470 | latency=2.5ms
2026-04-25 02:51:07 | INFO | hate_detect | PREDICT | model=svm | text='Kamu ini bodoh sekali, tidak usah sok tahu.' | label=Normal | conf=0.500 | latency=0.0ms
2026-04-25 02:51:07 | INFO | hate_detect | PREDICT | model=svm | text='Jangan kasih suara buat dia, dia pengkhianat.' | label=Hate Speech | conf=0.442 | latency=2.5ms
2026-04-25 02:51:07 | INFO | hate_detect | PREDICT | model=svm | text='Dasar bego, gitu aja gak becus kerja!' | label=Abusive | conf=0.843 | latency=2.1ms
2026-04-25 02:51:07 | INFO | hate_detect | PREDICT | model=svm | text='Usir saja orang-orang itu dari sini, mereka cuma bikin masal' | label=Hate Speech | conf=0.710 | latency=1.7ms
2026-04-25 02:51:07 | INFO | hate_detect | PREDICT | model=svm | text='Selamat pagi semuanya, semoga hari ini menyenangkan.' | label=Hate Speech | conf=0.470 | latency=0.6ms
2026-04-25 02:51:07 | INFO | hate_detect | PREDICT | model=svm | text='Kamu ini bodoh sekali, tidak usah sok tahu.' | label=Normal | conf=0.500 | latency=0.0ms
2026-04-25 02:51:07 | INFO | hate_detect | PREDICT | model=svm | text='Jangan kasih suara buat dia, dia pengkhianat.' | label=Hate Speech | conf=0.442 | latency=2.8ms
2026-04-25 02:51:07 | INFO | hate_detect | PREDICT | model=svm | text='Dasar bego, gitu aja gak becus kerja!' | label=Abusive | conf=0.843 | latency=2.4ms
2026-04-25 02:51:07 | INFO | hate_detect | PREDICT | model=svm | text='Usir saja orang-orang itu dari sini, mereka cuma bikin masal' | label=Hate Speech | conf=0.710 | latency=1.5ms
2026-04-25 02:51:07 | INFO | hate_detect | PREDICT | model=svm | text='Selamat pagi semuanya, semoga hari ini menyenangkan.' | label=Hate Speech | conf=0.470 | latency=1.5ms
2026-04-25 02:51:07 | INFO | hate_detect | PREDICT | model=svm | text='Kamu ini bodoh sekali, tidak usah sok tahu.' | label=Normal | conf=0.500 | latency=0.0ms
2026-04-25 02:51:07 | INFO | hate_detect | PREDICT | model=svm | text='Jangan kasih suara buat dia, dia pengkhianat.' | label=Hate Speech | conf=0.442 | latency=1.0ms
2026-04-25 02:51:07 | INFO | hate_detect | PREDICT | model=svm | text='Dasar bego, gitu aja gak becus kerja!' | label=Abusive | conf=0.843 | latency=1.5ms
2026-04-25 02:51:07 | INFO | hate_detect | PREDICT | model=svm | text='Usir saja orang-orang itu dari sini, mereka cuma bikin masal' | label=Hate Speech | conf=0.710 | latency=1.0ms
2026-04-25 02:51:07 | INFO | hate_detect | PREDICT | model=svm | text='Selamat pagi semuanya, semoga hari ini menyenangkan.' | label=Hate Speech | conf=0.470 | latency=1.0ms
2026-04-25 02:51:07 | INFO | hate_detect | PREDICT | model=svm | text='Kamu ini bodoh sekali, tidak usah sok tahu.' | label=Normal | conf=0.500 | latency=0.0ms
2026-04-25 02:51:07 | INFO | hate_detect | PREDICT | model=svm | text='Jangan kasih suara buat dia, dia pengkhianat.' | label=Hate Speech | conf=0.442 | latency=1.0ms
2026-04-25 02:51:07 | INFO | hate_detect | PREDICT | model=svm | text='Dasar bego, gitu aja gak becus kerja!' | label=Abusive | conf=0.843 | latency=1.0ms
2026-04-25 02:51:07 | INFO | hate_detect | PREDICT | model=svm | text='Usir saja orang-orang itu dari sini, mereka cuma bikin masal' | label=Hate Speech | conf=0.710 | latency=1.0ms
2026-04-25 02:51:07 | INFO | hate_detect | PREDICT | model=svm | text='Selamat pagi semuanya, semoga hari ini menyenangkan.' | label=Hate Speech | conf=0.470 | latency=1.6ms
2026-04-25 02:51:08 | INFO | hate_detect | PREDICT | model=svm | text='Kamu ini bodoh sekali, tidak usah sok tahu.' | label=Normal | conf=0.500 | latency=0.0ms
2026-04-25 02:51:08 | INFO | hate_detect | PREDICT | model=svm | text='Jangan kasih suara buat dia, dia pengkhianat.' | label=Hate Speech | conf=0.442 | latency=1.5ms
2026-04-25 02:51:08 | INFO | hate_detect | PREDICT | model=svm | text='Dasar bego, gitu aja gak becus kerja!' | label=Abusive | conf=0.843 | latency=3.0ms
2026-04-25 02:51:08 | INFO | hate_detect | PREDICT | model=svm | text='Usir saja orang-orang itu dari sini, mereka cuma bikin masal' | label=Hate Speech | conf=0.710 | latency=1.5ms
2026-04-25 02:51:08 | INFO | hate_detect | PREDICT | model=svm | text='Selamat pagi semuanya, semoga hari ini menyenangkan.' | label=Hate Speech | conf=0.470 | latency=2.5ms
2026-04-25 02:51:08 | INFO | hate_detect | PREDICT | model=svm | text='Kamu ini bodoh sekali, tidak usah sok tahu.' | label=Normal | conf=0.500 | latency=0.0ms
2026-04-25 02:51:08 | INFO | hate_detect | PREDICT | model=svm | text='Jangan kasih suara buat dia, dia pengkhianat.' | label=Hate Speech | conf=0.442 | latency=3.1ms
2026-04-25 02:51:08 | INFO | hate_detect | PREDICT | model=svm | text='Dasar bego, gitu aja gak becus kerja!' | label=Abusive | conf=0.843 | latency=1.5ms
2026-04-25 02:51:08 | INFO | hate_detect | PREDICT | model=svm | text='Usir saja orang-orang itu dari sini, mereka cuma bikin masal' | label=Hate Speech | conf=0.710 | latency=1.0ms
2026-04-25 02:51:08 | INFO | hate_detect | PREDICT | model=svm | text='Selamat pagi semuanya, semoga hari ini menyenangkan.' | label=Hate Speech | conf=0.470 | latency=1.6ms
2026-04-25 02:51:08 | INFO | hate_detect | PREDICT | model=svm | text='Kamu ini bodoh sekali, tidak usah sok tahu.' | label=Normal | conf=0.500 | latency=0.0ms
2026-04-25 02:51:08 | INFO | hate_detect | PREDICT | model=svm | text='Jangan kasih suara buat dia, dia pengkhianat.' | label=Hate Speech | conf=0.442 | latency=1.5ms
2026-04-25 02:51:08 | INFO | hate_detect | PREDICT | model=svm | text='Dasar bego, gitu aja gak becus kerja!' | label=Abusive | conf=0.843 | latency=1.0ms
2026-04-25 02:51:08 | INFO | hate_detect | PREDICT | model=svm | text='Usir saja orang-orang itu dari sini, mereka cuma bikin masal' | label=Hate Speech | conf=0.710 | latency=1.5ms
2026-04-25 02:51:08 | INFO | hate_detect | PREDICT | model=svm | text='Selamat pagi semuanya, semoga hari ini menyenangkan.' | label=Hate Speech | conf=0.470 | latency=1.0ms
2026-04-25 02:51:08 | INFO | hate_detect | PREDICT | model=svm | text='Kamu ini bodoh sekali, tidak usah sok tahu.' | label=Normal | conf=0.500 | latency=0.0ms
2026-04-25 02:51:08 | INFO | hate_detect | PREDICT | model=svm | text='Jangan kasih suara buat dia, dia pengkhianat.' | label=Hate Speech | conf=0.442 | latency=1.5ms
2026-04-25 02:51:08 | INFO | hate_detect | PREDICT | model=svm | text='Dasar bego, gitu aja gak becus kerja!' | label=Abusive | conf=0.843 | latency=3.1ms
2026-04-25 02:51:08 | INFO | hate_detect | PREDICT | model=svm | text='Usir saja orang-orang itu dari sini, mereka cuma bikin masal' | label=Hate Speech | conf=0.710 | latency=3.0ms
2026-04-25 02:51:08 | INFO | hate_detect | PREDICT | model=svm | text='Selamat pagi semuanya, semoga hari ini menyenangkan.' | label=Hate Speech | conf=0.470 | latency=4.1ms
2026-04-25 02:51:08 | INFO | hate_detect | PREDICT | model=svm | text='Kamu ini bodoh sekali, tidak usah sok tahu.' | label=Normal | conf=0.500 | latency=0.0ms
2026-04-25 02:51:08 | INFO | hate_detect | PREDICT | model=svm | text='Jangan kasih suara buat dia, dia pengkhianat.' | label=Hate Speech | conf=0.442 | latency=3.0ms
2026-04-25 02:51:08 | INFO | hate_detect | PREDICT | model=svm | text='Dasar bego, gitu aja gak becus kerja!' | label=Abusive | conf=0.843 | latency=2.0ms
2026-04-25 02:51:08 | INFO | hate_detect | PREDICT | model=svm | text='Usir saja orang-orang itu dari sini, mereka cuma bikin masal' | label=Hate Speech | conf=0.710 | latency=2.0ms
2026-04-25 02:51:08 | INFO | hate_detect | PREDICT | model=svm | text='Selamat pagi semuanya, semoga hari ini menyenangkan.' | label=Hate Speech | conf=0.470 | latency=2.0ms
2026-04-25 02:51:08 | INFO | hate_detect | PREDICT | model=svm | text='Kamu ini bodoh sekali, tidak usah sok tahu.' | label=Normal | conf=0.500 | latency=0.0ms
2026-04-25 02:51:08 | INFO | hate_detect | PREDICT | model=svm | text='Jangan kasih suara buat dia, dia pengkhianat.' | label=Hate Speech | conf=0.442 | latency=2.4ms
2026-04-25 02:51:08 | INFO | hate_detect | PREDICT | model=svm | text='Dasar bego, gitu aja gak becus kerja!' | label=Abusive | conf=0.843 | latency=2.0ms
2026-04-25 02:51:08 | INFO | hate_detect | PREDICT | model=svm | text='Usir saja orang-orang itu dari sini, mereka cuma bikin masal' | label=Hate Speech | conf=0.710 | latency=0.5ms
2026-04-25 02:51:08 | INFO | hate_detect | PREDICT | model=svm | text='Selamat pagi semuanya, semoga hari ini menyenangkan.' | label=Hate Speech | conf=0.470 | latency=1.5ms
2026-04-25 02:51:08 | INFO | hate_detect | PREDICT | model=svm | text='Kamu ini bodoh sekali, tidak usah sok tahu.' | label=Normal | conf=0.500 | latency=0.0ms
2026-04-25 02:51:08 | INFO | hate_detect | PREDICT | model=svm | text='Jangan kasih suara buat dia, dia pengkhianat.' | label=Hate Speech | conf=0.442 | latency=1.5ms
2026-04-25 02:51:08 | INFO | hate_detect | PREDICT | model=svm | text='Dasar bego, gitu aja gak becus kerja!' | label=Abusive | conf=0.843 | latency=1.0ms
2026-04-25 02:51:08 | INFO | hate_detect | PREDICT | model=svm | text='Usir saja orang-orang itu dari sini, mereka cuma bikin masal' | label=Hate Speech | conf=0.710 | latency=2.0ms
2026-04-25 02:51:08 | INFO | hate_detect | PREDICT | model=svm | text='Selamat pagi semuanya, semoga hari ini menyenangkan.' | label=Hate Speech | conf=0.470 | latency=2.8ms
2026-04-25 02:51:08 | INFO | hate_detect | PREDICT | model=svm | text='Kamu ini bodoh sekali, tidak usah sok tahu.' | label=Normal | conf=0.500 | latency=0.0ms
2026-04-25 02:51:08 | INFO | hate_detect | PREDICT | model=svm | text='Jangan kasih suara buat dia, dia pengkhianat.' | label=Hate Speech | conf=0.442 | latency=4.5ms
2026-04-25 02:51:08 | INFO | hate_detect | PREDICT | model=svm | text='Dasar bego, gitu aja gak becus kerja!' | label=Abusive | conf=0.843 | latency=4.7ms
2026-04-25 02:51:08 | INFO | hate_detect | PREDICT | model=svm | text='Usir saja orang-orang itu dari sini, mereka cuma bikin masal' | label=Hate Speech | conf=0.710 | latency=5.8ms
2026-04-25 02:51:08 | INFO | hate_detect | PREDICT | model=svm | text='Selamat pagi semuanya, semoga hari ini menyenangkan.' | label=Hate Speech | conf=0.470 | latency=6.0ms
2026-04-25 02:51:08 | INFO | hate_detect | PREDICT | model=svm | text='Kamu ini bodoh sekali, tidak usah sok tahu.' | label=Normal | conf=0.500 | latency=0.0ms
2026-04-25 02:51:08 | INFO | hate_detect | PREDICT | model=svm | text='Jangan kasih suara buat dia, dia pengkhianat.' | label=Hate Speech | conf=0.442 | latency=1.5ms
2026-04-25 02:51:08 | INFO | hate_detect | PREDICT | model=svm | text='Dasar bego, gitu aja gak becus kerja!' | label=Abusive | conf=0.843 | latency=3.4ms
2026-04-25 02:51:08 | INFO | hate_detect | PREDICT | model=svm | text='Usir saja orang-orang itu dari sini, mereka cuma bikin masal' | label=Hate Speech | conf=0.710 | latency=5.3ms
2026-04-25 02:51:08 | INFO | hate_detect | PREDICT | model=svm | text='Selamat pagi semuanya, semoga hari ini menyenangkan.' | label=Hate Speech | conf=0.470 | latency=5.4ms
2026-04-25 02:51:08 | INFO | hate_detect | PREDICT | model=svm | text='Kamu ini bodoh sekali, tidak usah sok tahu.' | label=Normal | conf=0.500 | latency=0.0ms
2026-04-25 02:51:08 | INFO | hate_detect | PREDICT | model=svm | text='Jangan kasih suara buat dia, dia pengkhianat.' | label=Hate Speech | conf=0.442 | latency=5.8ms
2026-04-25 02:51:08 | INFO | hate_detect | PREDICT | model=svm | text='Dasar bego, gitu aja gak becus kerja!' | label=Abusive | conf=0.843 | latency=6.7ms
2026-04-25 02:51:08 | INFO | hate_detect | PREDICT | model=svm | text='Usir saja orang-orang itu dari sini, mereka cuma bikin masal' | label=Hate Speech | conf=0.710 | latency=4.5ms
2026-04-25 02:51:08 | INFO | hate_detect | PREDICT | model=svm | text='Selamat pagi semuanya, semoga hari ini menyenangkan.' | label=Hate Speech | conf=0.470 | latency=3.4ms
2026-04-25 02:51:08 | INFO | hate_detect | PREDICT | model=svm | text='Kamu ini bodoh sekali, tidak usah sok tahu.' | label=Normal | conf=0.500 | latency=0.0ms
2026-04-25 02:51:08 | INFO | hate_detect | PREDICT | model=svm | text='Jangan kasih suara buat dia, dia pengkhianat.' | label=Hate Speech | conf=0.442 | latency=3.1ms
2026-04-25 02:51:08 | INFO | hate_detect | PREDICT | model=svm | text='Dasar bego, gitu aja gak becus kerja!' | label=Abusive | conf=0.843 | latency=3.0ms
2026-04-25 02:51:08 | INFO | hate_detect | PREDICT | model=svm | text='Usir saja orang-orang itu dari sini, mereka cuma bikin masal' | label=Hate Speech | conf=0.710 | latency=3.0ms
2026-04-25 02:51:08 | INFO | hate_detect | PREDICT | model=svm | text='Selamat pagi semuanya, semoga hari ini menyenangkan.' | label=Hate Speech | conf=0.470 | latency=3.6ms
2026-04-25 02:51:08 | INFO | hate_detect | PREDICT | model=svm | text='Kamu ini bodoh sekali, tidak usah sok tahu.' | label=Normal | conf=0.500 | latency=0.0ms
2026-04-25 02:51:08 | INFO | hate_detect | PREDICT | model=svm | text='Jangan kasih suara buat dia, dia pengkhianat.' | label=Hate Speech | conf=0.442 | latency=2.0ms
2026-04-25 02:51:08 | INFO | hate_detect | PREDICT | model=svm | text='Dasar bego, gitu aja gak becus kerja!' | label=Abusive | conf=0.843 | latency=1.8ms
2026-04-25 02:51:08 | INFO | hate_detect | PREDICT | model=svm | text='Usir saja orang-orang itu dari sini, mereka cuma bikin masal' | label=Hate Speech | conf=0.710 | latency=2.9ms
2026-04-25 02:51:08 | INFO | hate_detect | PREDICT | model=svm | text='Selamat pagi semuanya, semoga hari ini menyenangkan.' | label=Hate Speech | conf=0.470 | latency=1.0ms
2026-04-25 02:51:08 | INFO | hate_detect | PREDICT | model=svm | text='Kamu ini bodoh sekali, tidak usah sok tahu.' | label=Normal | conf=0.500 | latency=0.0ms
2026-04-25 02:51:08 | INFO | hate_detect | PREDICT | model=svm | text='Jangan kasih suara buat dia, dia pengkhianat.' | label=Hate Speech | conf=0.442 | latency=3.0ms
2026-04-25 02:51:08 | INFO | hate_detect | PREDICT | model=svm | text='Dasar bego, gitu aja gak becus kerja!' | label=Abusive | conf=0.843 | latency=1.1ms
2026-04-25 02:51:08 | INFO | hate_detect | PREDICT | model=svm | text='Usir saja orang-orang itu dari sini, mereka cuma bikin masal' | label=Hate Speech | conf=0.710 | latency=3.0ms
2026-04-25 02:51:09 | INFO | hate_detect | PREDICT | model=svm | text='Selamat pagi semuanya, semoga hari ini menyenangkan.' | label=Hate Speech | conf=0.470 | latency=5.5ms
2026-04-25 02:51:09 | INFO | hate_detect | PREDICT | model=svm | text='Kamu ini bodoh sekali, tidak usah sok tahu.' | label=Normal | conf=0.500 | latency=0.0ms
2026-04-25 02:51:09 | INFO | hate_detect | PREDICT | model=svm | text='Jangan kasih suara buat dia, dia pengkhianat.' | label=Hate Speech | conf=0.442 | latency=2.0ms
2026-04-25 02:51:09 | INFO | hate_detect | PREDICT | model=svm | text='Dasar bego, gitu aja gak becus kerja!' | label=Abusive | conf=0.843 | latency=2.6ms
2026-04-25 02:51:09 | INFO | hate_detect | PREDICT | model=svm | text='Usir saja orang-orang itu dari sini, mereka cuma bikin masal' | label=Hate Speech | conf=0.710 | latency=7.6ms
2026-04-25 02:51:09 | INFO | hate_detect | PREDICT | model=svm | text='Selamat pagi semuanya, semoga hari ini menyenangkan.' | label=Hate Speech | conf=0.470 | latency=6.2ms
2026-04-25 02:51:09 | INFO | hate_detect | PREDICT | model=svm | text='Kamu ini bodoh sekali, tidak usah sok tahu.' | label=Normal | conf=0.500 | latency=0.0ms
2026-04-25 02:51:09 | INFO | hate_detect | PREDICT | model=svm | text='Jangan kasih suara buat dia, dia pengkhianat.' | label=Hate Speech | conf=0.442 | latency=1.0ms
2026-04-25 02:51:09 | INFO | hate_detect | PREDICT | model=svm | text='Dasar bego, gitu aja gak becus kerja!' | label=Abusive | conf=0.843 | latency=1.5ms
2026-04-25 02:51:09 | INFO | hate_detect | PREDICT | model=svm | text='Usir saja orang-orang itu dari sini, mereka cuma bikin masal' | label=Hate Speech | conf=0.710 | latency=3.0ms
2026-04-25 02:51:09 | INFO | hate_detect | PREDICT | model=svm | text='Selamat pagi semuanya, semoga hari ini menyenangkan.' | label=Hate Speech | conf=0.470 | latency=2.0ms
2026-04-25 02:51:09 | INFO | hate_detect | PREDICT | model=svm | text='Kamu ini bodoh sekali, tidak usah sok tahu.' | label=Normal | conf=0.500 | latency=0.0ms
2026-04-25 02:51:09 | INFO | hate_detect | PREDICT | model=svm | text='Jangan kasih suara buat dia, dia pengkhianat.' | label=Hate Speech | conf=0.442 | latency=2.0ms
2026-04-25 02:51:09 | INFO | hate_detect | PREDICT | model=svm | text='Dasar bego, gitu aja gak becus kerja!' | label=Abusive | conf=0.843 | latency=1.5ms
2026-04-25 02:51:09 | INFO | hate_detect | PREDICT | model=svm | text='Usir saja orang-orang itu dari sini, mereka cuma bikin masal' | label=Hate Speech | conf=0.710 | latency=2.6ms
2026-04-25 02:51:09 | INFO | hate_detect | PREDICT | model=svm | text='Selamat pagi semuanya, semoga hari ini menyenangkan.' | label=Hate Speech | conf=0.470 | latency=2.7ms
2026-04-25 02:51:09 | INFO | hate_detect | PREDICT | model=svm | text='Kamu ini bodoh sekali, tidak usah sok tahu.' | label=Normal | conf=0.500 | latency=0.0ms
2026-04-25 02:51:09 | INFO | hate_detect | PREDICT | model=svm | text='Jangan kasih suara buat dia, dia pengkhianat.' | label=Hate Speech | conf=0.442 | latency=3.2ms
2026-04-25 02:51:09 | INFO | hate_detect | PREDICT | model=svm | text='Dasar bego, gitu aja gak becus kerja!' | label=Abusive | conf=0.843 | latency=2.3ms
2026-04-25 02:51:09 | INFO | hate_detect | PREDICT | model=svm | text='Usir saja orang-orang itu dari sini, mereka cuma bikin masal' | label=Hate Speech | conf=0.710 | latency=1.5ms
2026-04-25 02:51:09 | INFO | hate_detect | PREDICT | model=svm | text='Selamat pagi semuanya, semoga hari ini menyenangkan.' | label=Hate Speech | conf=0.470 | latency=3.1ms
2026-04-25 02:51:09 | INFO | hate_detect | PREDICT | model=svm | text='Kamu ini bodoh sekali, tidak usah sok tahu.' | label=Normal | conf=0.500 | latency=0.0ms
2026-04-25 02:51:09 | INFO | hate_detect | PREDICT | model=svm | text='Jangan kasih suara buat dia, dia pengkhianat.' | label=Hate Speech | conf=0.442 | latency=0.0ms
2026-04-25 02:51:09 | INFO | hate_detect | PREDICT | model=svm | text='Dasar bego, gitu aja gak becus kerja!' | label=Abusive | conf=0.843 | latency=2.5ms
2026-04-25 02:51:09 | INFO | hate_detect | PREDICT | model=svm | text='Usir saja orang-orang itu dari sini, mereka cuma bikin masal' | label=Hate Speech | conf=0.710 | latency=2.0ms
2026-04-25 02:51:09 | INFO | hate_detect | PREDICT | model=svm | text='Selamat pagi semuanya, semoga hari ini menyenangkan.' | label=Hate Speech | conf=0.470 | latency=2.0ms
2026-04-25 02:51:09 | INFO | hate_detect | PREDICT | model=svm | text='Kamu ini bodoh sekali, tidak usah sok tahu.' | label=Normal | conf=0.500 | latency=0.0ms
2026-04-25 02:51:09 | INFO | hate_detect | PREDICT | model=svm | text='Jangan kasih suara buat dia, dia pengkhianat.' | label=Hate Speech | conf=0.442 | latency=2.0ms
2026-04-25 02:51:09 | INFO | hate_detect | PREDICT | model=svm | text='Dasar bego, gitu aja gak becus kerja!' | label=Abusive | conf=0.843 | latency=1.5ms
2026-04-25 02:51:09 | INFO | hate_detect | PREDICT | model=svm | text='Usir saja orang-orang itu dari sini, mereka cuma bikin masal' | label=Hate Speech | conf=0.710 | latency=2.3ms
2026-04-25 02:51:09 | INFO | hate_detect | PREDICT | model=svm | text='Selamat pagi semuanya, semoga hari ini menyenangkan.' | label=Hate Speech | conf=0.470 | latency=1.0ms
2026-04-25 02:51:09 | INFO | hate_detect | PREDICT | model=svm | text='Kamu ini bodoh sekali, tidak usah sok tahu.' | label=Normal | conf=0.500 | latency=0.0ms
2026-04-25 02:51:09 | INFO | hate_detect | PREDICT | model=svm | text='Jangan kasih suara buat dia, dia pengkhianat.' | label=Hate Speech | conf=0.442 | latency=0.5ms
2026-04-25 02:51:09 | INFO | hate_detect | PREDICT | model=svm | text='Dasar bego, gitu aja gak becus kerja!' | label=Abusive | conf=0.843 | latency=1.0ms
2026-04-25 02:51:09 | INFO | hate_detect | PREDICT | model=svm | text='Usir saja orang-orang itu dari sini, mereka cuma bikin masal' | label=Hate Speech | conf=0.710 | latency=1.8ms
2026-04-25 02:51:09 | INFO | hate_detect | PREDICT | model=svm | text='Selamat pagi semuanya, semoga hari ini menyenangkan.' | label=Hate Speech | conf=0.470 | latency=6.1ms
2026-04-25 02:51:09 | INFO | hate_detect | PREDICT | model=svm | text='Kamu ini bodoh sekali, tidak usah sok tahu.' | label=Normal | conf=0.500 | latency=0.0ms
2026-04-25 02:51:09 | INFO | hate_detect | PREDICT | model=svm | text='Jangan kasih suara buat dia, dia pengkhianat.' | label=Hate Speech | conf=0.442 | latency=2.1ms
2026-04-25 02:51:09 | INFO | hate_detect | PREDICT | model=svm | text='Dasar bego, gitu aja gak becus kerja!' | label=Abusive | conf=0.843 | latency=4.7ms
2026-04-25 02:51:09 | INFO | hate_detect | PREDICT | model=svm | text='Usir saja orang-orang itu dari sini, mereka cuma bikin masal' | label=Hate Speech | conf=0.710 | latency=2.0ms
2026-04-25 02:51:09 | INFO | hate_detect | PREDICT | model=svm | text='Selamat pagi semuanya, semoga hari ini menyenangkan.' | label=Hate Speech | conf=0.470 | latency=1.5ms
2026-04-25 02:51:09 | INFO | hate_detect | PREDICT | model=svm | text='Kamu ini bodoh sekali, tidak usah sok tahu.' | label=Normal | conf=0.500 | latency=0.0ms
2026-04-25 02:51:09 | INFO | hate_detect | PREDICT | model=svm | text='Jangan kasih suara buat dia, dia pengkhianat.' | label=Hate Speech | conf=0.442 | latency=1.0ms
2026-04-25 02:51:32 | INFO | hate_detect | PREDICT | model=svm | text='Dasar bego, gitu aja gak becus kerja!' | label=Abusive | conf=0.843 | latency=1.0ms
2026-04-25 02:51:32 | INFO | hate_detect | PREDICT | model=svm | text='Usir saja orang-orang itu dari sini, mereka cuma bikin masal' | label=Hate Speech | conf=0.710 | latency=1.5ms
2026-04-25 02:51:32 | INFO | hate_detect | PREDICT | model=svm | text='Selamat pagi semuanya, semoga hari ini menyenangkan.' | label=Hate Speech | conf=0.470 | latency=1.0ms
2026-04-25 02:51:32 | INFO | hate_detect | PREDICT | model=svm | text='Kamu ini bodoh sekali, tidak usah sok tahu.' | label=Normal | conf=0.500 | latency=0.0ms
2026-04-25 02:51:32 | INFO | hate_detect | PREDICT | model=svm | text='Jangan kasih suara buat dia, dia pengkhianat.' | label=Hate Speech | conf=0.442 | latency=1.0ms
2026-04-25 02:51:32 | INFO | hate_detect | PREDICT | model=svm | text='Dasar bego, gitu aja gak becus kerja!' | label=Abusive | conf=0.843 | latency=1.5ms
2026-04-25 02:51:32 | INFO | hate_detect | PREDICT | model=svm | text='Usir saja orang-orang itu dari sini, mereka cuma bikin masal' | label=Hate Speech | conf=0.710 | latency=1.0ms
2026-04-25 02:51:32 | INFO | hate_detect | PREDICT | model=svm | text='Selamat pagi semuanya, semoga hari ini menyenangkan.' | label=Hate Speech | conf=0.470 | latency=1.0ms
2026-04-25 02:51:32 | INFO | hate_detect | PREDICT | model=svm | text='Kamu ini bodoh sekali, tidak usah sok tahu.' | label=Normal | conf=0.500 | latency=0.0ms
2026-04-25 02:51:32 | INFO | hate_detect | PREDICT | model=svm | text='Jangan kasih suara buat dia, dia pengkhianat.' | label=Hate Speech | conf=0.442 | latency=3.2ms
2026-04-25 02:51:32 | INFO | hate_detect | PREDICT | model=svm | text='Dasar bego, gitu aja gak becus kerja!' | label=Abusive | conf=0.843 | latency=2.5ms
2026-04-25 02:51:32 | INFO | hate_detect | PREDICT | model=svm | text='Usir saja orang-orang itu dari sini, mereka cuma bikin masal' | label=Hate Speech | conf=0.710 | latency=3.1ms
2026-04-25 02:51:32 | INFO | hate_detect | PREDICT | model=svm | text='Selamat pagi semuanya, semoga hari ini menyenangkan.' | label=Hate Speech | conf=0.470 | latency=3.4ms
2026-04-25 02:51:32 | INFO | hate_detect | PREDICT | model=svm | text='Kamu ini bodoh sekali, tidak usah sok tahu.' | label=Normal | conf=0.500 | latency=0.0ms
2026-04-25 02:51:32 | INFO | hate_detect | PREDICT | model=svm | text='Jangan kasih suara buat dia, dia pengkhianat.' | label=Hate Speech | conf=0.442 | latency=1.9ms
2026-04-25 02:51:32 | INFO | hate_detect | PREDICT | model=svm | text='Dasar bego, gitu aja gak becus kerja!' | label=Abusive | conf=0.843 | latency=2.5ms
2026-04-25 02:51:32 | INFO | hate_detect | PREDICT | model=svm | text='Usir saja orang-orang itu dari sini, mereka cuma bikin masal' | label=Hate Speech | conf=0.710 | latency=1.0ms
2026-04-25 02:51:32 | INFO | hate_detect | PREDICT | model=svm | text='Selamat pagi semuanya, semoga hari ini menyenangkan.' | label=Hate Speech | conf=0.470 | latency=1.5ms
2026-04-25 02:51:32 | INFO | hate_detect | PREDICT | model=svm | text='Kamu ini bodoh sekali, tidak usah sok tahu.' | label=Normal | conf=0.500 | latency=0.0ms
2026-04-25 02:51:32 | INFO | hate_detect | PREDICT | model=svm | text='Jangan kasih suara buat dia, dia pengkhianat.' | label=Hate Speech | conf=0.442 | latency=2.4ms
2026-04-25 02:51:32 | INFO | hate_detect | PREDICT | model=svm | text='Dasar bego, gitu aja gak becus kerja!' | label=Abusive | conf=0.843 | latency=1.5ms
2026-04-25 02:51:32 | INFO | hate_detect | PREDICT | model=svm | text='Usir saja orang-orang itu dari sini, mereka cuma bikin masal' | label=Hate Speech | conf=0.710 | latency=1.0ms
2026-04-25 02:51:32 | INFO | hate_detect | PREDICT | model=svm | text='Selamat pagi semuanya, semoga hari ini menyenangkan.' | label=Hate Speech | conf=0.470 | latency=4.4ms
2026-04-25 02:51:32 | INFO | hate_detect | PREDICT | model=svm | text='Kamu ini bodoh sekali, tidak usah sok tahu.' | label=Normal | conf=0.500 | latency=0.0ms
2026-04-25 02:51:32 | INFO | hate_detect | PREDICT | model=svm | text='Jangan kasih suara buat dia, dia pengkhianat.' | label=Hate Speech | conf=0.442 | latency=2.1ms
2026-04-25 02:51:32 | INFO | hate_detect | PREDICT | model=svm | text='Dasar bego, gitu aja gak becus kerja!' | label=Abusive | conf=0.843 | latency=1.2ms
2026-04-25 02:51:32 | INFO | hate_detect | PREDICT | model=svm | text='Usir saja orang-orang itu dari sini, mereka cuma bikin masal' | label=Hate Speech | conf=0.710 | latency=1.5ms
2026-04-25 02:51:32 | INFO | hate_detect | PREDICT | model=svm | text='Selamat pagi semuanya, semoga hari ini menyenangkan.' | label=Hate Speech | conf=0.470 | latency=1.6ms
2026-04-25 02:51:32 | INFO | hate_detect | PREDICT | model=svm | text='Kamu ini bodoh sekali, tidak usah sok tahu.' | label=Normal | conf=0.500 | latency=0.0ms
2026-04-25 02:51:32 | INFO | hate_detect | PREDICT | model=svm | text='Jangan kasih suara buat dia, dia pengkhianat.' | label=Hate Speech | conf=0.442 | latency=3.2ms
2026-04-25 02:51:32 | INFO | hate_detect | PREDICT | model=svm | text='Dasar bego, gitu aja gak becus kerja!' | label=Abusive | conf=0.843 | latency=1.0ms
2026-04-25 02:51:32 | INFO | hate_detect | PREDICT | model=svm | text='Usir saja orang-orang itu dari sini, mereka cuma bikin masal' | label=Hate Speech | conf=0.710 | latency=1.5ms
2026-04-25 02:51:33 | INFO | hate_detect | PREDICT | model=svm | text='Selamat pagi semuanya, semoga hari ini menyenangkan.' | label=Hate Speech | conf=0.470 | latency=1.6ms
2026-04-25 02:51:33 | INFO | hate_detect | PREDICT | model=svm | text='Kamu ini bodoh sekali, tidak usah sok tahu.' | label=Normal | conf=0.500 | latency=0.0ms
2026-04-25 02:51:33 | INFO | hate_detect | PREDICT | model=svm | text='Jangan kasih suara buat dia, dia pengkhianat.' | label=Hate Speech | conf=0.442 | latency=1.0ms
2026-04-25 02:51:33 | INFO | hate_detect | PREDICT | model=svm | text='Dasar bego, gitu aja gak becus kerja!' | label=Abusive | conf=0.843 | latency=1.0ms
2026-04-25 02:51:33 | INFO | hate_detect | PREDICT | model=svm | text='Usir saja orang-orang itu dari sini, mereka cuma bikin masal' | label=Hate Speech | conf=0.710 | latency=0.6ms
2026-04-25 02:51:33 | INFO | hate_detect | PREDICT | model=svm | text='Selamat pagi semuanya, semoga hari ini menyenangkan.' | label=Hate Speech | conf=0.470 | latency=1.5ms
2026-04-25 02:51:33 | INFO | hate_detect | PREDICT | model=svm | text='Kamu ini bodoh sekali, tidak usah sok tahu.' | label=Normal | conf=0.500 | latency=0.0ms
2026-04-25 02:51:33 | INFO | hate_detect | PREDICT | model=svm | text='Jangan kasih suara buat dia, dia pengkhianat.' | label=Hate Speech | conf=0.442 | latency=2.1ms
2026-04-25 02:51:33 | INFO | hate_detect | PREDICT | model=svm | text='Dasar bego, gitu aja gak becus kerja!' | label=Abusive | conf=0.843 | latency=1.0ms
2026-04-25 02:51:33 | INFO | hate_detect | PREDICT | model=svm | text='Usir saja orang-orang itu dari sini, mereka cuma bikin masal' | label=Hate Speech | conf=0.710 | latency=1.5ms
2026-04-25 02:51:33 | INFO | hate_detect | PREDICT | model=svm | text='Selamat pagi semuanya, semoga hari ini menyenangkan.' | label=Hate Speech | conf=0.470 | latency=1.5ms
2026-04-25 02:51:33 | INFO | hate_detect | PREDICT | model=svm | text='Kamu ini bodoh sekali, tidak usah sok tahu.' | label=Normal | conf=0.500 | latency=0.0ms
2026-04-25 02:51:33 | INFO | hate_detect | PREDICT | model=svm | text='Jangan kasih suara buat dia, dia pengkhianat.' | label=Hate Speech | conf=0.442 | latency=1.6ms
2026-04-25 02:51:33 | INFO | hate_detect | PREDICT | model=svm | text='Dasar bego, gitu aja gak becus kerja!' | label=Abusive | conf=0.843 | latency=1.0ms
2026-04-25 02:51:33 | INFO | hate_detect | PREDICT | model=svm | text='Usir saja orang-orang itu dari sini, mereka cuma bikin masal' | label=Hate Speech | conf=0.710 | latency=1.5ms
2026-04-25 02:51:33 | INFO | hate_detect | PREDICT | model=svm | text='Selamat pagi semuanya, semoga hari ini menyenangkan.' | label=Hate Speech | conf=0.470 | latency=1.6ms
2026-04-25 02:51:33 | INFO | hate_detect | PREDICT | model=svm | text='Kamu ini bodoh sekali, tidak usah sok tahu.' | label=Normal | conf=0.500 | latency=0.0ms
2026-04-25 02:51:33 | INFO | hate_detect | PREDICT | model=svm | text='Jangan kasih suara buat dia, dia pengkhianat.' | label=Hate Speech | conf=0.442 | latency=2.0ms
2026-04-25 02:51:33 | INFO | hate_detect | PREDICT | model=svm | text='Dasar bego, gitu aja gak becus kerja!' | label=Abusive | conf=0.843 | latency=1.0ms
2026-04-25 02:51:33 | INFO | hate_detect | PREDICT | model=svm | text='Usir saja orang-orang itu dari sini, mereka cuma bikin masal' | label=Hate Speech | conf=0.710 | latency=1.7ms
2026-04-25 02:51:33 | INFO | hate_detect | PREDICT | model=svm | text='Selamat pagi semuanya, semoga hari ini menyenangkan.' | label=Hate Speech | conf=0.470 | latency=2.0ms
2026-04-25 02:51:33 | INFO | hate_detect | PREDICT | model=svm | text='Kamu ini bodoh sekali, tidak usah sok tahu.' | label=Normal | conf=0.500 | latency=0.0ms
2026-04-25 02:51:33 | INFO | hate_detect | PREDICT | model=svm | text='Jangan kasih suara buat dia, dia pengkhianat.' | label=Hate Speech | conf=0.442 | latency=4.2ms
2026-04-25 02:51:33 | INFO | hate_detect | PREDICT | model=svm | text='Dasar bego, gitu aja gak becus kerja!' | label=Abusive | conf=0.843 | latency=2.0ms
2026-04-25 02:51:33 | INFO | hate_detect | PREDICT | model=svm | text='Usir saja orang-orang itu dari sini, mereka cuma bikin masal' | label=Hate Speech | conf=0.710 | latency=2.4ms
2026-04-25 02:51:33 | INFO | hate_detect | PREDICT | model=svm | text='Selamat pagi semuanya, semoga hari ini menyenangkan.' | label=Hate Speech | conf=0.470 | latency=2.1ms
2026-04-25 02:51:33 | INFO | hate_detect | PREDICT | model=svm | text='Kamu ini bodoh sekali, tidak usah sok tahu.' | label=Normal | conf=0.500 | latency=0.0ms
2026-04-25 02:51:33 | INFO | hate_detect | PREDICT | model=svm | text='Jangan kasih suara buat dia, dia pengkhianat.' | label=Hate Speech | conf=0.442 | latency=2.0ms
2026-04-25 02:51:33 | INFO | hate_detect | PREDICT | model=svm | text='Dasar bego, gitu aja gak becus kerja!' | label=Abusive | conf=0.843 | latency=1.0ms
2026-04-25 02:51:33 | INFO | hate_detect | PREDICT | model=svm | text='Usir saja orang-orang itu dari sini, mereka cuma bikin masal' | label=Hate Speech | conf=0.710 | latency=1.5ms
2026-04-25 02:51:33 | INFO | hate_detect | PREDICT | model=svm | text='Selamat pagi semuanya, semoga hari ini menyenangkan.' | label=Hate Speech | conf=0.470 | latency=1.5ms
2026-04-25 02:51:33 | INFO | hate_detect | PREDICT | model=svm | text='Kamu ini bodoh sekali, tidak usah sok tahu.' | label=Normal | conf=0.500 | latency=0.0ms
2026-04-25 02:51:33 | INFO | hate_detect | PREDICT | model=svm | text='Jangan kasih suara buat dia, dia pengkhianat.' | label=Hate Speech | conf=0.442 | latency=1.0ms
2026-04-25 02:51:33 | INFO | hate_detect | PREDICT | model=svm | text='Dasar bego, gitu aja gak becus kerja!' | label=Abusive | conf=0.843 | latency=0.0ms
2026-04-25 02:51:33 | INFO | hate_detect | PREDICT | model=svm | text='Usir saja orang-orang itu dari sini, mereka cuma bikin masal' | label=Hate Speech | conf=0.710 | latency=1.0ms
2026-04-25 02:51:33 | INFO | hate_detect | PREDICT | model=svm | text='Selamat pagi semuanya, semoga hari ini menyenangkan.' | label=Hate Speech | conf=0.470 | latency=1.2ms
2026-04-25 02:51:33 | INFO | hate_detect | PREDICT | model=svm | text='Kamu ini bodoh sekali, tidak usah sok tahu.' | label=Normal | conf=0.500 | latency=0.0ms
2026-04-25 02:51:33 | INFO | hate_detect | PREDICT | model=svm | text='Jangan kasih suara buat dia, dia pengkhianat.' | label=Hate Speech | conf=0.442 | latency=2.0ms
2026-04-25 02:51:33 | INFO | hate_detect | PREDICT | model=svm | text='Dasar bego, gitu aja gak becus kerja!' | label=Abusive | conf=0.843 | latency=1.0ms
2026-04-25 02:51:33 | INFO | hate_detect | PREDICT | model=svm | text='Usir saja orang-orang itu dari sini, mereka cuma bikin masal' | label=Hate Speech | conf=0.710 | latency=1.5ms
2026-04-25 02:51:33 | INFO | hate_detect | PREDICT | model=svm | text='Selamat pagi semuanya, semoga hari ini menyenangkan.' | label=Hate Speech | conf=0.470 | latency=1.0ms
2026-04-25 02:51:33 | INFO | hate_detect | PREDICT | model=svm | text='Kamu ini bodoh sekali, tidak usah sok tahu.' | label=Normal | conf=0.500 | latency=0.0ms
2026-04-25 02:51:33 | INFO | hate_detect | PREDICT | model=svm | text='Jangan kasih suara buat dia, dia pengkhianat.' | label=Hate Speech | conf=0.442 | latency=1.5ms
2026-04-25 02:51:33 | INFO | hate_detect | PREDICT | model=svm | text='Dasar bego, gitu aja gak becus kerja!' | label=Abusive | conf=0.843 | latency=1.0ms
2026-04-25 02:51:33 | INFO | hate_detect | PREDICT | model=svm | text='Usir saja orang-orang itu dari sini, mereka cuma bikin masal' | label=Hate Speech | conf=0.710 | latency=1.8ms
2026-04-25 02:51:33 | INFO | hate_detect | PREDICT | model=svm | text='Selamat pagi semuanya, semoga hari ini menyenangkan.' | label=Hate Speech | conf=0.470 | latency=1.0ms
2026-04-25 02:51:33 | INFO | hate_detect | PREDICT | model=svm | text='Kamu ini bodoh sekali, tidak usah sok tahu.' | label=Normal | conf=0.500 | latency=0.0ms
2026-04-25 02:51:33 | INFO | hate_detect | PREDICT | model=svm | text='Jangan kasih suara buat dia, dia pengkhianat.' | label=Hate Speech | conf=0.442 | latency=1.5ms
2026-04-25 02:51:33 | INFO | hate_detect | PREDICT | model=svm | text='Dasar bego, gitu aja gak becus kerja!' | label=Abusive | conf=0.843 | latency=1.0ms
2026-04-25 02:51:33 | INFO | hate_detect | PREDICT | model=svm | text='Usir saja orang-orang itu dari sini, mereka cuma bikin masal' | label=Hate Speech | conf=0.710 | latency=1.0ms
2026-04-25 02:51:33 | INFO | hate_detect | PREDICT | model=svm | text='Selamat pagi semuanya, semoga hari ini menyenangkan.' | label=Hate Speech | conf=0.470 | latency=0.5ms
2026-04-25 02:51:33 | INFO | hate_detect | PREDICT | model=svm | text='Kamu ini bodoh sekali, tidak usah sok tahu.' | label=Normal | conf=0.500 | latency=0.0ms
2026-04-25 02:51:33 | INFO | hate_detect | PREDICT | model=svm | text='Jangan kasih suara buat dia, dia pengkhianat.' | label=Hate Speech | conf=0.442 | latency=1.5ms
2026-04-25 02:51:33 | INFO | hate_detect | PREDICT | model=svm | text='Dasar bego, gitu aja gak becus kerja!' | label=Abusive | conf=0.843 | latency=1.5ms
2026-04-25 02:51:33 | INFO | hate_detect | PREDICT | model=svm | text='Usir saja orang-orang itu dari sini, mereka cuma bikin masal' | label=Hate Speech | conf=0.710 | latency=2.0ms
2026-04-25 02:51:33 | INFO | hate_detect | PREDICT | model=svm | text='Selamat pagi semuanya, semoga hari ini menyenangkan.' | label=Hate Speech | conf=0.470 | latency=1.0ms
2026-04-25 02:51:33 | INFO | hate_detect | PREDICT | model=svm | text='Kamu ini bodoh sekali, tidak usah sok tahu.' | label=Normal | conf=0.500 | latency=0.0ms
2026-04-25 02:51:33 | INFO | hate_detect | PREDICT | model=svm | text='Jangan kasih suara buat dia, dia pengkhianat.' | label=Hate Speech | conf=0.442 | latency=0.5ms
2026-04-25 02:51:33 | INFO | hate_detect | PREDICT | model=svm | text='Dasar bego, gitu aja gak becus kerja!' | label=Abusive | conf=0.843 | latency=1.6ms
2026-04-25 02:51:33 | INFO | hate_detect | PREDICT | model=svm | text='Usir saja orang-orang itu dari sini, mereka cuma bikin masal' | label=Hate Speech | conf=0.710 | latency=1.6ms
2026-04-25 02:51:33 | INFO | hate_detect | PREDICT | model=svm | text='Selamat pagi semuanya, semoga hari ini menyenangkan.' | label=Hate Speech | conf=0.470 | latency=1.0ms
2026-04-25 02:51:33 | INFO | hate_detect | PREDICT | model=svm | text='Kamu ini bodoh sekali, tidak usah sok tahu.' | label=Normal | conf=0.500 | latency=0.0ms
2026-04-25 02:51:33 | INFO | hate_detect | PREDICT | model=svm | text='Jangan kasih suara buat dia, dia pengkhianat.' | label=Hate Speech | conf=0.442 | latency=0.5ms
2026-04-25 02:51:33 | INFO | hate_detect | PREDICT | model=svm | text='Dasar bego, gitu aja gak becus kerja!' | label=Abusive | conf=0.843 | latency=0.5ms
2026-04-25 02:51:33 | INFO | hate_detect | PREDICT | model=svm | text='Usir saja orang-orang itu dari sini, mereka cuma bikin masal' | label=Hate Speech | conf=0.710 | latency=0.5ms
2026-04-25 02:51:33 | INFO | hate_detect | PREDICT | model=svm | text='Selamat pagi semuanya, semoga hari ini menyenangkan.' | label=Hate Speech | conf=0.470 | latency=1.0ms
2026-04-25 02:51:33 | INFO | hate_detect | PREDICT | model=svm | text='Kamu ini bodoh sekali, tidak usah sok tahu.' | label=Normal | conf=0.500 | latency=0.0ms
2026-04-25 02:51:33 | INFO | hate_detect | PREDICT | model=svm | text='Jangan kasih suara buat dia, dia pengkhianat.' | label=Hate Speech | conf=0.442 | latency=0.5ms
2026-04-25 02:51:33 | INFO | hate_detect | PREDICT | model=svm | text='Dasar bego, gitu aja gak becus kerja!' | label=Abusive | conf=0.843 | latency=1.5ms
2026-04-25 02:51:33 | INFO | hate_detect | PREDICT | model=svm | text='Usir saja orang-orang itu dari sini, mereka cuma bikin masal' | label=Hate Speech | conf=0.710 | latency=0.5ms
2026-04-25 02:51:33 | INFO | hate_detect | PREDICT | model=svm | text='Selamat pagi semuanya, semoga hari ini menyenangkan.' | label=Hate Speech | conf=0.470 | latency=2.0ms
2026-04-25 02:51:33 | INFO | hate_detect | PREDICT | model=svm | text='Kamu ini bodoh sekali, tidak usah sok tahu.' | label=Normal | conf=0.500 | latency=0.0ms
2026-04-25 02:51:33 | INFO | hate_detect | PREDICT | model=svm | text='Jangan kasih suara buat dia, dia pengkhianat.' | label=Hate Speech | conf=0.442 | latency=1.5ms
2026-04-25 02:51:33 | INFO | hate_detect | PREDICT | model=svm | text='Dasar bego, gitu aja gak becus kerja!' | label=Abusive | conf=0.843 | latency=1.0ms
2026-04-25 02:51:33 | INFO | hate_detect | PREDICT | model=svm | text='Usir saja orang-orang itu dari sini, mereka cuma bikin masal' | label=Hate Speech | conf=0.710 | latency=0.0ms
2026-04-25 02:51:33 | INFO | hate_detect | PREDICT | model=svm | text='Selamat pagi semuanya, semoga hari ini menyenangkan.' | label=Hate Speech | conf=0.470 | latency=2.0ms
2026-04-25 02:51:33 | INFO | hate_detect | PREDICT | model=svm | text='Kamu ini bodoh sekali, tidak usah sok tahu.' | label=Normal | conf=0.500 | latency=0.0ms
2026-04-25 02:51:33 | INFO | hate_detect | PREDICT | model=svm | text='Jangan kasih suara buat dia, dia pengkhianat.' | label=Hate Speech | conf=0.442 | latency=1.5ms
2026-04-25 02:51:33 | INFO | hate_detect | PREDICT | model=svm | text='Dasar bego, gitu aja gak becus kerja!' | label=Abusive | conf=0.843 | latency=2.1ms
2026-04-25 02:51:33 | INFO | hate_detect | PREDICT | model=svm | text='Usir saja orang-orang itu dari sini, mereka cuma bikin masal' | label=Hate Speech | conf=0.710 | latency=1.5ms
2026-04-25 02:51:33 | INFO | hate_detect | PREDICT | model=svm | text='Selamat pagi semuanya, semoga hari ini menyenangkan.' | label=Hate Speech | conf=0.470 | latency=1.1ms
2026-04-25 02:51:33 | INFO | hate_detect | PREDICT | model=svm | text='Kamu ini bodoh sekali, tidak usah sok tahu.' | label=Normal | conf=0.500 | latency=0.0ms
2026-04-25 02:51:33 | INFO | hate_detect | PREDICT | model=svm | text='Jangan kasih suara buat dia, dia pengkhianat.' | label=Hate Speech | conf=0.442 | latency=2.0ms
2026-04-25 02:51:33 | INFO | hate_detect | PREDICT | model=svm | text='Dasar bego, gitu aja gak becus kerja!' | label=Abusive | conf=0.843 | latency=2.0ms
2026-04-25 02:51:33 | INFO | hate_detect | PREDICT | model=svm | text='Usir saja orang-orang itu dari sini, mereka cuma bikin masal' | label=Hate Speech | conf=0.710 | latency=1.5ms
2026-04-25 02:51:33 | INFO | hate_detect | PREDICT | model=svm | text='Selamat pagi semuanya, semoga hari ini menyenangkan.' | label=Hate Speech | conf=0.470 | latency=1.5ms
2026-04-25 02:51:33 | INFO | hate_detect | PREDICT | model=svm | text='Kamu ini bodoh sekali, tidak usah sok tahu.' | label=Normal | conf=0.500 | latency=0.0ms
2026-04-25 02:51:33 | INFO | hate_detect | PREDICT | model=svm | text='Jangan kasih suara buat dia, dia pengkhianat.' | label=Hate Speech | conf=0.442 | latency=1.4ms
2026-04-25 02:51:33 | INFO | hate_detect | PREDICT | model=svm | text='Dasar bego, gitu aja gak becus kerja!' | label=Abusive | conf=0.843 | latency=0.5ms
2026-04-25 02:51:33 | INFO | hate_detect | PREDICT | model=svm | text='Usir saja orang-orang itu dari sini, mereka cuma bikin masal' | label=Hate Speech | conf=0.710 | latency=1.5ms
2026-04-25 02:51:33 | INFO | hate_detect | PREDICT | model=svm | text='Selamat pagi semuanya, semoga hari ini menyenangkan.' | label=Hate Speech | conf=0.470 | latency=1.0ms
2026-04-25 02:51:33 | INFO | hate_detect | PREDICT | model=svm | text='Kamu ini bodoh sekali, tidak usah sok tahu.' | label=Normal | conf=0.500 | latency=0.0ms
2026-04-25 02:51:33 | INFO | hate_detect | PREDICT | model=svm | text='Jangan kasih suara buat dia, dia pengkhianat.' | label=Hate Speech | conf=0.442 | latency=1.0ms
2026-04-25 02:51:33 | INFO | hate_detect | PREDICT | model=svm | text='Dasar bego, gitu aja gak becus kerja!' | label=Abusive | conf=0.843 | latency=1.0ms
2026-04-25 02:51:33 | INFO | hate_detect | PREDICT | model=svm | text='Usir saja orang-orang itu dari sini, mereka cuma bikin masal' | label=Hate Speech | conf=0.710 | latency=1.0ms
2026-04-25 02:51:33 | INFO | hate_detect | PREDICT | model=svm | text='Selamat pagi semuanya, semoga hari ini menyenangkan.' | label=Hate Speech | conf=0.470 | latency=1.8ms
2026-04-25 02:51:33 | INFO | hate_detect | PREDICT | model=svm | text='Kamu ini bodoh sekali, tidak usah sok tahu.' | label=Normal | conf=0.500 | latency=0.0ms
2026-04-25 02:51:33 | INFO | hate_detect | PREDICT | model=svm | text='Jangan kasih suara buat dia, dia pengkhianat.' | label=Hate Speech | conf=0.442 | latency=2.1ms
2026-04-25 02:51:33 | INFO | hate_detect | PREDICT | model=svm | text='Dasar bego, gitu aja gak becus kerja!' | label=Abusive | conf=0.843 | latency=1.0ms
2026-04-25 02:51:33 | INFO | hate_detect | PREDICT | model=svm | text='Usir saja orang-orang itu dari sini, mereka cuma bikin masal' | label=Hate Speech | conf=0.710 | latency=2.3ms
2026-04-25 02:51:33 | INFO | hate_detect | PREDICT | model=svm | text='Selamat pagi semuanya, semoga hari ini menyenangkan.' | label=Hate Speech | conf=0.470 | latency=0.5ms
2026-04-25 02:51:33 | INFO | hate_detect | PREDICT | model=svm | text='Kamu ini bodoh sekali, tidak usah sok tahu.' | label=Normal | conf=0.500 | latency=0.0ms
2026-04-25 02:51:33 | INFO | hate_detect | PREDICT | model=svm | text='Jangan kasih suara buat dia, dia pengkhianat.' | label=Hate Speech | conf=0.442 | latency=1.5ms
2026-04-25 02:51:33 | INFO | hate_detect | PREDICT | model=svm | text='Dasar bego, gitu aja gak becus kerja!' | label=Abusive | conf=0.843 | latency=0.0ms
2026-04-25 02:51:33 | INFO | hate_detect | PREDICT | model=svm | text='Usir saja orang-orang itu dari sini, mereka cuma bikin masal' | label=Hate Speech | conf=0.710 | latency=1.0ms
2026-04-25 02:51:33 | INFO | hate_detect | PREDICT | model=svm | text='Selamat pagi semuanya, semoga hari ini menyenangkan.' | label=Hate Speech | conf=0.470 | latency=1.0ms
2026-04-25 02:51:33 | INFO | hate_detect | PREDICT | model=svm | text='Kamu ini bodoh sekali, tidak usah sok tahu.' | label=Normal | conf=0.500 | latency=0.0ms
2026-04-25 02:51:33 | INFO | hate_detect | PREDICT | model=svm | text='Jangan kasih suara buat dia, dia pengkhianat.' | label=Hate Speech | conf=0.442 | latency=1.1ms
2026-04-25 02:51:33 | INFO | hate_detect | PREDICT | model=svm | text='Dasar bego, gitu aja gak becus kerja!' | label=Abusive | conf=0.843 | latency=0.5ms
2026-04-25 02:51:33 | INFO | hate_detect | PREDICT | model=svm | text='Usir saja orang-orang itu dari sini, mereka cuma bikin masal' | label=Hate Speech | conf=0.710 | latency=1.8ms
2026-04-25 02:51:33 | INFO | hate_detect | PREDICT | model=svm | text='Selamat pagi semuanya, semoga hari ini menyenangkan.' | label=Hate Speech | conf=0.470 | latency=1.0ms
2026-04-25 02:51:33 | INFO | hate_detect | PREDICT | model=svm | text='Kamu ini bodoh sekali, tidak usah sok tahu.' | label=Normal | conf=0.500 | latency=0.0ms
2026-04-25 02:51:33 | INFO | hate_detect | PREDICT | model=svm | text='Jangan kasih suara buat dia, dia pengkhianat.' | label=Hate Speech | conf=0.442 | latency=0.0ms
2026-04-25 02:51:33 | INFO | hate_detect | PREDICT | model=svm | text='Dasar bego, gitu aja gak becus kerja!' | label=Abusive | conf=0.843 | latency=1.0ms
2026-04-25 02:51:33 | INFO | hate_detect | PREDICT | model=svm | text='Usir saja orang-orang itu dari sini, mereka cuma bikin masal' | label=Hate Speech | conf=0.710 | latency=1.0ms
2026-04-25 02:51:33 | INFO | hate_detect | PREDICT | model=svm | text='Selamat pagi semuanya, semoga hari ini menyenangkan.' | label=Hate Speech | conf=0.470 | latency=1.0ms
2026-04-25 02:51:33 | INFO | hate_detect | PREDICT | model=svm | text='Kamu ini bodoh sekali, tidak usah sok tahu.' | label=Normal | conf=0.500 | latency=0.0ms
2026-04-25 02:51:33 | INFO | hate_detect | PREDICT | model=svm | text='Jangan kasih suara buat dia, dia pengkhianat.' | label=Hate Speech | conf=0.442 | latency=0.0ms
2026-04-25 02:51:33 | INFO | hate_detect | PREDICT | model=svm | text='Dasar bego, gitu aja gak becus kerja!' | label=Abusive | conf=0.843 | latency=2.4ms
2026-04-25 02:51:33 | INFO | hate_detect | PREDICT | model=svm | text='Usir saja orang-orang itu dari sini, mereka cuma bikin masal' | label=Hate Speech | conf=0.710 | latency=1.0ms
2026-04-25 02:51:33 | INFO | hate_detect | PREDICT | model=svm | text='Selamat pagi semuanya, semoga hari ini menyenangkan.' | label=Hate Speech | conf=0.470 | latency=1.0ms
2026-04-25 02:51:33 | INFO | hate_detect | PREDICT | model=svm | text='Kamu ini bodoh sekali, tidak usah sok tahu.' | label=Normal | conf=0.500 | latency=0.0ms
2026-04-25 02:51:33 | INFO | hate_detect | PREDICT | model=svm | text='Jangan kasih suara buat dia, dia pengkhianat.' | label=Hate Speech | conf=0.442 | latency=1.5ms
2026-04-25 02:51:33 | INFO | hate_detect | PREDICT | model=svm | text='Dasar bego, gitu aja gak becus kerja!' | label=Abusive | conf=0.843 | latency=3.3ms
2026-04-25 02:51:33 | INFO | hate_detect | PREDICT | model=svm | text='Usir saja orang-orang itu dari sini, mereka cuma bikin masal' | label=Hate Speech | conf=0.710 | latency=1.5ms
2026-04-25 02:51:33 | INFO | hate_detect | PREDICT | model=svm | text='Selamat pagi semuanya, semoga hari ini menyenangkan.' | label=Hate Speech | conf=0.470 | latency=2.2ms
2026-04-25 02:51:33 | INFO | hate_detect | PREDICT | model=svm | text='Kamu ini bodoh sekali, tidak usah sok tahu.' | label=Normal | conf=0.500 | latency=0.0ms
2026-04-25 02:51:33 | INFO | hate_detect | PREDICT | model=svm | text='Jangan kasih suara buat dia, dia pengkhianat.' | label=Hate Speech | conf=0.442 | latency=2.5ms
2026-04-25 02:51:33 | INFO | hate_detect | PREDICT | model=svm | text='Dasar bego, gitu aja gak becus kerja!' | label=Abusive | conf=0.843 | latency=2.9ms
2026-04-25 02:51:33 | INFO | hate_detect | PREDICT | model=svm | text='Usir saja orang-orang itu dari sini, mereka cuma bikin masal' | label=Hate Speech | conf=0.710 | latency=1.0ms
2026-04-25 02:51:33 | INFO | hate_detect | PREDICT | model=svm | text='Selamat pagi semuanya, semoga hari ini menyenangkan.' | label=Hate Speech | conf=0.470 | latency=1.6ms
2026-04-25 02:51:33 | INFO | hate_detect | PREDICT | model=svm | text='Kamu ini bodoh sekali, tidak usah sok tahu.' | label=Normal | conf=0.500 | latency=0.0ms
2026-04-25 02:51:33 | INFO | hate_detect | PREDICT | model=svm | text='Jangan kasih suara buat dia, dia pengkhianat.' | label=Hate Speech | conf=0.442 | latency=1.5ms
2026-04-25 02:51:33 | INFO | hate_detect | PREDICT | model=svm | text='Dasar bego, gitu aja gak becus kerja!' | label=Abusive | conf=0.843 | latency=1.5ms
2026-04-25 02:51:33 | INFO | hate_detect | PREDICT | model=svm | text='Usir saja orang-orang itu dari sini, mereka cuma bikin masal' | label=Hate Speech | conf=0.710 | latency=1.5ms
2026-04-25 02:51:33 | INFO | hate_detect | PREDICT | model=svm | text='Selamat pagi semuanya, semoga hari ini menyenangkan.' | label=Hate Speech | conf=0.470 | latency=1.0ms
2026-04-25 02:51:33 | INFO | hate_detect | PREDICT | model=svm | text='Kamu ini bodoh sekali, tidak usah sok tahu.' | label=Normal | conf=0.500 | latency=0.0ms
2026-04-25 02:51:33 | INFO | hate_detect | PREDICT | model=svm | text='Jangan kasih suara buat dia, dia pengkhianat.' | label=Hate Speech | conf=0.442 | latency=2.0ms
2026-04-25 02:51:33 | INFO | hate_detect | PREDICT | model=svm | text='Dasar bego, gitu aja gak becus kerja!' | label=Abusive | conf=0.843 | latency=1.5ms
2026-04-25 02:51:33 | INFO | hate_detect | PREDICT | model=svm | text='Usir saja orang-orang itu dari sini, mereka cuma bikin masal' | label=Hate Speech | conf=0.710 | latency=1.0ms
2026-04-25 02:51:33 | INFO | hate_detect | PREDICT | model=svm | text='Selamat pagi semuanya, semoga hari ini menyenangkan.' | label=Hate Speech | conf=0.470 | latency=0.5ms
2026-04-25 02:51:33 | INFO | hate_detect | PREDICT | model=svm | text='Kamu ini bodoh sekali, tidak usah sok tahu.' | label=Normal | conf=0.500 | latency=0.0ms
2026-04-25 02:51:33 | INFO | hate_detect | PREDICT | model=svm | text='Jangan kasih suara buat dia, dia pengkhianat.' | label=Hate Speech | conf=0.442 | latency=1.0ms
2026-04-25 02:51:33 | INFO | hate_detect | PREDICT | model=svm | text='Dasar bego, gitu aja gak becus kerja!' | label=Abusive | conf=0.843 | latency=2.0ms
2026-04-25 02:51:33 | INFO | hate_detect | PREDICT | model=svm | text='Usir saja orang-orang itu dari sini, mereka cuma bikin masal' | label=Hate Speech | conf=0.710 | latency=1.0ms
2026-04-25 02:51:33 | INFO | hate_detect | PREDICT | model=svm | text='Selamat pagi semuanya, semoga hari ini menyenangkan.' | label=Hate Speech | conf=0.470 | latency=1.0ms
2026-04-25 02:51:33 | INFO | hate_detect | PREDICT | model=svm | text='Kamu ini bodoh sekali, tidak usah sok tahu.' | label=Normal | conf=0.500 | latency=0.0ms
2026-04-25 02:51:33 | INFO | hate_detect | PREDICT | model=svm | text='Jangan kasih suara buat dia, dia pengkhianat.' | label=Hate Speech | conf=0.442 | latency=0.5ms
2026-04-25 02:51:33 | INFO | hate_detect | PREDICT | model=svm | text='Dasar bego, gitu aja gak becus kerja!' | label=Abusive | conf=0.843 | latency=2.0ms
2026-04-25 02:51:33 | INFO | hate_detect | PREDICT | model=svm | text='Usir saja orang-orang itu dari sini, mereka cuma bikin masal' | label=Hate Speech | conf=0.710 | latency=1.0ms
2026-04-25 02:51:33 | INFO | hate_detect | PREDICT | model=svm | text='Selamat pagi semuanya, semoga hari ini menyenangkan.' | label=Hate Speech | conf=0.470 | latency=1.0ms
2026-04-25 02:51:33 | INFO | hate_detect | PREDICT | model=svm | text='Kamu ini bodoh sekali, tidak usah sok tahu.' | label=Normal | conf=0.500 | latency=0.0ms
2026-04-25 02:51:33 | INFO | hate_detect | PREDICT | model=svm | text='Jangan kasih suara buat dia, dia pengkhianat.' | label=Hate Speech | conf=0.442 | latency=1.0ms
2026-04-25 02:51:33 | INFO | hate_detect | PREDICT | model=svm | text='Dasar bego, gitu aja gak becus kerja!' | label=Abusive | conf=0.843 | latency=1.5ms
2026-04-25 02:51:33 | INFO | hate_detect | PREDICT | model=svm | text='Usir saja orang-orang itu dari sini, mereka cuma bikin masal' | label=Hate Speech | conf=0.710 | latency=1.5ms
2026-04-25 02:51:33 | INFO | hate_detect | PREDICT | model=svm | text='Selamat pagi semuanya, semoga hari ini menyenangkan.' | label=Hate Speech | conf=0.470 | latency=0.0ms
2026-04-25 02:51:33 | INFO | hate_detect | PREDICT | model=svm | text='Kamu ini bodoh sekali, tidak usah sok tahu.' | label=Normal | conf=0.500 | latency=0.0ms
2026-04-25 02:51:33 | INFO | hate_detect | PREDICT | model=svm | text='Jangan kasih suara buat dia, dia pengkhianat.' | label=Hate Speech | conf=0.442 | latency=1.0ms
2026-04-25 02:51:33 | INFO | hate_detect | PREDICT | model=svm | text='Dasar bego, gitu aja gak becus kerja!' | label=Abusive | conf=0.843 | latency=1.0ms
2026-04-25 02:51:33 | INFO | hate_detect | PREDICT | model=svm | text='Usir saja orang-orang itu dari sini, mereka cuma bikin masal' | label=Hate Speech | conf=0.710 | latency=0.5ms
2026-04-25 02:51:33 | INFO | hate_detect | PREDICT | model=svm | text='Selamat pagi semuanya, semoga hari ini menyenangkan.' | label=Hate Speech | conf=0.470 | latency=2.6ms
2026-04-25 02:51:33 | INFO | hate_detect | PREDICT | model=svm | text='Kamu ini bodoh sekali, tidak usah sok tahu.' | label=Normal | conf=0.500 | latency=0.0ms
2026-04-25 02:51:33 | INFO | hate_detect | PREDICT | model=svm | text='Jangan kasih suara buat dia, dia pengkhianat.' | label=Hate Speech | conf=0.442 | latency=1.0ms
2026-04-25 02:51:33 | INFO | hate_detect | PREDICT | model=svm | text='Dasar bego, gitu aja gak becus kerja!' | label=Abusive | conf=0.843 | latency=1.5ms
2026-04-25 02:51:33 | INFO | hate_detect | PREDICT | model=svm | text='Usir saja orang-orang itu dari sini, mereka cuma bikin masal' | label=Hate Speech | conf=0.710 | latency=1.0ms
2026-04-25 02:51:33 | INFO | hate_detect | PREDICT | model=svm | text='Selamat pagi semuanya, semoga hari ini menyenangkan.' | label=Hate Speech | conf=0.470 | latency=1.0ms
2026-04-25 02:51:33 | INFO | hate_detect | PREDICT | model=svm | text='Kamu ini bodoh sekali, tidak usah sok tahu.' | label=Normal | conf=0.500 | latency=0.0ms
2026-04-25 02:51:33 | INFO | hate_detect | PREDICT | model=svm | text='Jangan kasih suara buat dia, dia pengkhianat.' | label=Hate Speech | conf=0.442 | latency=2.2ms
2026-04-25 02:51:33 | INFO | hate_detect | PREDICT | model=svm | text='Dasar bego, gitu aja gak becus kerja!' | label=Abusive | conf=0.843 | latency=0.5ms
2026-04-25 02:51:33 | INFO | hate_detect | PREDICT | model=svm | text='Usir saja orang-orang itu dari sini, mereka cuma bikin masal' | label=Hate Speech | conf=0.710 | latency=1.5ms
2026-04-25 02:51:33 | INFO | hate_detect | PREDICT | model=svm | text='Selamat pagi semuanya, semoga hari ini menyenangkan.' | label=Hate Speech | conf=0.470 | latency=1.0ms
2026-04-25 02:51:33 | INFO | hate_detect | PREDICT | model=svm | text='Kamu ini bodoh sekali, tidak usah sok tahu.' | label=Normal | conf=0.500 | latency=0.0ms
2026-04-25 02:51:33 | INFO | hate_detect | PREDICT | model=svm | text='Jangan kasih suara buat dia, dia pengkhianat.' | label=Hate Speech | conf=0.442 | latency=1.0ms
2026-04-25 02:51:33 | INFO | hate_detect | PREDICT | model=svm | text='Dasar bego, gitu aja gak becus kerja!' | label=Abusive | conf=0.843 | latency=1.5ms
2026-04-25 02:51:33 | INFO | hate_detect | PREDICT | model=svm | text='Usir saja orang-orang itu dari sini, mereka cuma bikin masal' | label=Hate Speech | conf=0.710 | latency=1.5ms
2026-04-25 02:51:33 | INFO | hate_detect | PREDICT | model=svm | text='Selamat pagi semuanya, semoga hari ini menyenangkan.' | label=Hate Speech | conf=0.470 | latency=0.6ms
2026-04-25 02:51:33 | INFO | hate_detect | PREDICT | model=svm | text='Kamu ini bodoh sekali, tidak usah sok tahu.' | label=Normal | conf=0.500 | latency=0.0ms
2026-04-25 02:51:33 | INFO | hate_detect | PREDICT | model=svm | text='Jangan kasih suara buat dia, dia pengkhianat.' | label=Hate Speech | conf=0.442 | latency=1.0ms
2026-04-25 02:51:33 | INFO | hate_detect | PREDICT | model=svm | text='Dasar bego, gitu aja gak becus kerja!' | label=Abusive | conf=0.843 | latency=1.0ms
2026-04-25 02:51:33 | INFO | hate_detect | PREDICT | model=svm | text='Usir saja orang-orang itu dari sini, mereka cuma bikin masal' | label=Hate Speech | conf=0.710 | latency=1.5ms
2026-04-25 02:51:33 | INFO | hate_detect | PREDICT | model=svm | text='Selamat pagi semuanya, semoga hari ini menyenangkan.' | label=Hate Speech | conf=0.470 | latency=1.0ms
2026-04-25 02:51:33 | INFO | hate_detect | PREDICT | model=svm | text='Kamu ini bodoh sekali, tidak usah sok tahu.' | label=Normal | conf=0.500 | latency=0.0ms
2026-04-25 02:51:33 | INFO | hate_detect | PREDICT | model=svm | text='Jangan kasih suara buat dia, dia pengkhianat.' | label=Hate Speech | conf=0.442 | latency=1.0ms
2026-04-25 02:51:33 | INFO | hate_detect | PREDICT | model=svm | text='Dasar bego, gitu aja gak becus kerja!' | label=Abusive | conf=0.843 | latency=1.0ms
2026-04-25 02:51:33 | INFO | hate_detect | PREDICT | model=svm | text='Usir saja orang-orang itu dari sini, mereka cuma bikin masal' | label=Hate Speech | conf=0.710 | latency=1.0ms
2026-04-25 02:51:33 | INFO | hate_detect | PREDICT | model=svm | text='Selamat pagi semuanya, semoga hari ini menyenangkan.' | label=Hate Speech | conf=0.470 | latency=0.6ms
2026-04-25 02:51:33 | INFO | hate_detect | PREDICT | model=svm | text='Kamu ini bodoh sekali, tidak usah sok tahu.' | label=Normal | conf=0.500 | latency=0.0ms
2026-04-25 02:51:33 | INFO | hate_detect | PREDICT | model=svm | text='Jangan kasih suara buat dia, dia pengkhianat.' | label=Hate Speech | conf=0.442 | latency=1.0ms
2026-04-25 02:51:33 | INFO | hate_detect | PREDICT | model=svm | text='Dasar bego, gitu aja gak becus kerja!' | label=Abusive | conf=0.843 | latency=1.0ms
2026-04-25 02:51:33 | INFO | hate_detect | PREDICT | model=svm | text='Usir saja orang-orang itu dari sini, mereka cuma bikin masal' | label=Hate Speech | conf=0.710 | latency=1.0ms
2026-04-25 02:51:33 | INFO | hate_detect | PREDICT | model=svm | text='Selamat pagi semuanya, semoga hari ini menyenangkan.' | label=Hate Speech | conf=0.470 | latency=1.1ms
2026-04-25 02:51:33 | INFO | hate_detect | PREDICT | model=svm | text='Kamu ini bodoh sekali, tidak usah sok tahu.' | label=Normal | conf=0.500 | latency=0.0ms
2026-04-25 02:51:33 | INFO | hate_detect | PREDICT | model=svm | text='Jangan kasih suara buat dia, dia pengkhianat.' | label=Hate Speech | conf=0.442 | latency=0.6ms
2026-04-25 02:51:33 | INFO | hate_detect | PREDICT | model=svm | text='Dasar bego, gitu aja gak becus kerja!' | label=Abusive | conf=0.843 | latency=2.6ms
2026-04-25 02:51:33 | INFO | hate_detect | PREDICT | model=svm | text='Usir saja orang-orang itu dari sini, mereka cuma bikin masal' | label=Hate Speech | conf=0.710 | latency=2.0ms
2026-04-25 02:51:33 | INFO | hate_detect | PREDICT | model=svm | text='Selamat pagi semuanya, semoga hari ini menyenangkan.' | label=Hate Speech | conf=0.470 | latency=1.0ms
2026-04-25 02:51:33 | INFO | hate_detect | PREDICT | model=svm | text='Kamu ini bodoh sekali, tidak usah sok tahu.' | label=Normal | conf=0.500 | latency=0.0ms
2026-04-25 02:51:33 | INFO | hate_detect | PREDICT | model=svm | text='Jangan kasih suara buat dia, dia pengkhianat.' | label=Hate Speech | conf=0.442 | latency=1.0ms
2026-04-25 02:51:33 | INFO | hate_detect | PREDICT | model=svm | text='Dasar bego, gitu aja gak becus kerja!' | label=Abusive | conf=0.843 | latency=2.9ms
2026-04-25 02:51:33 | INFO | hate_detect | PREDICT | model=svm | text='Usir saja orang-orang itu dari sini, mereka cuma bikin masal' | label=Hate Speech | conf=0.710 | latency=1.5ms
2026-04-25 02:51:33 | INFO | hate_detect | PREDICT | model=svm | text='Selamat pagi semuanya, semoga hari ini menyenangkan.' | label=Hate Speech | conf=0.470 | latency=0.0ms
2026-04-25 02:51:33 | INFO | hate_detect | PREDICT | model=svm | text='Kamu ini bodoh sekali, tidak usah sok tahu.' | label=Normal | conf=0.500 | latency=0.0ms
2026-04-25 02:51:33 | INFO | hate_detect | PREDICT | model=svm | text='Jangan kasih suara buat dia, dia pengkhianat.' | label=Hate Speech | conf=0.442 | latency=1.5ms
2026-04-25 02:51:33 | INFO | hate_detect | PREDICT | model=svm | text='Dasar bego, gitu aja gak becus kerja!' | label=Abusive | conf=0.843 | latency=1.5ms
2026-04-25 02:51:33 | INFO | hate_detect | PREDICT | model=svm | text='Usir saja orang-orang itu dari sini, mereka cuma bikin masal' | label=Hate Speech | conf=0.710 | latency=0.0ms
2026-04-25 02:51:33 | INFO | hate_detect | PREDICT | model=svm | text='Selamat pagi semuanya, semoga hari ini menyenangkan.' | label=Hate Speech | conf=0.470 | latency=1.5ms
2026-04-25 02:51:33 | INFO | hate_detect | PREDICT | model=svm | text='Kamu ini bodoh sekali, tidak usah sok tahu.' | label=Normal | conf=0.500 | latency=0.0ms
2026-04-25 02:51:33 | INFO | hate_detect | PREDICT | model=svm | text='Jangan kasih suara buat dia, dia pengkhianat.' | label=Hate Speech | conf=0.442 | latency=1.0ms
2026-04-25 02:51:33 | INFO | hate_detect | PREDICT | model=svm | text='Dasar bego, gitu aja gak becus kerja!' | label=Abusive | conf=0.843 | latency=2.0ms
2026-04-25 02:51:33 | INFO | hate_detect | PREDICT | model=svm | text='Usir saja orang-orang itu dari sini, mereka cuma bikin masal' | label=Hate Speech | conf=0.710 | latency=1.0ms
2026-04-25 02:51:33 | INFO | hate_detect | PREDICT | model=svm | text='Selamat pagi semuanya, semoga hari ini menyenangkan.' | label=Hate Speech | conf=0.470 | latency=0.7ms
2026-04-25 02:51:33 | INFO | hate_detect | PREDICT | model=svm | text='Kamu ini bodoh sekali, tidak usah sok tahu.' | label=Normal | conf=0.500 | latency=0.0ms
2026-04-25 02:51:33 | INFO | hate_detect | PREDICT | model=svm | text='Jangan kasih suara buat dia, dia pengkhianat.' | label=Hate Speech | conf=0.442 | latency=1.0ms
2026-04-25 02:51:33 | INFO | hate_detect | PREDICT | model=svm | text='Dasar bego, gitu aja gak becus kerja!' | label=Abusive | conf=0.843 | latency=2.0ms
2026-04-25 02:51:33 | INFO | hate_detect | PREDICT | model=svm | text='Usir saja orang-orang itu dari sini, mereka cuma bikin masal' | label=Hate Speech | conf=0.710 | latency=1.5ms
2026-04-25 02:51:33 | INFO | hate_detect | PREDICT | model=svm | text='Selamat pagi semuanya, semoga hari ini menyenangkan.' | label=Hate Speech | conf=0.470 | latency=0.5ms
2026-04-25 02:51:33 | INFO | hate_detect | PREDICT | model=svm | text='Kamu ini bodoh sekali, tidak usah sok tahu.' | label=Normal | conf=0.500 | latency=0.0ms
2026-04-25 02:51:33 | INFO | hate_detect | PREDICT | model=svm | text='Jangan kasih suara buat dia, dia pengkhianat.' | label=Hate Speech | conf=0.442 | latency=1.0ms
2026-04-25 02:51:33 | INFO | hate_detect | PREDICT | model=svm | text='Dasar bego, gitu aja gak becus kerja!' | label=Abusive | conf=0.843 | latency=2.2ms
2026-04-25 02:51:33 | INFO | hate_detect | PREDICT | model=svm | text='Usir saja orang-orang itu dari sini, mereka cuma bikin masal' | label=Hate Speech | conf=0.710 | latency=1.0ms
2026-04-25 02:51:33 | INFO | hate_detect | PREDICT | model=svm | text='Selamat pagi semuanya, semoga hari ini menyenangkan.' | label=Hate Speech | conf=0.470 | latency=1.0ms
2026-04-25 02:51:33 | INFO | hate_detect | PREDICT | model=svm | text='Kamu ini bodoh sekali, tidak usah sok tahu.' | label=Normal | conf=0.500 | latency=0.0ms
2026-04-25 02:51:33 | INFO | hate_detect | PREDICT | model=svm | text='Jangan kasih suara buat dia, dia pengkhianat.' | label=Hate Speech | conf=0.442 | latency=1.0ms
2026-04-25 02:51:33 | INFO | hate_detect | PREDICT | model=svm | text='Dasar bego, gitu aja gak becus kerja!' | label=Abusive | conf=0.843 | latency=2.0ms
2026-04-25 02:51:33 | INFO | hate_detect | PREDICT | model=svm | text='Usir saja orang-orang itu dari sini, mereka cuma bikin masal' | label=Hate Speech | conf=0.710 | latency=1.0ms
2026-04-25 02:51:33 | INFO | hate_detect | PREDICT | model=svm | text='Selamat pagi semuanya, semoga hari ini menyenangkan.' | label=Hate Speech | conf=0.470 | latency=1.0ms
2026-04-25 02:51:33 | INFO | hate_detect | PREDICT | model=svm | text='Kamu ini bodoh sekali, tidak usah sok tahu.' | label=Normal | conf=0.500 | latency=0.0ms
2026-04-25 02:51:33 | INFO | hate_detect | PREDICT | model=svm | text='Jangan kasih suara buat dia, dia pengkhianat.' | label=Hate Speech | conf=0.442 | latency=3.7ms
2026-04-25 02:51:33 | INFO | hate_detect | PREDICT | model=svm | text='Dasar bego, gitu aja gak becus kerja!' | label=Abusive | conf=0.843 | latency=1.5ms
2026-04-25 02:51:33 | INFO | hate_detect | PREDICT | model=svm | text='Usir saja orang-orang itu dari sini, mereka cuma bikin masal' | label=Hate Speech | conf=0.710 | latency=1.0ms
2026-04-25 02:51:33 | INFO | hate_detect | PREDICT | model=svm | text='Selamat pagi semuanya, semoga hari ini menyenangkan.' | label=Hate Speech | conf=0.470 | latency=2.4ms
2026-04-25 02:51:33 | INFO | hate_detect | PREDICT | model=svm | text='Kamu ini bodoh sekali, tidak usah sok tahu.' | label=Normal | conf=0.500 | latency=0.0ms
2026-04-25 02:51:33 | INFO | hate_detect | PREDICT | model=svm | text='Jangan kasih suara buat dia, dia pengkhianat.' | label=Hate Speech | conf=0.442 | latency=1.5ms
2026-04-25 02:51:33 | INFO | hate_detect | PREDICT | model=svm | text='Dasar bego, gitu aja gak becus kerja!' | label=Abusive | conf=0.843 | latency=1.5ms
2026-04-25 02:51:33 | INFO | hate_detect | PREDICT | model=svm | text='Usir saja orang-orang itu dari sini, mereka cuma bikin masal' | label=Hate Speech | conf=0.710 | latency=1.0ms
2026-04-25 02:51:33 | INFO | hate_detect | PREDICT | model=svm | text='Selamat pagi semuanya, semoga hari ini menyenangkan.' | label=Hate Speech | conf=0.470 | latency=1.0ms
2026-04-25 02:51:33 | INFO | hate_detect | PREDICT | model=svm | text='Kamu ini bodoh sekali, tidak usah sok tahu.' | label=Normal | conf=0.500 | latency=0.0ms
2026-04-25 02:51:33 | INFO | hate_detect | PREDICT | model=svm | text='Jangan kasih suara buat dia, dia pengkhianat.' | label=Hate Speech | conf=0.442 | latency=1.5ms
2026-04-25 02:51:33 | INFO | hate_detect | PREDICT | model=svm | text='Dasar bego, gitu aja gak becus kerja!' | label=Abusive | conf=0.843 | latency=1.0ms
2026-04-25 02:51:33 | INFO | hate_detect | PREDICT | model=svm | text='Usir saja orang-orang itu dari sini, mereka cuma bikin masal' | label=Hate Speech | conf=0.710 | latency=1.1ms
2026-04-25 02:51:33 | INFO | hate_detect | PREDICT | model=svm | text='Selamat pagi semuanya, semoga hari ini menyenangkan.' | label=Hate Speech | conf=0.470 | latency=1.0ms
2026-04-25 02:51:33 | INFO | hate_detect | PREDICT | model=svm | text='Kamu ini bodoh sekali, tidak usah sok tahu.' | label=Normal | conf=0.500 | latency=0.0ms
2026-04-25 02:51:33 | INFO | hate_detect | PREDICT | model=svm | text='Jangan kasih suara buat dia, dia pengkhianat.' | label=Hate Speech | conf=0.442 | latency=0.0ms
2026-04-25 02:51:33 | INFO | hate_detect | PREDICT | model=svm | text='Dasar bego, gitu aja gak becus kerja!' | label=Abusive | conf=0.843 | latency=1.0ms
2026-04-25 02:51:33 | INFO | hate_detect | PREDICT | model=svm | text='Usir saja orang-orang itu dari sini, mereka cuma bikin masal' | label=Hate Speech | conf=0.710 | latency=2.0ms
2026-04-25 02:51:33 | INFO | hate_detect | PREDICT | model=svm | text='Selamat pagi semuanya, semoga hari ini menyenangkan.' | label=Hate Speech | conf=0.470 | latency=1.5ms
2026-04-25 02:51:33 | INFO | hate_detect | PREDICT | model=svm | text='Kamu ini bodoh sekali, tidak usah sok tahu.' | label=Normal | conf=0.500 | latency=0.0ms
2026-04-25 02:51:33 | INFO | hate_detect | PREDICT | model=svm | text='Jangan kasih suara buat dia, dia pengkhianat.' | label=Hate Speech | conf=0.442 | latency=1.0ms
2026-04-25 02:51:33 | INFO | hate_detect | PREDICT | model=svm | text='Dasar bego, gitu aja gak becus kerja!' | label=Abusive | conf=0.843 | latency=2.0ms
2026-04-25 02:51:33 | INFO | hate_detect | PREDICT | model=svm | text='Usir saja orang-orang itu dari sini, mereka cuma bikin masal' | label=Hate Speech | conf=0.710 | latency=1.0ms
2026-04-25 02:51:33 | INFO | hate_detect | PREDICT | model=svm | text='Selamat pagi semuanya, semoga hari ini menyenangkan.' | label=Hate Speech | conf=0.470 | latency=0.0ms
2026-04-25 02:51:33 | INFO | hate_detect | PREDICT | model=svm | text='Kamu ini bodoh sekali, tidak usah sok tahu.' | label=Normal | conf=0.500 | latency=0.0ms
2026-04-25 02:51:33 | INFO | hate_detect | PREDICT | model=svm | text='Jangan kasih suara buat dia, dia pengkhianat.' | label=Hate Speech | conf=0.442 | latency=1.8ms
2026-04-25 02:51:33 | INFO | hate_detect | PREDICT | model=svm | text='Dasar bego, gitu aja gak becus kerja!' | label=Abusive | conf=0.843 | latency=1.5ms
2026-04-25 02:51:33 | INFO | hate_detect | PREDICT | model=svm | text='Usir saja orang-orang itu dari sini, mereka cuma bikin masal' | label=Hate Speech | conf=0.710 | latency=2.0ms
2026-04-25 02:51:33 | INFO | hate_detect | PREDICT | model=svm | text='Selamat pagi semuanya, semoga hari ini menyenangkan.' | label=Hate Speech | conf=0.470 | latency=0.0ms
2026-04-25 02:51:33 | INFO | hate_detect | PREDICT | model=svm | text='Kamu ini bodoh sekali, tidak usah sok tahu.' | label=Normal | conf=0.500 | latency=0.0ms
2026-04-25 02:51:33 | INFO | hate_detect | PREDICT | model=svm | text='Jangan kasih suara buat dia, dia pengkhianat.' | label=Hate Speech | conf=0.442 | latency=0.0ms
2026-04-25 02:51:33 | INFO | hate_detect | PREDICT | model=svm | text='Dasar bego, gitu aja gak becus kerja!' | label=Abusive | conf=0.843 | latency=1.0ms
2026-04-25 02:51:33 | INFO | hate_detect | PREDICT | model=svm | text='Usir saja orang-orang itu dari sini, mereka cuma bikin masal' | label=Hate Speech | conf=0.710 | latency=0.5ms
2026-04-25 02:51:33 | INFO | hate_detect | PREDICT | model=svm | text='Selamat pagi semuanya, semoga hari ini menyenangkan.' | label=Hate Speech | conf=0.470 | latency=1.5ms
2026-04-25 02:51:33 | INFO | hate_detect | PREDICT | model=svm | text='Kamu ini bodoh sekali, tidak usah sok tahu.' | label=Normal | conf=0.500 | latency=0.0ms
2026-04-25 02:51:33 | INFO | hate_detect | PREDICT | model=svm | text='Jangan kasih suara buat dia, dia pengkhianat.' | label=Hate Speech | conf=0.442 | latency=1.6ms
2026-04-25 02:51:34 | INFO | hate_detect | PREDICT | model=svm | text='Dasar bego, gitu aja gak becus kerja!' | label=Abusive | conf=0.843 | latency=1.1ms
2026-04-25 02:51:34 | INFO | hate_detect | PREDICT | model=svm | text='Usir saja orang-orang itu dari sini, mereka cuma bikin masal' | label=Hate Speech | conf=0.710 | latency=1.0ms
2026-04-25 02:51:34 | INFO | hate_detect | PREDICT | model=svm | text='Selamat pagi semuanya, semoga hari ini menyenangkan.' | label=Hate Speech | conf=0.470 | latency=1.5ms
2026-04-25 02:51:34 | INFO | hate_detect | PREDICT | model=svm | text='Kamu ini bodoh sekali, tidak usah sok tahu.' | label=Normal | conf=0.500 | latency=0.0ms
2026-04-25 02:51:34 | INFO | hate_detect | PREDICT | model=svm | text='Jangan kasih suara buat dia, dia pengkhianat.' | label=Hate Speech | conf=0.442 | latency=0.5ms
2026-04-25 02:51:34 | INFO | hate_detect | PREDICT | model=svm | text='Dasar bego, gitu aja gak becus kerja!' | label=Abusive | conf=0.843 | latency=1.1ms
2026-04-25 02:51:34 | INFO | hate_detect | PREDICT | model=svm | text='Usir saja orang-orang itu dari sini, mereka cuma bikin masal' | label=Hate Speech | conf=0.710 | latency=1.6ms
2026-04-25 02:51:34 | INFO | hate_detect | PREDICT | model=svm | text='Selamat pagi semuanya, semoga hari ini menyenangkan.' | label=Hate Speech | conf=0.470 | latency=0.6ms
2026-04-25 02:51:34 | INFO | hate_detect | PREDICT | model=svm | text='Kamu ini bodoh sekali, tidak usah sok tahu.' | label=Normal | conf=0.500 | latency=0.0ms
2026-04-25 02:51:34 | INFO | hate_detect | PREDICT | model=svm | text='Jangan kasih suara buat dia, dia pengkhianat.' | label=Hate Speech | conf=0.442 | latency=0.0ms
2026-04-25 02:51:34 | INFO | hate_detect | PREDICT | model=svm | text='Dasar bego, gitu aja gak becus kerja!' | label=Abusive | conf=0.843 | latency=2.0ms
2026-04-25 02:51:34 | INFO | hate_detect | PREDICT | model=svm | text='Usir saja orang-orang itu dari sini, mereka cuma bikin masal' | label=Hate Speech | conf=0.710 | latency=1.0ms
2026-04-25 02:51:34 | INFO | hate_detect | PREDICT | model=svm | text='Selamat pagi semuanya, semoga hari ini menyenangkan.' | label=Hate Speech | conf=0.470 | latency=2.0ms
2026-04-25 02:51:34 | INFO | hate_detect | PREDICT | model=svm | text='Kamu ini bodoh sekali, tidak usah sok tahu.' | label=Normal | conf=0.500 | latency=0.0ms
2026-04-25 02:51:34 | INFO | hate_detect | PREDICT | model=svm | text='Jangan kasih suara buat dia, dia pengkhianat.' | label=Hate Speech | conf=0.442 | latency=1.0ms
2026-04-25 02:51:34 | INFO | hate_detect | PREDICT | model=svm | text='Dasar bego, gitu aja gak becus kerja!' | label=Abusive | conf=0.843 | latency=2.4ms
2026-04-25 02:51:34 | INFO | hate_detect | PREDICT | model=svm | text='Usir saja orang-orang itu dari sini, mereka cuma bikin masal' | label=Hate Speech | conf=0.710 | latency=1.6ms
2026-04-25 02:51:34 | INFO | hate_detect | PREDICT | model=svm | text='Selamat pagi semuanya, semoga hari ini menyenangkan.' | label=Hate Speech | conf=0.470 | latency=0.6ms
2026-04-25 02:51:34 | INFO | hate_detect | PREDICT | model=svm | text='Kamu ini bodoh sekali, tidak usah sok tahu.' | label=Normal | conf=0.500 | latency=0.0ms
2026-04-25 02:51:34 | INFO | hate_detect | PREDICT | model=svm | text='Jangan kasih suara buat dia, dia pengkhianat.' | label=Hate Speech | conf=0.442 | latency=1.1ms
2026-04-25 02:51:34 | INFO | hate_detect | PREDICT | model=svm | text='Dasar bego, gitu aja gak becus kerja!' | label=Abusive | conf=0.843 | latency=1.3ms
2026-04-25 02:51:34 | INFO | hate_detect | PREDICT | model=svm | text='Usir saja orang-orang itu dari sini, mereka cuma bikin masal' | label=Hate Speech | conf=0.710 | latency=1.1ms
2026-04-25 02:51:34 | INFO | hate_detect | PREDICT | model=svm | text='Selamat pagi semuanya, semoga hari ini menyenangkan.' | label=Hate Speech | conf=0.470 | latency=0.5ms
2026-04-25 02:51:34 | INFO | hate_detect | PREDICT | model=svm | text='Kamu ini bodoh sekali, tidak usah sok tahu.' | label=Normal | conf=0.500 | latency=0.0ms
2026-04-25 02:51:34 | INFO | hate_detect | PREDICT | model=svm | text='Jangan kasih suara buat dia, dia pengkhianat.' | label=Hate Speech | conf=0.442 | latency=2.9ms
2026-04-25 02:51:34 | INFO | hate_detect | PREDICT | model=svm | text='Dasar bego, gitu aja gak becus kerja!' | label=Abusive | conf=0.843 | latency=1.0ms
2026-04-25 02:51:34 | INFO | hate_detect | PREDICT | model=svm | text='Usir saja orang-orang itu dari sini, mereka cuma bikin masal' | label=Hate Speech | conf=0.710 | latency=1.6ms
2026-04-25 02:51:34 | INFO | hate_detect | PREDICT | model=svm | text='Selamat pagi semuanya, semoga hari ini menyenangkan.' | label=Hate Speech | conf=0.470 | latency=1.1ms
2026-04-25 02:51:34 | INFO | hate_detect | PREDICT | model=svm | text='Kamu ini bodoh sekali, tidak usah sok tahu.' | label=Normal | conf=0.500 | latency=0.0ms
2026-04-25 02:51:34 | INFO | hate_detect | PREDICT | model=svm | text='Jangan kasih suara buat dia, dia pengkhianat.' | label=Hate Speech | conf=0.442 | latency=2.0ms
2026-04-25 02:51:34 | INFO | hate_detect | PREDICT | model=svm | text='Dasar bego, gitu aja gak becus kerja!' | label=Abusive | conf=0.843 | latency=1.0ms
2026-04-25 02:51:34 | INFO | hate_detect | PREDICT | model=svm | text='Usir saja orang-orang itu dari sini, mereka cuma bikin masal' | label=Hate Speech | conf=0.710 | latency=1.0ms
2026-04-25 02:51:34 | INFO | hate_detect | PREDICT | model=svm | text='Selamat pagi semuanya, semoga hari ini menyenangkan.' | label=Hate Speech | conf=0.470 | latency=1.1ms
2026-04-25 02:51:34 | INFO | hate_detect | PREDICT | model=svm | text='Kamu ini bodoh sekali, tidak usah sok tahu.' | label=Normal | conf=0.500 | latency=0.0ms
2026-04-25 02:51:34 | INFO | hate_detect | PREDICT | model=svm | text='Jangan kasih suara buat dia, dia pengkhianat.' | label=Hate Speech | conf=0.442 | latency=3.0ms
2026-04-25 02:51:34 | INFO | hate_detect | PREDICT | model=svm | text='Dasar bego, gitu aja gak becus kerja!' | label=Abusive | conf=0.843 | latency=1.1ms
2026-04-25 02:51:34 | INFO | hate_detect | PREDICT | model=svm | text='Usir saja orang-orang itu dari sini, mereka cuma bikin masal' | label=Hate Speech | conf=0.710 | latency=1.1ms
2026-04-25 02:51:34 | INFO | hate_detect | PREDICT | model=svm | text='Selamat pagi semuanya, semoga hari ini menyenangkan.' | label=Hate Speech | conf=0.470 | latency=0.6ms
2026-04-25 02:51:34 | INFO | hate_detect | PREDICT | model=svm | text='Kamu ini bodoh sekali, tidak usah sok tahu.' | label=Normal | conf=0.500 | latency=0.0ms
2026-04-25 02:51:34 | INFO | hate_detect | PREDICT | model=svm | text='Jangan kasih suara buat dia, dia pengkhianat.' | label=Hate Speech | conf=0.442 | latency=2.0ms
2026-04-25 02:51:34 | INFO | hate_detect | PREDICT | model=svm | text='Dasar bego, gitu aja gak becus kerja!' | label=Abusive | conf=0.843 | latency=1.0ms
2026-04-25 02:51:34 | INFO | hate_detect | PREDICT | model=svm | text='Usir saja orang-orang itu dari sini, mereka cuma bikin masal' | label=Hate Speech | conf=0.710 | latency=0.5ms
2026-04-25 02:51:34 | INFO | hate_detect | PREDICT | model=svm | text='Selamat pagi semuanya, semoga hari ini menyenangkan.' | label=Hate Speech | conf=0.470 | latency=1.6ms
2026-04-25 02:51:34 | INFO | hate_detect | PREDICT | model=svm | text='Kamu ini bodoh sekali, tidak usah sok tahu.' | label=Normal | conf=0.500 | latency=0.0ms
2026-04-25 02:51:34 | INFO | hate_detect | PREDICT | model=svm | text='Jangan kasih suara buat dia, dia pengkhianat.' | label=Hate Speech | conf=0.442 | latency=1.0ms
2026-04-25 02:51:34 | INFO | hate_detect | PREDICT | model=svm | text='Dasar bego, gitu aja gak becus kerja!' | label=Abusive | conf=0.843 | latency=1.6ms
2026-04-25 02:51:34 | INFO | hate_detect | PREDICT | model=svm | text='Usir saja orang-orang itu dari sini, mereka cuma bikin masal' | label=Hate Speech | conf=0.710 | latency=1.0ms
2026-04-25 02:51:34 | INFO | hate_detect | PREDICT | model=svm | text='Selamat pagi semuanya, semoga hari ini menyenangkan.' | label=Hate Speech | conf=0.470 | latency=1.5ms
2026-04-25 02:51:34 | INFO | hate_detect | PREDICT | model=svm | text='Kamu ini bodoh sekali, tidak usah sok tahu.' | label=Normal | conf=0.500 | latency=0.0ms
2026-04-25 02:51:34 | INFO | hate_detect | PREDICT | model=svm | text='Jangan kasih suara buat dia, dia pengkhianat.' | label=Hate Speech | conf=0.442 | latency=1.5ms
2026-04-25 02:51:34 | INFO | hate_detect | PREDICT | model=svm | text='Dasar bego, gitu aja gak becus kerja!' | label=Abusive | conf=0.843 | latency=0.5ms
2026-04-25 02:51:34 | INFO | hate_detect | PREDICT | model=svm | text='Usir saja orang-orang itu dari sini, mereka cuma bikin masal' | label=Hate Speech | conf=0.710 | latency=1.6ms
2026-04-25 02:51:34 | INFO | hate_detect | PREDICT | model=svm | text='Selamat pagi semuanya, semoga hari ini menyenangkan.' | label=Hate Speech | conf=0.470 | latency=0.5ms
2026-04-25 02:51:34 | INFO | hate_detect | PREDICT | model=svm | text='Kamu ini bodoh sekali, tidak usah sok tahu.' | label=Normal | conf=0.500 | latency=0.0ms
2026-04-25 02:51:34 | INFO | hate_detect | PREDICT | model=svm | text='Jangan kasih suara buat dia, dia pengkhianat.' | label=Hate Speech | conf=0.442 | latency=1.0ms
2026-04-25 02:51:34 | INFO | hate_detect | PREDICT | model=svm | text='Dasar bego, gitu aja gak becus kerja!' | label=Abusive | conf=0.843 | latency=1.0ms
2026-04-25 02:51:34 | INFO | hate_detect | PREDICT | model=svm | text='Usir saja orang-orang itu dari sini, mereka cuma bikin masal' | label=Hate Speech | conf=0.710 | latency=0.0ms
2026-04-25 02:51:34 | INFO | hate_detect | PREDICT | model=svm | text='Selamat pagi semuanya, semoga hari ini menyenangkan.' | label=Hate Speech | conf=0.470 | latency=1.5ms
2026-04-25 02:51:34 | INFO | hate_detect | PREDICT | model=svm | text='Kamu ini bodoh sekali, tidak usah sok tahu.' | label=Normal | conf=0.500 | latency=0.0ms
2026-04-25 02:51:34 | INFO | hate_detect | PREDICT | model=svm | text='Jangan kasih suara buat dia, dia pengkhianat.' | label=Hate Speech | conf=0.442 | latency=1.0ms
2026-04-25 02:51:34 | INFO | hate_detect | PREDICT | model=svm | text='Dasar bego, gitu aja gak becus kerja!' | label=Abusive | conf=0.843 | latency=1.6ms
2026-04-25 02:51:34 | INFO | hate_detect | PREDICT | model=svm | text='Usir saja orang-orang itu dari sini, mereka cuma bikin masal' | label=Hate Speech | conf=0.710 | latency=0.0ms
2026-04-25 02:51:34 | INFO | hate_detect | PREDICT | model=svm | text='Selamat pagi semuanya, semoga hari ini menyenangkan.' | label=Hate Speech | conf=0.470 | latency=1.5ms
2026-04-25 02:51:34 | INFO | hate_detect | PREDICT | model=svm | text='Kamu ini bodoh sekali, tidak usah sok tahu.' | label=Normal | conf=0.500 | latency=0.0ms
2026-04-25 02:51:34 | INFO | hate_detect | PREDICT | model=svm | text='Jangan kasih suara buat dia, dia pengkhianat.' | label=Hate Speech | conf=0.442 | latency=1.5ms
2026-04-25 02:51:34 | INFO | hate_detect | PREDICT | model=svm | text='Dasar bego, gitu aja gak becus kerja!' | label=Abusive | conf=0.843 | latency=1.5ms
2026-04-25 02:51:34 | INFO | hate_detect | PREDICT | model=svm | text='Usir saja orang-orang itu dari sini, mereka cuma bikin masal' | label=Hate Speech | conf=0.710 | latency=1.0ms
2026-04-25 02:51:34 | INFO | hate_detect | PREDICT | model=svm | text='Selamat pagi semuanya, semoga hari ini menyenangkan.' | label=Hate Speech | conf=0.470 | latency=1.6ms
2026-04-25 02:51:34 | INFO | hate_detect | PREDICT | model=svm | text='Kamu ini bodoh sekali, tidak usah sok tahu.' | label=Normal | conf=0.500 | latency=0.0ms
2026-04-25 02:51:34 | INFO | hate_detect | PREDICT | model=svm | text='Jangan kasih suara buat dia, dia pengkhianat.' | label=Hate Speech | conf=0.442 | latency=1.0ms
2026-04-25 02:51:34 | INFO | hate_detect | PREDICT | model=svm | text='Dasar bego, gitu aja gak becus kerja!' | label=Abusive | conf=0.843 | latency=0.5ms
2026-04-25 02:51:34 | INFO | hate_detect | PREDICT | model=svm | text='Usir saja orang-orang itu dari sini, mereka cuma bikin masal' | label=Hate Speech | conf=0.710 | latency=1.0ms
2026-04-25 02:51:34 | INFO | hate_detect | PREDICT | model=svm | text='Selamat pagi semuanya, semoga hari ini menyenangkan.' | label=Hate Speech | conf=0.470 | latency=4.4ms
2026-04-25 02:51:34 | INFO | hate_detect | PREDICT | model=svm | text='Kamu ini bodoh sekali, tidak usah sok tahu.' | label=Normal | conf=0.500 | latency=0.0ms
2026-04-25 02:51:34 | INFO | hate_detect | PREDICT | model=svm | text='Jangan kasih suara buat dia, dia pengkhianat.' | label=Hate Speech | conf=0.442 | latency=1.0ms
2026-04-25 02:51:34 | INFO | hate_detect | PREDICT | model=svm | text='Dasar bego, gitu aja gak becus kerja!' | label=Abusive | conf=0.843 | latency=1.5ms
2026-04-25 02:51:34 | INFO | hate_detect | PREDICT | model=svm | text='Usir saja orang-orang itu dari sini, mereka cuma bikin masal' | label=Hate Speech | conf=0.710 | latency=3.0ms
2026-04-25 02:51:34 | INFO | hate_detect | PREDICT | model=svm | text='Selamat pagi semuanya, semoga hari ini menyenangkan.' | label=Hate Speech | conf=0.470 | latency=1.0ms
2026-04-25 02:51:34 | INFO | hate_detect | PREDICT | model=svm | text='Kamu ini bodoh sekali, tidak usah sok tahu.' | label=Normal | conf=0.500 | latency=0.0ms
2026-04-25 02:51:34 | INFO | hate_detect | PREDICT | model=svm | text='Jangan kasih suara buat dia, dia pengkhianat.' | label=Hate Speech | conf=0.442 | latency=1.5ms
2026-04-25 02:51:34 | INFO | hate_detect | PREDICT | model=svm | text='Dasar bego, gitu aja gak becus kerja!' | label=Abusive | conf=0.843 | latency=0.5ms
2026-04-25 02:51:34 | INFO | hate_detect | PREDICT | model=svm | text='Usir saja orang-orang itu dari sini, mereka cuma bikin masal' | label=Hate Speech | conf=0.710 | latency=1.1ms
2026-04-25 02:51:34 | INFO | hate_detect | PREDICT | model=svm | text='Selamat pagi semuanya, semoga hari ini menyenangkan.' | label=Hate Speech | conf=0.470 | latency=1.6ms
2026-04-25 02:51:34 | INFO | hate_detect | PREDICT | model=svm | text='Kamu ini bodoh sekali, tidak usah sok tahu.' | label=Normal | conf=0.500 | latency=0.0ms
2026-04-25 02:51:34 | INFO | hate_detect | PREDICT | model=svm | text='Jangan kasih suara buat dia, dia pengkhianat.' | label=Hate Speech | conf=0.442 | latency=1.0ms
2026-04-25 02:51:34 | INFO | hate_detect | PREDICT | model=svm | text='Dasar bego, gitu aja gak becus kerja!' | label=Abusive | conf=0.843 | latency=1.1ms
2026-04-25 02:51:34 | INFO | hate_detect | PREDICT | model=svm | text='Usir saja orang-orang itu dari sini, mereka cuma bikin masal' | label=Hate Speech | conf=0.710 | latency=2.1ms
2026-04-25 02:51:34 | INFO | hate_detect | PREDICT | model=svm | text='Selamat pagi semuanya, semoga hari ini menyenangkan.' | label=Hate Speech | conf=0.470 | latency=2.8ms
2026-04-25 02:51:34 | INFO | hate_detect | PREDICT | model=svm | text='Kamu ini bodoh sekali, tidak usah sok tahu.' | label=Normal | conf=0.500 | latency=0.0ms
2026-04-25 02:51:34 | INFO | hate_detect | PREDICT | model=svm | text='Jangan kasih suara buat dia, dia pengkhianat.' | label=Hate Speech | conf=0.442 | latency=1.5ms
2026-04-25 02:51:34 | INFO | hate_detect | PREDICT | model=svm | text='Dasar bego, gitu aja gak becus kerja!' | label=Abusive | conf=0.843 | latency=1.0ms
2026-04-25 02:51:34 | INFO | hate_detect | PREDICT | model=svm | text='Usir saja orang-orang itu dari sini, mereka cuma bikin masal' | label=Hate Speech | conf=0.710 | latency=2.1ms
2026-04-25 02:51:34 | INFO | hate_detect | PREDICT | model=svm | text='Selamat pagi semuanya, semoga hari ini menyenangkan.' | label=Hate Speech | conf=0.470 | latency=1.5ms
2026-04-25 02:51:34 | INFO | hate_detect | PREDICT | model=svm | text='Kamu ini bodoh sekali, tidak usah sok tahu.' | label=Normal | conf=0.500 | latency=0.0ms
2026-04-25 02:51:34 | INFO | hate_detect | PREDICT | model=svm | text='Jangan kasih suara buat dia, dia pengkhianat.' | label=Hate Speech | conf=0.442 | latency=0.0ms
2026-04-25 02:51:34 | INFO | hate_detect | PREDICT | model=svm | text='Dasar bego, gitu aja gak becus kerja!' | label=Abusive | conf=0.843 | latency=0.7ms
2026-04-25 02:51:34 | INFO | hate_detect | PREDICT | model=svm | text='Usir saja orang-orang itu dari sini, mereka cuma bikin masal' | label=Hate Speech | conf=0.710 | latency=1.0ms
2026-04-25 02:51:34 | INFO | hate_detect | PREDICT | model=svm | text='Selamat pagi semuanya, semoga hari ini menyenangkan.' | label=Hate Speech | conf=0.470 | latency=1.6ms
2026-04-25 02:51:34 | INFO | hate_detect | PREDICT | model=svm | text='Kamu ini bodoh sekali, tidak usah sok tahu.' | label=Normal | conf=0.500 | latency=0.0ms
2026-04-25 02:51:34 | INFO | hate_detect | PREDICT | model=svm | text='Jangan kasih suara buat dia, dia pengkhianat.' | label=Hate Speech | conf=0.442 | latency=0.0ms
2026-04-25 02:51:34 | INFO | hate_detect | PREDICT | model=svm | text='Dasar bego, gitu aja gak becus kerja!' | label=Abusive | conf=0.843 | latency=2.1ms
2026-04-25 02:51:34 | INFO | hate_detect | PREDICT | model=svm | text='Usir saja orang-orang itu dari sini, mereka cuma bikin masal' | label=Hate Speech | conf=0.710 | latency=1.5ms
2026-04-25 02:51:34 | INFO | hate_detect | PREDICT | model=svm | text='Selamat pagi semuanya, semoga hari ini menyenangkan.' | label=Hate Speech | conf=0.470 | latency=1.5ms
2026-04-25 02:51:34 | INFO | hate_detect | PREDICT | model=svm | text='Kamu ini bodoh sekali, tidak usah sok tahu.' | label=Normal | conf=0.500 | latency=0.0ms
2026-04-25 02:51:34 | INFO | hate_detect | PREDICT | model=svm | text='Jangan kasih suara buat dia, dia pengkhianat.' | label=Hate Speech | conf=0.442 | latency=1.0ms
2026-04-25 02:51:34 | INFO | hate_detect | PREDICT | model=svm | text='Dasar bego, gitu aja gak becus kerja!' | label=Abusive | conf=0.843 | latency=0.0ms
2026-04-25 02:51:34 | INFO | hate_detect | PREDICT | model=svm | text='Usir saja orang-orang itu dari sini, mereka cuma bikin masal' | label=Hate Speech | conf=0.710 | latency=1.0ms
2026-04-25 02:51:34 | INFO | hate_detect | PREDICT | model=svm | text='Selamat pagi semuanya, semoga hari ini menyenangkan.' | label=Hate Speech | conf=0.470 | latency=1.0ms
2026-04-25 02:51:34 | INFO | hate_detect | PREDICT | model=svm | text='Kamu ini bodoh sekali, tidak usah sok tahu.' | label=Normal | conf=0.500 | latency=0.0ms
2026-04-25 02:51:34 | INFO | hate_detect | PREDICT | model=svm | text='Jangan kasih suara buat dia, dia pengkhianat.' | label=Hate Speech | conf=0.442 | latency=1.0ms
2026-04-25 02:51:34 | INFO | hate_detect | PREDICT | model=svm | text='Dasar bego, gitu aja gak becus kerja!' | label=Abusive | conf=0.843 | latency=1.5ms
2026-04-25 02:51:34 | INFO | hate_detect | PREDICT | model=svm | text='Usir saja orang-orang itu dari sini, mereka cuma bikin masal' | label=Hate Speech | conf=0.710 | latency=1.5ms
2026-04-25 02:51:34 | INFO | hate_detect | PREDICT | model=svm | text='Selamat pagi semuanya, semoga hari ini menyenangkan.' | label=Hate Speech | conf=0.470 | latency=0.5ms
2026-04-25 02:51:34 | INFO | hate_detect | PREDICT | model=svm | text='Kamu ini bodoh sekali, tidak usah sok tahu.' | label=Normal | conf=0.500 | latency=0.0ms
2026-04-25 02:51:34 | INFO | hate_detect | PREDICT | model=svm | text='Jangan kasih suara buat dia, dia pengkhianat.' | label=Hate Speech | conf=0.442 | latency=2.0ms
2026-04-25 02:51:34 | INFO | hate_detect | PREDICT | model=svm | text='Dasar bego, gitu aja gak becus kerja!' | label=Abusive | conf=0.843 | latency=1.6ms
2026-04-25 02:51:34 | INFO | hate_detect | PREDICT | model=svm | text='Usir saja orang-orang itu dari sini, mereka cuma bikin masal' | label=Hate Speech | conf=0.710 | latency=0.0ms
2026-04-25 02:51:34 | INFO | hate_detect | PREDICT | model=svm | text='Selamat pagi semuanya, semoga hari ini menyenangkan.' | label=Hate Speech | conf=0.470 | latency=1.5ms
2026-04-25 02:51:34 | INFO | hate_detect | PREDICT | model=svm | text='Kamu ini bodoh sekali, tidak usah sok tahu.' | label=Normal | conf=0.500 | latency=0.0ms
2026-04-25 02:51:34 | INFO | hate_detect | PREDICT | model=svm | text='Jangan kasih suara buat dia, dia pengkhianat.' | label=Hate Speech | conf=0.442 | latency=1.5ms
2026-04-25 02:51:34 | INFO | hate_detect | PREDICT | model=svm | text='Dasar bego, gitu aja gak becus kerja!' | label=Abusive | conf=0.843 | latency=1.0ms
2026-04-25 02:51:34 | INFO | hate_detect | PREDICT | model=svm | text='Usir saja orang-orang itu dari sini, mereka cuma bikin masal' | label=Hate Speech | conf=0.710 | latency=0.5ms
2026-04-25 02:51:34 | INFO | hate_detect | PREDICT | model=svm | text='Selamat pagi semuanya, semoga hari ini menyenangkan.' | label=Hate Speech | conf=0.470 | latency=2.0ms
2026-04-25 02:51:34 | INFO | hate_detect | PREDICT | model=svm | text='Kamu ini bodoh sekali, tidak usah sok tahu.' | label=Normal | conf=0.500 | latency=0.0ms
2026-04-25 02:51:34 | INFO | hate_detect | PREDICT | model=svm | text='Jangan kasih suara buat dia, dia pengkhianat.' | label=Hate Speech | conf=0.442 | latency=1.0ms
2026-04-25 02:51:34 | INFO | hate_detect | PREDICT | model=svm | text='Dasar bego, gitu aja gak becus kerja!' | label=Abusive | conf=0.843 | latency=1.0ms
2026-04-25 02:51:34 | INFO | hate_detect | PREDICT | model=svm | text='Usir saja orang-orang itu dari sini, mereka cuma bikin masal' | label=Hate Speech | conf=0.710 | latency=0.0ms
2026-04-25 02:51:34 | INFO | hate_detect | PREDICT | model=svm | text='Selamat pagi semuanya, semoga hari ini menyenangkan.' | label=Hate Speech | conf=0.470 | latency=1.0ms
2026-04-25 02:51:34 | INFO | hate_detect | PREDICT | model=svm | text='Kamu ini bodoh sekali, tidak usah sok tahu.' | label=Normal | conf=0.500 | latency=0.0ms
2026-04-25 02:51:34 | INFO | hate_detect | PREDICT | model=svm | text='Jangan kasih suara buat dia, dia pengkhianat.' | label=Hate Speech | conf=0.442 | latency=0.5ms
2026-04-25 02:51:34 | INFO | hate_detect | PREDICT | model=svm | text='Dasar bego, gitu aja gak becus kerja!' | label=Abusive | conf=0.843 | latency=1.5ms
2026-04-25 02:51:34 | INFO | hate_detect | PREDICT | model=svm | text='Usir saja orang-orang itu dari sini, mereka cuma bikin masal' | label=Hate Speech | conf=0.710 | latency=0.5ms
2026-04-25 02:51:34 | INFO | hate_detect | PREDICT | model=svm | text='Selamat pagi semuanya, semoga hari ini menyenangkan.' | label=Hate Speech | conf=0.470 | latency=1.0ms
2026-04-25 02:51:34 | INFO | hate_detect | PREDICT | model=svm | text='Kamu ini bodoh sekali, tidak usah sok tahu.' | label=Normal | conf=0.500 | latency=0.0ms
2026-04-25 02:51:34 | INFO | hate_detect | PREDICT | model=svm | text='Jangan kasih suara buat dia, dia pengkhianat.' | label=Hate Speech | conf=0.442 | latency=1.6ms
2026-04-25 02:51:34 | INFO | hate_detect | PREDICT | model=svm | text='Dasar bego, gitu aja gak becus kerja!' | label=Abusive | conf=0.843 | latency=1.0ms
2026-04-25 02:51:34 | INFO | hate_detect | PREDICT | model=svm | text='Usir saja orang-orang itu dari sini, mereka cuma bikin masal' | label=Hate Speech | conf=0.710 | latency=2.0ms
2026-04-25 02:51:34 | INFO | hate_detect | PREDICT | model=svm | text='Selamat pagi semuanya, semoga hari ini menyenangkan.' | label=Hate Speech | conf=0.470 | latency=1.0ms
2026-04-25 02:51:34 | INFO | hate_detect | PREDICT | model=svm | text='Kamu ini bodoh sekali, tidak usah sok tahu.' | label=Normal | conf=0.500 | latency=0.0ms
2026-04-25 02:51:34 | INFO | hate_detect | PREDICT | model=svm | text='Jangan kasih suara buat dia, dia pengkhianat.' | label=Hate Speech | conf=0.442 | latency=1.5ms
2026-04-25 02:51:34 | INFO | hate_detect | PREDICT | model=svm | text='Dasar bego, gitu aja gak becus kerja!' | label=Abusive | conf=0.843 | latency=1.0ms
2026-04-25 02:51:34 | INFO | hate_detect | PREDICT | model=svm | text='Usir saja orang-orang itu dari sini, mereka cuma bikin masal' | label=Hate Speech | conf=0.710 | latency=2.0ms
2026-04-25 02:51:34 | INFO | hate_detect | PREDICT | model=svm | text='Selamat pagi semuanya, semoga hari ini menyenangkan.' | label=Hate Speech | conf=0.470 | latency=0.0ms
2026-04-25 02:51:34 | INFO | hate_detect | PREDICT | model=svm | text='Kamu ini bodoh sekali, tidak usah sok tahu.' | label=Normal | conf=0.500 | latency=0.0ms
2026-04-25 02:51:34 | INFO | hate_detect | PREDICT | model=svm | text='Jangan kasih suara buat dia, dia pengkhianat.' | label=Hate Speech | conf=0.442 | latency=1.0ms
2026-04-25 02:51:34 | INFO | hate_detect | PREDICT | model=svm | text='Dasar bego, gitu aja gak becus kerja!' | label=Abusive | conf=0.843 | latency=1.0ms
2026-04-25 02:51:34 | INFO | hate_detect | PREDICT | model=svm | text='Usir saja orang-orang itu dari sini, mereka cuma bikin masal' | label=Hate Speech | conf=0.710 | latency=1.5ms
2026-04-25 02:51:34 | INFO | hate_detect | PREDICT | model=svm | text='Selamat pagi semuanya, semoga hari ini menyenangkan.' | label=Hate Speech | conf=0.470 | latency=0.0ms
2026-04-25 02:51:34 | INFO | hate_detect | PREDICT | model=svm | text='Kamu ini bodoh sekali, tidak usah sok tahu.' | label=Normal | conf=0.500 | latency=0.0ms
2026-04-25 02:51:34 | INFO | hate_detect | PREDICT | model=svm | text='Jangan kasih suara buat dia, dia pengkhianat.' | label=Hate Speech | conf=0.442 | latency=0.0ms
2026-04-25 02:51:34 | INFO | hate_detect | PREDICT | model=svm | text='Dasar bego, gitu aja gak becus kerja!' | label=Abusive | conf=0.843 | latency=2.0ms
2026-04-25 02:51:34 | INFO | hate_detect | PREDICT | model=svm | text='Usir saja orang-orang itu dari sini, mereka cuma bikin masal' | label=Hate Speech | conf=0.710 | latency=0.0ms
2026-04-25 02:51:34 | INFO | hate_detect | PREDICT | model=svm | text='Selamat pagi semuanya, semoga hari ini menyenangkan.' | label=Hate Speech | conf=0.470 | latency=0.0ms
2026-04-25 02:51:34 | INFO | hate_detect | PREDICT | model=svm | text='Kamu ini bodoh sekali, tidak usah sok tahu.' | label=Normal | conf=0.500 | latency=0.0ms
2026-04-25 02:51:34 | INFO | hate_detect | PREDICT | model=svm | text='Jangan kasih suara buat dia, dia pengkhianat.' | label=Hate Speech | conf=0.442 | latency=1.0ms
2026-04-25 02:51:34 | INFO | hate_detect | PREDICT | model=svm | text='Dasar bego, gitu aja gak becus kerja!' | label=Abusive | conf=0.843 | latency=2.0ms
2026-04-25 02:51:34 | INFO | hate_detect | PREDICT | model=svm | text='Usir saja orang-orang itu dari sini, mereka cuma bikin masal' | label=Hate Speech | conf=0.710 | latency=1.0ms
2026-04-25 02:51:34 | INFO | hate_detect | PREDICT | model=svm | text='Selamat pagi semuanya, semoga hari ini menyenangkan.' | label=Hate Speech | conf=0.470 | latency=1.9ms
2026-04-25 02:51:34 | INFO | hate_detect | PREDICT | model=svm | text='Kamu ini bodoh sekali, tidak usah sok tahu.' | label=Normal | conf=0.500 | latency=0.0ms
2026-04-25 02:51:34 | INFO | hate_detect | PREDICT | model=svm | text='Jangan kasih suara buat dia, dia pengkhianat.' | label=Hate Speech | conf=0.442 | latency=1.0ms
2026-04-25 02:51:34 | INFO | hate_detect | PREDICT | model=svm | text='Dasar bego, gitu aja gak becus kerja!' | label=Abusive | conf=0.843 | latency=2.2ms
2026-04-25 02:51:34 | INFO | hate_detect | PREDICT | model=svm | text='Usir saja orang-orang itu dari sini, mereka cuma bikin masal' | label=Hate Speech | conf=0.710 | latency=1.0ms
2026-04-25 02:51:34 | INFO | hate_detect | PREDICT | model=svm | text='Selamat pagi semuanya, semoga hari ini menyenangkan.' | label=Hate Speech | conf=0.470 | latency=1.6ms
2026-04-25 02:51:34 | INFO | hate_detect | PREDICT | model=svm | text='Kamu ini bodoh sekali, tidak usah sok tahu.' | label=Normal | conf=0.500 | latency=0.0ms
2026-04-25 02:51:34 | INFO | hate_detect | PREDICT | model=svm | text='Jangan kasih suara buat dia, dia pengkhianat.' | label=Hate Speech | conf=0.442 | latency=0.0ms
2026-04-25 02:51:34 | INFO | hate_detect | PREDICT | model=svm | text='Dasar bego, gitu aja gak becus kerja!' | label=Abusive | conf=0.843 | latency=1.6ms
2026-04-25 02:51:34 | INFO | hate_detect | PREDICT | model=svm | text='Usir saja orang-orang itu dari sini, mereka cuma bikin masal' | label=Hate Speech | conf=0.710 | latency=0.0ms
2026-04-25 02:51:34 | INFO | hate_detect | PREDICT | model=svm | text='Selamat pagi semuanya, semoga hari ini menyenangkan.' | label=Hate Speech | conf=0.470 | latency=0.0ms
2026-04-25 02:51:34 | INFO | hate_detect | PREDICT | model=svm | text='Kamu ini bodoh sekali, tidak usah sok tahu.' | label=Normal | conf=0.500 | latency=0.0ms
2026-04-25 02:51:34 | INFO | hate_detect | PREDICT | model=svm | text='Jangan kasih suara buat dia, dia pengkhianat.' | label=Hate Speech | conf=0.442 | latency=1.0ms
2026-04-25 02:51:34 | INFO | hate_detect | PREDICT | model=svm | text='Dasar bego, gitu aja gak becus kerja!' | label=Abusive | conf=0.843 | latency=1.3ms
2026-04-25 02:51:34 | INFO | hate_detect | PREDICT | model=svm | text='Usir saja orang-orang itu dari sini, mereka cuma bikin masal' | label=Hate Speech | conf=0.710 | latency=1.5ms
2026-04-25 02:51:34 | INFO | hate_detect | PREDICT | model=svm | text='Selamat pagi semuanya, semoga hari ini menyenangkan.' | label=Hate Speech | conf=0.470 | latency=0.0ms
2026-04-25 02:51:34 | INFO | hate_detect | PREDICT | model=svm | text='Kamu ini bodoh sekali, tidak usah sok tahu.' | label=Normal | conf=0.500 | latency=0.0ms
2026-04-25 02:51:34 | INFO | hate_detect | PREDICT | model=svm | text='Jangan kasih suara buat dia, dia pengkhianat.' | label=Hate Speech | conf=0.442 | latency=1.0ms
2026-04-25 02:51:34 | INFO | hate_detect | PREDICT | model=svm | text='Dasar bego, gitu aja gak becus kerja!' | label=Abusive | conf=0.843 | latency=2.1ms
2026-04-25 02:51:34 | INFO | hate_detect | PREDICT | model=svm | text='Usir saja orang-orang itu dari sini, mereka cuma bikin masal' | label=Hate Speech | conf=0.710 | latency=1.5ms
2026-04-25 02:51:34 | INFO | hate_detect | PREDICT | model=svm | text='Selamat pagi semuanya, semoga hari ini menyenangkan.' | label=Hate Speech | conf=0.470 | latency=1.5ms
2026-04-25 02:51:34 | INFO | hate_detect | PREDICT | model=svm | text='Kamu ini bodoh sekali, tidak usah sok tahu.' | label=Normal | conf=0.500 | latency=0.0ms
2026-04-25 02:51:34 | INFO | hate_detect | PREDICT | model=svm | text='Jangan kasih suara buat dia, dia pengkhianat.' | label=Hate Speech | conf=0.442 | latency=2.5ms
2026-04-25 02:51:34 | INFO | hate_detect | PREDICT | model=svm | text='Dasar bego, gitu aja gak becus kerja!' | label=Abusive | conf=0.843 | latency=1.0ms
2026-04-25 02:51:34 | INFO | hate_detect | PREDICT | model=svm | text='Usir saja orang-orang itu dari sini, mereka cuma bikin masal' | label=Hate Speech | conf=0.710 | latency=1.5ms
2026-04-25 02:51:34 | INFO | hate_detect | PREDICT | model=svm | text='Selamat pagi semuanya, semoga hari ini menyenangkan.' | label=Hate Speech | conf=0.470 | latency=0.0ms
2026-04-25 02:51:34 | INFO | hate_detect | PREDICT | model=svm | text='Kamu ini bodoh sekali, tidak usah sok tahu.' | label=Normal | conf=0.500 | latency=0.0ms
2026-04-25 02:51:34 | INFO | hate_detect | PREDICT | model=svm | text='Jangan kasih suara buat dia, dia pengkhianat.' | label=Hate Speech | conf=0.442 | latency=2.1ms
2026-04-25 02:51:34 | INFO | hate_detect | PREDICT | model=svm | text='Dasar bego, gitu aja gak becus kerja!' | label=Abusive | conf=0.843 | latency=1.3ms
2026-04-25 02:51:34 | INFO | hate_detect | PREDICT | model=svm | text='Usir saja orang-orang itu dari sini, mereka cuma bikin masal' | label=Hate Speech | conf=0.710 | latency=2.6ms
2026-04-25 02:51:34 | INFO | hate_detect | PREDICT | model=svm | text='Selamat pagi semuanya, semoga hari ini menyenangkan.' | label=Hate Speech | conf=0.470 | latency=1.5ms
2026-04-25 02:51:34 | INFO | hate_detect | PREDICT | model=svm | text='Kamu ini bodoh sekali, tidak usah sok tahu.' | label=Normal | conf=0.500 | latency=0.0ms
2026-04-25 02:51:34 | INFO | hate_detect | PREDICT | model=svm | text='Jangan kasih suara buat dia, dia pengkhianat.' | label=Hate Speech | conf=0.442 | latency=2.5ms
2026-04-25 02:51:34 | INFO | hate_detect | PREDICT | model=svm | text='Dasar bego, gitu aja gak becus kerja!' | label=Abusive | conf=0.843 | latency=1.5ms
2026-04-25 02:51:34 | INFO | hate_detect | PREDICT | model=svm | text='Usir saja orang-orang itu dari sini, mereka cuma bikin masal' | label=Hate Speech | conf=0.710 | latency=1.0ms
2026-04-25 02:51:34 | INFO | hate_detect | PREDICT | model=svm | text='Selamat pagi semuanya, semoga hari ini menyenangkan.' | label=Hate Speech | conf=0.470 | latency=1.5ms
2026-04-25 02:51:34 | INFO | hate_detect | PREDICT | model=svm | text='Kamu ini bodoh sekali, tidak usah sok tahu.' | label=Normal | conf=0.500 | latency=0.0ms
2026-04-25 02:51:34 | INFO | hate_detect | PREDICT | model=svm | text='Jangan kasih suara buat dia, dia pengkhianat.' | label=Hate Speech | conf=0.442 | latency=1.0ms
2026-04-25 02:51:34 | INFO | hate_detect | PREDICT | model=svm | text='Dasar bego, gitu aja gak becus kerja!' | label=Abusive | conf=0.843 | latency=2.0ms
2026-04-25 02:51:34 | INFO | hate_detect | PREDICT | model=svm | text='Usir saja orang-orang itu dari sini, mereka cuma bikin masal' | label=Hate Speech | conf=0.710 | latency=1.5ms
2026-04-25 02:51:34 | INFO | hate_detect | PREDICT | model=svm | text='Selamat pagi semuanya, semoga hari ini menyenangkan.' | label=Hate Speech | conf=0.470 | latency=1.1ms
2026-04-25 02:51:34 | INFO | hate_detect | PREDICT | model=svm | text='Kamu ini bodoh sekali, tidak usah sok tahu.' | label=Normal | conf=0.500 | latency=0.0ms
2026-04-25 02:51:34 | INFO | hate_detect | PREDICT | model=svm | text='Jangan kasih suara buat dia, dia pengkhianat.' | label=Hate Speech | conf=0.442 | latency=1.0ms
2026-04-25 02:51:34 | INFO | hate_detect | PREDICT | model=svm | text='Dasar bego, gitu aja gak becus kerja!' | label=Abusive | conf=0.843 | latency=2.0ms
2026-04-25 02:51:34 | INFO | hate_detect | PREDICT | model=svm | text='Usir saja orang-orang itu dari sini, mereka cuma bikin masal' | label=Hate Speech | conf=0.710 | latency=2.9ms
2026-04-25 02:51:34 | INFO | hate_detect | PREDICT | model=svm | text='Selamat pagi semuanya, semoga hari ini menyenangkan.' | label=Hate Speech | conf=0.470 | latency=1.6ms
2026-04-25 02:51:34 | INFO | hate_detect | PREDICT | model=svm | text='Kamu ini bodoh sekali, tidak usah sok tahu.' | label=Normal | conf=0.500 | latency=0.0ms
2026-04-25 02:51:34 | INFO | hate_detect | PREDICT | model=svm | text='Jangan kasih suara buat dia, dia pengkhianat.' | label=Hate Speech | conf=0.442 | latency=1.0ms
2026-04-25 02:51:34 | INFO | hate_detect | PREDICT | model=svm | text='Dasar bego, gitu aja gak becus kerja!' | label=Abusive | conf=0.843 | latency=0.5ms
2026-04-25 02:51:34 | INFO | hate_detect | PREDICT | model=svm | text='Usir saja orang-orang itu dari sini, mereka cuma bikin masal' | label=Hate Speech | conf=0.710 | latency=2.2ms
2026-04-25 02:51:34 | INFO | hate_detect | PREDICT | model=svm | text='Selamat pagi semuanya, semoga hari ini menyenangkan.' | label=Hate Speech | conf=0.470 | latency=1.5ms
2026-04-25 02:51:34 | INFO | hate_detect | PREDICT | model=svm | text='Kamu ini bodoh sekali, tidak usah sok tahu.' | label=Normal | conf=0.500 | latency=0.0ms
2026-04-25 02:51:34 | INFO | hate_detect | PREDICT | model=svm | text='Jangan kasih suara buat dia, dia pengkhianat.' | label=Hate Speech | conf=0.442 | latency=2.1ms
2026-04-25 02:51:34 | INFO | hate_detect | PREDICT | model=svm | text='Dasar bego, gitu aja gak becus kerja!' | label=Abusive | conf=0.843 | latency=1.0ms
2026-04-25 02:51:34 | INFO | hate_detect | PREDICT | model=svm | text='Usir saja orang-orang itu dari sini, mereka cuma bikin masal' | label=Hate Speech | conf=0.710 | latency=0.5ms
2026-04-25 02:51:34 | INFO | hate_detect | PREDICT | model=svm | text='Selamat pagi semuanya, semoga hari ini menyenangkan.' | label=Hate Speech | conf=0.470 | latency=0.0ms
2026-04-25 02:51:34 | INFO | hate_detect | PREDICT | model=svm | text='Kamu ini bodoh sekali, tidak usah sok tahu.' | label=Normal | conf=0.500 | latency=0.0ms
2026-04-25 02:51:34 | INFO | hate_detect | PREDICT | model=svm | text='Jangan kasih suara buat dia, dia pengkhianat.' | label=Hate Speech | conf=0.442 | latency=0.5ms
2026-04-25 02:55:51 | INFO | hate_detect | PREDICT | model=svm | text='Dasar bego, gitu aja gak becus kerja!' | label=Abusive | conf=0.843 | latency=3.0ms
2026-04-25 02:55:51 | INFO | hate_detect | PREDICT | model=svm | text='Usir saja orang-orang itu dari sini, mereka cuma bikin masal' | label=Hate Speech | conf=0.710 | latency=0.6ms
2026-04-25 02:55:51 | INFO | hate_detect | PREDICT | model=svm | text='Selamat pagi semuanya, semoga hari ini menyenangkan.' | label=Hate Speech | conf=0.470 | latency=1.0ms
2026-04-25 02:55:51 | INFO | hate_detect | PREDICT | model=svm | text='Kamu ini bodoh sekali, tidak usah sok tahu.' | label=Normal | conf=0.500 | latency=0.0ms
2026-04-25 02:55:51 | INFO | hate_detect | PREDICT | model=svm | text='Jangan kasih suara buat dia, dia pengkhianat.' | label=Hate Speech | conf=0.442 | latency=2.6ms
2026-04-25 02:55:51 | INFO | hate_detect | PREDICT | model=svm | text='Dasar bego, gitu aja gak becus kerja!' | label=Abusive | conf=0.843 | latency=2.2ms
2026-04-25 02:55:51 | INFO | hate_detect | PREDICT | model=svm | text='Usir saja orang-orang itu dari sini, mereka cuma bikin masal' | label=Hate Speech | conf=0.710 | latency=1.5ms
2026-04-25 02:55:51 | INFO | hate_detect | PREDICT | model=svm | text='Selamat pagi semuanya, semoga hari ini menyenangkan.' | label=Hate Speech | conf=0.470 | latency=3.6ms
2026-04-25 02:55:51 | INFO | hate_detect | PREDICT | model=svm | text='Kamu ini bodoh sekali, tidak usah sok tahu.' | label=Normal | conf=0.500 | latency=0.0ms
2026-04-25 02:55:51 | INFO | hate_detect | PREDICT | model=svm | text='Jangan kasih suara buat dia, dia pengkhianat.' | label=Hate Speech | conf=0.442 | latency=2.0ms
2026-04-25 02:55:51 | INFO | hate_detect | PREDICT | model=svm | text='Dasar bego, gitu aja gak becus kerja!' | label=Abusive | conf=0.843 | latency=1.5ms
2026-04-25 02:55:51 | INFO | hate_detect | PREDICT | model=svm | text='Usir saja orang-orang itu dari sini, mereka cuma bikin masal' | label=Hate Speech | conf=0.710 | latency=2.5ms
2026-04-25 02:55:51 | INFO | hate_detect | PREDICT | model=svm | text='Selamat pagi semuanya, semoga hari ini menyenangkan.' | label=Hate Speech | conf=0.470 | latency=1.0ms
2026-04-25 02:55:51 | INFO | hate_detect | PREDICT | model=svm | text='Kamu ini bodoh sekali, tidak usah sok tahu.' | label=Normal | conf=0.500 | latency=0.0ms
2026-04-25 02:55:51 | INFO | hate_detect | PREDICT | model=svm | text='Jangan kasih suara buat dia, dia pengkhianat.' | label=Hate Speech | conf=0.442 | latency=2.2ms
2026-04-25 02:55:51 | INFO | hate_detect | PREDICT | model=svm | text='Dasar bego, gitu aja gak becus kerja!' | label=Abusive | conf=0.843 | latency=1.0ms
2026-04-25 02:55:51 | INFO | hate_detect | PREDICT | model=svm | text='Usir saja orang-orang itu dari sini, mereka cuma bikin masal' | label=Hate Speech | conf=0.710 | latency=1.9ms
2026-04-25 02:55:51 | INFO | hate_detect | PREDICT | model=svm | text='Selamat pagi semuanya, semoga hari ini menyenangkan.' | label=Hate Speech | conf=0.470 | latency=1.5ms
2026-04-25 02:55:51 | INFO | hate_detect | PREDICT | model=svm | text='Kamu ini bodoh sekali, tidak usah sok tahu.' | label=Normal | conf=0.500 | latency=0.0ms
2026-04-25 02:55:51 | INFO | hate_detect | PREDICT | model=svm | text='Jangan kasih suara buat dia, dia pengkhianat.' | label=Hate Speech | conf=0.442 | latency=1.5ms
2026-04-25 02:55:51 | INFO | hate_detect | PREDICT | model=svm | text='Dasar bego, gitu aja gak becus kerja!' | label=Abusive | conf=0.843 | latency=1.1ms
2026-04-25 02:55:51 | INFO | hate_detect | PREDICT | model=svm | text='Usir saja orang-orang itu dari sini, mereka cuma bikin masal' | label=Hate Speech | conf=0.710 | latency=1.0ms
2026-04-25 02:55:51 | INFO | hate_detect | PREDICT | model=svm | text='Selamat pagi semuanya, semoga hari ini menyenangkan.' | label=Hate Speech | conf=0.470 | latency=1.2ms
2026-04-25 02:55:51 | INFO | hate_detect | PREDICT | model=svm | text='Kamu ini bodoh sekali, tidak usah sok tahu.' | label=Normal | conf=0.500 | latency=0.0ms
2026-04-25 02:55:51 | INFO | hate_detect | PREDICT | model=svm | text='Jangan kasih suara buat dia, dia pengkhianat.' | label=Hate Speech | conf=0.442 | latency=0.5ms
2026-04-25 02:55:51 | INFO | hate_detect | PREDICT | model=svm | text='Dasar bego, gitu aja gak becus kerja!' | label=Abusive | conf=0.843 | latency=1.0ms
2026-04-25 02:55:51 | INFO | hate_detect | PREDICT | model=svm | text='Usir saja orang-orang itu dari sini, mereka cuma bikin masal' | label=Hate Speech | conf=0.710 | latency=1.5ms
2026-04-25 02:55:51 | INFO | hate_detect | PREDICT | model=svm | text='Selamat pagi semuanya, semoga hari ini menyenangkan.' | label=Hate Speech | conf=0.470 | latency=1.1ms
2026-04-25 02:55:51 | INFO | hate_detect | PREDICT | model=svm | text='Kamu ini bodoh sekali, tidak usah sok tahu.' | label=Normal | conf=0.500 | latency=0.0ms
2026-04-25 02:55:51 | INFO | hate_detect | PREDICT | model=svm | text='Jangan kasih suara buat dia, dia pengkhianat.' | label=Hate Speech | conf=0.442 | latency=3.1ms
2026-04-25 02:55:51 | INFO | hate_detect | PREDICT | model=svm | text='Dasar bego, gitu aja gak becus kerja!' | label=Abusive | conf=0.843 | latency=2.3ms
2026-04-25 02:55:51 | INFO | hate_detect | PREDICT | model=svm | text='Usir saja orang-orang itu dari sini, mereka cuma bikin masal' | label=Hate Speech | conf=0.710 | latency=2.5ms
2026-04-25 02:55:51 | INFO | hate_detect | PREDICT | model=svm | text='Selamat pagi semuanya, semoga hari ini menyenangkan.' | label=Hate Speech | conf=0.470 | latency=0.5ms
2026-04-25 02:55:51 | INFO | hate_detect | PREDICT | model=svm | text='Kamu ini bodoh sekali, tidak usah sok tahu.' | label=Normal | conf=0.500 | latency=0.0ms
2026-04-25 02:55:51 | INFO | hate_detect | PREDICT | model=svm | text='Jangan kasih suara buat dia, dia pengkhianat.' | label=Hate Speech | conf=0.442 | latency=1.0ms
2026-04-25 02:55:51 | INFO | hate_detect | PREDICT | model=svm | text='Dasar bego, gitu aja gak becus kerja!' | label=Abusive | conf=0.843 | latency=1.5ms
2026-04-25 02:55:51 | INFO | hate_detect | PREDICT | model=svm | text='Usir saja orang-orang itu dari sini, mereka cuma bikin masal' | label=Hate Speech | conf=0.710 | latency=1.6ms
2026-04-25 02:55:51 | INFO | hate_detect | PREDICT | model=svm | text='Selamat pagi semuanya, semoga hari ini menyenangkan.' | label=Hate Speech | conf=0.470 | latency=1.5ms
2026-04-25 02:55:51 | INFO | hate_detect | PREDICT | model=svm | text='Kamu ini bodoh sekali, tidak usah sok tahu.' | label=Normal | conf=0.500 | latency=0.0ms
2026-04-25 02:55:51 | INFO | hate_detect | PREDICT | model=svm | text='Jangan kasih suara buat dia, dia pengkhianat.' | label=Hate Speech | conf=0.442 | latency=1.0ms
2026-04-25 02:55:51 | INFO | hate_detect | PREDICT | model=svm | text='Dasar bego, gitu aja gak becus kerja!' | label=Abusive | conf=0.843 | latency=1.0ms
2026-04-25 02:55:51 | INFO | hate_detect | PREDICT | model=svm | text='Usir saja orang-orang itu dari sini, mereka cuma bikin masal' | label=Hate Speech | conf=0.710 | latency=1.0ms
2026-04-25 02:55:51 | INFO | hate_detect | PREDICT | model=svm | text='Selamat pagi semuanya, semoga hari ini menyenangkan.' | label=Hate Speech | conf=0.470 | latency=1.8ms
2026-04-25 02:55:51 | INFO | hate_detect | PREDICT | model=svm | text='Kamu ini bodoh sekali, tidak usah sok tahu.' | label=Normal | conf=0.500 | latency=0.0ms
2026-04-25 02:55:51 | INFO | hate_detect | PREDICT | model=svm | text='Jangan kasih suara buat dia, dia pengkhianat.' | label=Hate Speech | conf=0.442 | latency=1.0ms
2026-04-25 02:55:51 | INFO | hate_detect | PREDICT | model=svm | text='Dasar bego, gitu aja gak becus kerja!' | label=Abusive | conf=0.843 | latency=1.0ms
2026-04-25 02:55:51 | INFO | hate_detect | PREDICT | model=svm | text='Usir saja orang-orang itu dari sini, mereka cuma bikin masal' | label=Hate Speech | conf=0.710 | latency=0.0ms
2026-04-25 02:55:51 | INFO | hate_detect | PREDICT | model=svm | text='Selamat pagi semuanya, semoga hari ini menyenangkan.' | label=Hate Speech | conf=0.470 | latency=1.0ms
2026-04-25 02:55:51 | INFO | hate_detect | PREDICT | model=svm | text='Kamu ini bodoh sekali, tidak usah sok tahu.' | label=Normal | conf=0.500 | latency=0.0ms
2026-04-25 02:55:51 | INFO | hate_detect | PREDICT | model=svm | text='Jangan kasih suara buat dia, dia pengkhianat.' | label=Hate Speech | conf=0.442 | latency=1.5ms
2026-04-25 02:55:51 | INFO | hate_detect | PREDICT | model=svm | text='Dasar bego, gitu aja gak becus kerja!' | label=Abusive | conf=0.843 | latency=1.6ms
2026-04-25 02:55:51 | INFO | hate_detect | PREDICT | model=svm | text='Usir saja orang-orang itu dari sini, mereka cuma bikin masal' | label=Hate Speech | conf=0.710 | latency=2.0ms
2026-04-25 02:55:51 | INFO | hate_detect | PREDICT | model=svm | text='Selamat pagi semuanya, semoga hari ini menyenangkan.' | label=Hate Speech | conf=0.470 | latency=1.0ms
2026-04-25 02:55:51 | INFO | hate_detect | PREDICT | model=svm | text='Kamu ini bodoh sekali, tidak usah sok tahu.' | label=Normal | conf=0.500 | latency=0.0ms
2026-04-25 02:55:51 | INFO | hate_detect | PREDICT | model=svm | text='Jangan kasih suara buat dia, dia pengkhianat.' | label=Hate Speech | conf=0.442 | latency=1.0ms
2026-04-25 02:55:51 | INFO | hate_detect | PREDICT | model=svm | text='Dasar bego, gitu aja gak becus kerja!' | label=Abusive | conf=0.843 | latency=1.0ms
2026-04-25 02:55:51 | INFO | hate_detect | PREDICT | model=svm | text='Usir saja orang-orang itu dari sini, mereka cuma bikin masal' | label=Hate Speech | conf=0.710 | latency=1.0ms
2026-04-25 02:55:51 | INFO | hate_detect | PREDICT | model=svm | text='Selamat pagi semuanya, semoga hari ini menyenangkan.' | label=Hate Speech | conf=0.470 | latency=1.5ms
2026-04-25 02:55:51 | INFO | hate_detect | PREDICT | model=svm | text='Kamu ini bodoh sekali, tidak usah sok tahu.' | label=Normal | conf=0.500 | latency=0.0ms
2026-04-25 02:55:51 | INFO | hate_detect | PREDICT | model=svm | text='Jangan kasih suara buat dia, dia pengkhianat.' | label=Hate Speech | conf=0.442 | latency=0.0ms
2026-04-25 02:55:51 | INFO | hate_detect | PREDICT | model=svm | text='Dasar bego, gitu aja gak becus kerja!' | label=Abusive | conf=0.843 | latency=1.6ms
2026-04-25 02:55:51 | INFO | hate_detect | PREDICT | model=svm | text='Usir saja orang-orang itu dari sini, mereka cuma bikin masal' | label=Hate Speech | conf=0.710 | latency=1.6ms
2026-04-25 02:55:51 | INFO | hate_detect | PREDICT | model=svm | text='Selamat pagi semuanya, semoga hari ini menyenangkan.' | label=Hate Speech | conf=0.470 | latency=1.0ms
2026-04-25 02:55:51 | INFO | hate_detect | PREDICT | model=svm | text='Kamu ini bodoh sekali, tidak usah sok tahu.' | label=Normal | conf=0.500 | latency=0.0ms
2026-04-25 02:55:51 | INFO | hate_detect | PREDICT | model=svm | text='Jangan kasih suara buat dia, dia pengkhianat.' | label=Hate Speech | conf=0.442 | latency=2.3ms
2026-04-25 02:55:51 | INFO | hate_detect | PREDICT | model=svm | text='Dasar bego, gitu aja gak becus kerja!' | label=Abusive | conf=0.843 | latency=3.0ms
2026-04-25 02:55:51 | INFO | hate_detect | PREDICT | model=svm | text='Usir saja orang-orang itu dari sini, mereka cuma bikin masal' | label=Hate Speech | conf=0.710 | latency=1.0ms
2026-04-25 02:55:51 | INFO | hate_detect | PREDICT | model=svm | text='Selamat pagi semuanya, semoga hari ini menyenangkan.' | label=Hate Speech | conf=0.470 | latency=1.0ms
2026-04-25 02:55:51 | INFO | hate_detect | PREDICT | model=svm | text='Kamu ini bodoh sekali, tidak usah sok tahu.' | label=Normal | conf=0.500 | latency=0.0ms
2026-04-25 02:55:51 | INFO | hate_detect | PREDICT | model=svm | text='Jangan kasih suara buat dia, dia pengkhianat.' | label=Hate Speech | conf=0.442 | latency=1.0ms
2026-04-25 02:55:51 | INFO | hate_detect | PREDICT | model=svm | text='Dasar bego, gitu aja gak becus kerja!' | label=Abusive | conf=0.843 | latency=1.0ms
2026-04-25 02:55:51 | INFO | hate_detect | PREDICT | model=svm | text='Usir saja orang-orang itu dari sini, mereka cuma bikin masal' | label=Hate Speech | conf=0.710 | latency=0.5ms
2026-04-25 02:55:51 | INFO | hate_detect | PREDICT | model=svm | text='Selamat pagi semuanya, semoga hari ini menyenangkan.' | label=Hate Speech | conf=0.470 | latency=1.0ms
2026-04-25 02:55:51 | INFO | hate_detect | PREDICT | model=svm | text='Kamu ini bodoh sekali, tidak usah sok tahu.' | label=Normal | conf=0.500 | latency=0.0ms
2026-04-25 02:55:51 | INFO | hate_detect | PREDICT | model=svm | text='Jangan kasih suara buat dia, dia pengkhianat.' | label=Hate Speech | conf=0.442 | latency=1.0ms
2026-04-25 02:55:51 | INFO | hate_detect | PREDICT | model=svm | text='Dasar bego, gitu aja gak becus kerja!' | label=Abusive | conf=0.843 | latency=2.0ms
2026-04-25 02:55:51 | INFO | hate_detect | PREDICT | model=svm | text='Usir saja orang-orang itu dari sini, mereka cuma bikin masal' | label=Hate Speech | conf=0.710 | latency=1.0ms
2026-04-25 02:55:51 | INFO | hate_detect | PREDICT | model=svm | text='Selamat pagi semuanya, semoga hari ini menyenangkan.' | label=Hate Speech | conf=0.470 | latency=1.6ms
2026-04-25 02:55:51 | INFO | hate_detect | PREDICT | model=svm | text='Kamu ini bodoh sekali, tidak usah sok tahu.' | label=Normal | conf=0.500 | latency=0.0ms
2026-04-25 02:55:51 | INFO | hate_detect | PREDICT | model=svm | text='Jangan kasih suara buat dia, dia pengkhianat.' | label=Hate Speech | conf=0.442 | latency=0.5ms
2026-04-25 02:55:51 | INFO | hate_detect | PREDICT | model=svm | text='Dasar bego, gitu aja gak becus kerja!' | label=Abusive | conf=0.843 | latency=1.0ms
2026-04-25 02:55:51 | INFO | hate_detect | PREDICT | model=svm | text='Usir saja orang-orang itu dari sini, mereka cuma bikin masal' | label=Hate Speech | conf=0.710 | latency=1.0ms
2026-04-25 02:55:51 | INFO | hate_detect | PREDICT | model=svm | text='Selamat pagi semuanya, semoga hari ini menyenangkan.' | label=Hate Speech | conf=0.470 | latency=0.6ms
2026-04-25 02:55:51 | INFO | hate_detect | PREDICT | model=svm | text='Kamu ini bodoh sekali, tidak usah sok tahu.' | label=Normal | conf=0.500 | latency=0.0ms
2026-04-25 02:55:51 | INFO | hate_detect | PREDICT | model=svm | text='Jangan kasih suara buat dia, dia pengkhianat.' | label=Hate Speech | conf=0.442 | latency=1.0ms
2026-04-25 02:55:51 | INFO | hate_detect | PREDICT | model=svm | text='Dasar bego, gitu aja gak becus kerja!' | label=Abusive | conf=0.843 | latency=1.0ms
2026-04-25 02:55:51 | INFO | hate_detect | PREDICT | model=svm | text='Usir saja orang-orang itu dari sini, mereka cuma bikin masal' | label=Hate Speech | conf=0.710 | latency=1.0ms
2026-04-25 02:55:51 | INFO | hate_detect | PREDICT | model=svm | text='Selamat pagi semuanya, semoga hari ini menyenangkan.' | label=Hate Speech | conf=0.470 | latency=0.5ms
2026-04-25 02:55:51 | INFO | hate_detect | PREDICT | model=svm | text='Kamu ini bodoh sekali, tidak usah sok tahu.' | label=Normal | conf=0.500 | latency=0.0ms
2026-04-25 02:55:51 | INFO | hate_detect | PREDICT | model=svm | text='Jangan kasih suara buat dia, dia pengkhianat.' | label=Hate Speech | conf=0.442 | latency=1.0ms
2026-04-25 02:55:51 | INFO | hate_detect | PREDICT | model=svm | text='Dasar bego, gitu aja gak becus kerja!' | label=Abusive | conf=0.843 | latency=3.3ms
2026-04-25 02:55:51 | INFO | hate_detect | PREDICT | model=svm | text='Usir saja orang-orang itu dari sini, mereka cuma bikin masal' | label=Hate Speech | conf=0.710 | latency=1.6ms
2026-04-25 02:55:51 | INFO | hate_detect | PREDICT | model=svm | text='Selamat pagi semuanya, semoga hari ini menyenangkan.' | label=Hate Speech | conf=0.470 | latency=1.1ms
2026-04-25 02:55:51 | INFO | hate_detect | PREDICT | model=svm | text='Kamu ini bodoh sekali, tidak usah sok tahu.' | label=Normal | conf=0.500 | latency=0.0ms
2026-04-25 02:55:51 | INFO | hate_detect | PREDICT | model=svm | text='Jangan kasih suara buat dia, dia pengkhianat.' | label=Hate Speech | conf=0.442 | latency=0.0ms
2026-04-25 02:55:51 | INFO | hate_detect | PREDICT | model=svm | text='Dasar bego, gitu aja gak becus kerja!' | label=Abusive | conf=0.843 | latency=1.5ms
2026-04-25 02:55:51 | INFO | hate_detect | PREDICT | model=svm | text='Usir saja orang-orang itu dari sini, mereka cuma bikin masal' | label=Hate Speech | conf=0.710 | latency=1.0ms
2026-04-25 02:55:51 | INFO | hate_detect | PREDICT | model=svm | text='Selamat pagi semuanya, semoga hari ini menyenangkan.' | label=Hate Speech | conf=0.470 | latency=1.0ms
2026-04-25 02:55:51 | INFO | hate_detect | PREDICT | model=svm | text='Kamu ini bodoh sekali, tidak usah sok tahu.' | label=Normal | conf=0.500 | latency=0.0ms
2026-04-25 02:55:51 | INFO | hate_detect | PREDICT | model=svm | text='Jangan kasih suara buat dia, dia pengkhianat.' | label=Hate Speech | conf=0.442 | latency=2.0ms
2026-04-25 02:55:51 | INFO | hate_detect | PREDICT | model=svm | text='Dasar bego, gitu aja gak becus kerja!' | label=Abusive | conf=0.843 | latency=1.5ms
2026-04-25 02:55:51 | INFO | hate_detect | PREDICT | model=svm | text='Usir saja orang-orang itu dari sini, mereka cuma bikin masal' | label=Hate Speech | conf=0.710 | latency=1.0ms
2026-04-25 02:55:51 | INFO | hate_detect | PREDICT | model=svm | text='Selamat pagi semuanya, semoga hari ini menyenangkan.' | label=Hate Speech | conf=0.470 | latency=1.0ms
2026-04-25 02:55:51 | INFO | hate_detect | PREDICT | model=svm | text='Kamu ini bodoh sekali, tidak usah sok tahu.' | label=Normal | conf=0.500 | latency=0.0ms
2026-04-25 02:55:51 | INFO | hate_detect | PREDICT | model=svm | text='Jangan kasih suara buat dia, dia pengkhianat.' | label=Hate Speech | conf=0.442 | latency=1.8ms
2026-04-25 02:55:51 | INFO | hate_detect | PREDICT | model=svm | text='Dasar bego, gitu aja gak becus kerja!' | label=Abusive | conf=0.843 | latency=0.6ms
2026-04-25 02:55:51 | INFO | hate_detect | PREDICT | model=svm | text='Usir saja orang-orang itu dari sini, mereka cuma bikin masal' | label=Hate Speech | conf=0.710 | latency=1.0ms
2026-04-25 02:55:51 | INFO | hate_detect | PREDICT | model=svm | text='Selamat pagi semuanya, semoga hari ini menyenangkan.' | label=Hate Speech | conf=0.470 | latency=0.0ms
2026-04-25 02:55:51 | INFO | hate_detect | PREDICT | model=svm | text='Kamu ini bodoh sekali, tidak usah sok tahu.' | label=Normal | conf=0.500 | latency=0.0ms
2026-04-25 02:55:51 | INFO | hate_detect | PREDICT | model=svm | text='Jangan kasih suara buat dia, dia pengkhianat.' | label=Hate Speech | conf=0.442 | latency=1.0ms
2026-04-25 02:55:51 | INFO | hate_detect | PREDICT | model=svm | text='Dasar bego, gitu aja gak becus kerja!' | label=Abusive | conf=0.843 | latency=1.0ms
2026-04-25 02:55:51 | INFO | hate_detect | PREDICT | model=svm | text='Usir saja orang-orang itu dari sini, mereka cuma bikin masal' | label=Hate Speech | conf=0.710 | latency=1.0ms
2026-04-25 02:55:51 | INFO | hate_detect | PREDICT | model=svm | text='Selamat pagi semuanya, semoga hari ini menyenangkan.' | label=Hate Speech | conf=0.470 | latency=2.1ms
2026-04-25 02:55:51 | INFO | hate_detect | PREDICT | model=svm | text='Kamu ini bodoh sekali, tidak usah sok tahu.' | label=Normal | conf=0.500 | latency=0.0ms
2026-04-25 02:55:51 | INFO | hate_detect | PREDICT | model=svm | text='Jangan kasih suara buat dia, dia pengkhianat.' | label=Hate Speech | conf=0.442 | latency=2.0ms
2026-04-25 02:55:51 | INFO | hate_detect | PREDICT | model=svm | text='Dasar bego, gitu aja gak becus kerja!' | label=Abusive | conf=0.843 | latency=1.6ms
2026-04-25 02:55:51 | INFO | hate_detect | PREDICT | model=svm | text='Usir saja orang-orang itu dari sini, mereka cuma bikin masal' | label=Hate Speech | conf=0.710 | latency=1.6ms
2026-04-25 02:55:51 | INFO | hate_detect | PREDICT | model=svm | text='Selamat pagi semuanya, semoga hari ini menyenangkan.' | label=Hate Speech | conf=0.470 | latency=1.6ms
2026-04-25 02:55:51 | INFO | hate_detect | PREDICT | model=svm | text='Kamu ini bodoh sekali, tidak usah sok tahu.' | label=Normal | conf=0.500 | latency=0.0ms
2026-04-25 02:55:51 | INFO | hate_detect | PREDICT | model=svm | text='Jangan kasih suara buat dia, dia pengkhianat.' | label=Hate Speech | conf=0.442 | latency=1.0ms
2026-04-25 02:55:51 | INFO | hate_detect | PREDICT | model=svm | text='Dasar bego, gitu aja gak becus kerja!' | label=Abusive | conf=0.843 | latency=0.5ms
2026-04-25 02:55:51 | INFO | hate_detect | PREDICT | model=svm | text='Usir saja orang-orang itu dari sini, mereka cuma bikin masal' | label=Hate Speech | conf=0.710 | latency=1.0ms
2026-04-25 02:55:51 | INFO | hate_detect | PREDICT | model=svm | text='Selamat pagi semuanya, semoga hari ini menyenangkan.' | label=Hate Speech | conf=0.470 | latency=0.5ms
2026-04-25 02:55:51 | INFO | hate_detect | PREDICT | model=svm | text='Kamu ini bodoh sekali, tidak usah sok tahu.' | label=Normal | conf=0.500 | latency=0.0ms
2026-04-25 02:55:51 | INFO | hate_detect | PREDICT | model=svm | text='Jangan kasih suara buat dia, dia pengkhianat.' | label=Hate Speech | conf=0.442 | latency=1.0ms
2026-04-25 02:55:51 | INFO | hate_detect | PREDICT | model=svm | text='Dasar bego, gitu aja gak becus kerja!' | label=Abusive | conf=0.843 | latency=0.0ms
2026-04-25 02:55:51 | INFO | hate_detect | PREDICT | model=svm | text='Usir saja orang-orang itu dari sini, mereka cuma bikin masal' | label=Hate Speech | conf=0.710 | latency=0.6ms
2026-04-25 02:55:51 | INFO | hate_detect | PREDICT | model=svm | text='Selamat pagi semuanya, semoga hari ini menyenangkan.' | label=Hate Speech | conf=0.470 | latency=0.5ms
2026-04-25 02:55:51 | INFO | hate_detect | PREDICT | model=svm | text='Kamu ini bodoh sekali, tidak usah sok tahu.' | label=Normal | conf=0.500 | latency=0.0ms
2026-04-25 02:55:51 | INFO | hate_detect | PREDICT | model=svm | text='Jangan kasih suara buat dia, dia pengkhianat.' | label=Hate Speech | conf=0.442 | latency=2.4ms
2026-04-25 02:55:51 | INFO | hate_detect | PREDICT | model=svm | text='Dasar bego, gitu aja gak becus kerja!' | label=Abusive | conf=0.843 | latency=2.0ms
2026-04-25 02:55:51 | INFO | hate_detect | PREDICT | model=svm | text='Usir saja orang-orang itu dari sini, mereka cuma bikin masal' | label=Hate Speech | conf=0.710 | latency=3.0ms
2026-04-25 02:55:51 | INFO | hate_detect | PREDICT | model=svm | text='Selamat pagi semuanya, semoga hari ini menyenangkan.' | label=Hate Speech | conf=0.470 | latency=2.5ms
2026-04-25 02:55:51 | INFO | hate_detect | PREDICT | model=svm | text='Kamu ini bodoh sekali, tidak usah sok tahu.' | label=Normal | conf=0.500 | latency=0.0ms
2026-04-25 02:55:51 | INFO | hate_detect | PREDICT | model=svm | text='Jangan kasih suara buat dia, dia pengkhianat.' | label=Hate Speech | conf=0.442 | latency=2.0ms
2026-04-25 02:55:51 | INFO | hate_detect | PREDICT | model=svm | text='Dasar bego, gitu aja gak becus kerja!' | label=Abusive | conf=0.843 | latency=2.5ms
2026-04-25 02:55:51 | INFO | hate_detect | PREDICT | model=svm | text='Usir saja orang-orang itu dari sini, mereka cuma bikin masal' | label=Hate Speech | conf=0.710 | latency=2.5ms
2026-04-25 02:55:51 | INFO | hate_detect | PREDICT | model=svm | text='Selamat pagi semuanya, semoga hari ini menyenangkan.' | label=Hate Speech | conf=0.470 | latency=4.4ms
2026-04-25 02:55:51 | INFO | hate_detect | PREDICT | model=svm | text='Kamu ini bodoh sekali, tidak usah sok tahu.' | label=Normal | conf=0.500 | latency=0.0ms
2026-04-25 02:55:51 | INFO | hate_detect | PREDICT | model=svm | text='Jangan kasih suara buat dia, dia pengkhianat.' | label=Hate Speech | conf=0.442 | latency=2.1ms
2026-04-25 02:55:51 | INFO | hate_detect | PREDICT | model=svm | text='Dasar bego, gitu aja gak becus kerja!' | label=Abusive | conf=0.843 | latency=2.4ms
2026-04-25 02:55:51 | INFO | hate_detect | PREDICT | model=svm | text='Usir saja orang-orang itu dari sini, mereka cuma bikin masal' | label=Hate Speech | conf=0.710 | latency=3.1ms
2026-04-25 02:55:51 | INFO | hate_detect | PREDICT | model=svm | text='Selamat pagi semuanya, semoga hari ini menyenangkan.' | label=Hate Speech | conf=0.470 | latency=2.7ms
2026-04-25 02:55:51 | INFO | hate_detect | PREDICT | model=svm | text='Kamu ini bodoh sekali, tidak usah sok tahu.' | label=Normal | conf=0.500 | latency=0.0ms
2026-04-25 02:55:51 | INFO | hate_detect | PREDICT | model=svm | text='Jangan kasih suara buat dia, dia pengkhianat.' | label=Hate Speech | conf=0.442 | latency=3.7ms
2026-04-25 02:55:52 | INFO | hate_detect | PREDICT | model=svm | text='Dasar bego, gitu aja gak becus kerja!' | label=Abusive | conf=0.843 | latency=4.2ms
2026-04-25 02:55:52 | INFO | hate_detect | PREDICT | model=svm | text='Usir saja orang-orang itu dari sini, mereka cuma bikin masal' | label=Hate Speech | conf=0.710 | latency=3.3ms
2026-04-25 02:55:52 | INFO | hate_detect | PREDICT | model=svm | text='Selamat pagi semuanya, semoga hari ini menyenangkan.' | label=Hate Speech | conf=0.470 | latency=2.1ms
2026-04-25 02:55:52 | INFO | hate_detect | PREDICT | model=svm | text='Kamu ini bodoh sekali, tidak usah sok tahu.' | label=Normal | conf=0.500 | latency=0.0ms
2026-04-25 02:55:52 | INFO | hate_detect | PREDICT | model=svm | text='Jangan kasih suara buat dia, dia pengkhianat.' | label=Hate Speech | conf=0.442 | latency=0.8ms
2026-04-25 02:55:52 | INFO | hate_detect | PREDICT | model=svm | text='Dasar bego, gitu aja gak becus kerja!' | label=Abusive | conf=0.843 | latency=4.0ms
2026-04-25 02:55:52 | INFO | hate_detect | PREDICT | model=svm | text='Usir saja orang-orang itu dari sini, mereka cuma bikin masal' | label=Hate Speech | conf=0.710 | latency=3.6ms
2026-04-25 02:55:52 | INFO | hate_detect | PREDICT | model=svm | text='Selamat pagi semuanya, semoga hari ini menyenangkan.' | label=Hate Speech | conf=0.470 | latency=3.1ms
2026-04-25 02:55:52 | INFO | hate_detect | PREDICT | model=svm | text='Kamu ini bodoh sekali, tidak usah sok tahu.' | label=Normal | conf=0.500 | latency=0.0ms
2026-04-25 02:55:52 | INFO | hate_detect | PREDICT | model=svm | text='Jangan kasih suara buat dia, dia pengkhianat.' | label=Hate Speech | conf=0.442 | latency=2.0ms
2026-04-25 02:55:52 | INFO | hate_detect | PREDICT | model=svm | text='Dasar bego, gitu aja gak becus kerja!' | label=Abusive | conf=0.843 | latency=0.0ms
2026-04-25 02:55:52 | INFO | hate_detect | PREDICT | model=svm | text='Usir saja orang-orang itu dari sini, mereka cuma bikin masal' | label=Hate Speech | conf=0.710 | latency=2.4ms
2026-04-25 02:55:52 | INFO | hate_detect | PREDICT | model=svm | text='Selamat pagi semuanya, semoga hari ini menyenangkan.' | label=Hate Speech | conf=0.470 | latency=3.2ms
2026-04-25 02:55:52 | INFO | hate_detect | PREDICT | model=svm | text='Kamu ini bodoh sekali, tidak usah sok tahu.' | label=Normal | conf=0.500 | latency=0.0ms
2026-04-25 02:55:52 | INFO | hate_detect | PREDICT | model=svm | text='Jangan kasih suara buat dia, dia pengkhianat.' | label=Hate Speech | conf=0.442 | latency=0.0ms
2026-04-25 02:55:52 | INFO | hate_detect | PREDICT | model=svm | text='Dasar bego, gitu aja gak becus kerja!' | label=Abusive | conf=0.843 | latency=3.3ms
2026-04-25 02:55:52 | INFO | hate_detect | PREDICT | model=svm | text='Usir saja orang-orang itu dari sini, mereka cuma bikin masal' | label=Hate Speech | conf=0.710 | latency=1.0ms
2026-04-25 02:55:52 | INFO | hate_detect | PREDICT | model=svm | text='Selamat pagi semuanya, semoga hari ini menyenangkan.' | label=Hate Speech | conf=0.470 | latency=2.0ms
2026-04-25 02:55:52 | INFO | hate_detect | PREDICT | model=svm | text='Kamu ini bodoh sekali, tidak usah sok tahu.' | label=Normal | conf=0.500 | latency=0.0ms
2026-04-25 02:55:52 | INFO | hate_detect | PREDICT | model=svm | text='Jangan kasih suara buat dia, dia pengkhianat.' | label=Hate Speech | conf=0.442 | latency=3.1ms
2026-04-25 02:55:52 | INFO | hate_detect | PREDICT | model=svm | text='Dasar bego, gitu aja gak becus kerja!' | label=Abusive | conf=0.843 | latency=3.0ms
2026-04-25 02:55:52 | INFO | hate_detect | PREDICT | model=svm | text='Usir saja orang-orang itu dari sini, mereka cuma bikin masal' | label=Hate Speech | conf=0.710 | latency=2.5ms
2026-04-25 02:55:52 | INFO | hate_detect | PREDICT | model=svm | text='Selamat pagi semuanya, semoga hari ini menyenangkan.' | label=Hate Speech | conf=0.470 | latency=2.7ms
2026-04-25 02:55:52 | INFO | hate_detect | PREDICT | model=svm | text='Kamu ini bodoh sekali, tidak usah sok tahu.' | label=Normal | conf=0.500 | latency=0.0ms
2026-04-25 02:55:52 | INFO | hate_detect | PREDICT | model=svm | text='Jangan kasih suara buat dia, dia pengkhianat.' | label=Hate Speech | conf=0.442 | latency=1.5ms
2026-04-25 02:55:52 | INFO | hate_detect | PREDICT | model=svm | text='Dasar bego, gitu aja gak becus kerja!' | label=Abusive | conf=0.843 | latency=0.0ms
2026-04-25 02:55:52 | INFO | hate_detect | PREDICT | model=svm | text='Usir saja orang-orang itu dari sini, mereka cuma bikin masal' | label=Hate Speech | conf=0.710 | latency=2.0ms
2026-04-25 02:55:52 | INFO | hate_detect | PREDICT | model=svm | text='Selamat pagi semuanya, semoga hari ini menyenangkan.' | label=Hate Speech | conf=0.470 | latency=0.0ms
2026-04-25 02:55:52 | INFO | hate_detect | PREDICT | model=svm | text='Kamu ini bodoh sekali, tidak usah sok tahu.' | label=Normal | conf=0.500 | latency=0.0ms
2026-04-25 02:55:52 | INFO | hate_detect | PREDICT | model=svm | text='Jangan kasih suara buat dia, dia pengkhianat.' | label=Hate Speech | conf=0.442 | latency=3.1ms
2026-04-25 02:55:52 | INFO | hate_detect | PREDICT | model=svm | text='Dasar bego, gitu aja gak becus kerja!' | label=Abusive | conf=0.843 | latency=2.5ms
2026-04-25 02:55:52 | INFO | hate_detect | PREDICT | model=svm | text='Usir saja orang-orang itu dari sini, mereka cuma bikin masal' | label=Hate Speech | conf=0.710 | latency=0.0ms
2026-04-25 02:55:52 | INFO | hate_detect | PREDICT | model=svm | text='Selamat pagi semuanya, semoga hari ini menyenangkan.' | label=Hate Speech | conf=0.470 | latency=5.4ms
2026-04-25 02:55:52 | INFO | hate_detect | PREDICT | model=svm | text='Kamu ini bodoh sekali, tidak usah sok tahu.' | label=Normal | conf=0.500 | latency=0.0ms
2026-04-25 02:55:52 | INFO | hate_detect | PREDICT | model=svm | text='Jangan kasih suara buat dia, dia pengkhianat.' | label=Hate Speech | conf=0.442 | latency=1.6ms
2026-04-25 02:55:52 | INFO | hate_detect | PREDICT | model=svm | text='Dasar bego, gitu aja gak becus kerja!' | label=Abusive | conf=0.843 | latency=1.4ms
2026-04-25 02:55:52 | INFO | hate_detect | PREDICT | model=svm | text='Usir saja orang-orang itu dari sini, mereka cuma bikin masal' | label=Hate Speech | conf=0.710 | latency=0.0ms
2026-04-25 02:55:52 | INFO | hate_detect | PREDICT | model=svm | text='Selamat pagi semuanya, semoga hari ini menyenangkan.' | label=Hate Speech | conf=0.470 | latency=1.5ms
2026-04-25 02:55:52 | INFO | hate_detect | PREDICT | model=svm | text='Kamu ini bodoh sekali, tidak usah sok tahu.' | label=Normal | conf=0.500 | latency=0.0ms
2026-04-25 02:55:52 | INFO | hate_detect | PREDICT | model=svm | text='Jangan kasih suara buat dia, dia pengkhianat.' | label=Hate Speech | conf=0.442 | latency=3.0ms
2026-04-25 02:55:52 | INFO | hate_detect | PREDICT | model=svm | text='Dasar bego, gitu aja gak becus kerja!' | label=Abusive | conf=0.843 | latency=3.7ms
2026-04-25 02:55:52 | INFO | hate_detect | PREDICT | model=svm | text='Usir saja orang-orang itu dari sini, mereka cuma bikin masal' | label=Hate Speech | conf=0.710 | latency=1.0ms
2026-04-25 02:55:52 | INFO | hate_detect | PREDICT | model=svm | text='Selamat pagi semuanya, semoga hari ini menyenangkan.' | label=Hate Speech | conf=0.470 | latency=0.0ms
2026-04-25 02:55:52 | INFO | hate_detect | PREDICT | model=svm | text='Kamu ini bodoh sekali, tidak usah sok tahu.' | label=Normal | conf=0.500 | latency=0.0ms
2026-04-25 02:55:52 | INFO | hate_detect | PREDICT | model=svm | text='Jangan kasih suara buat dia, dia pengkhianat.' | label=Hate Speech | conf=0.442 | latency=2.6ms
2026-04-25 02:55:52 | INFO | hate_detect | PREDICT | model=svm | text='Dasar bego, gitu aja gak becus kerja!' | label=Abusive | conf=0.843 | latency=3.3ms
2026-04-25 02:55:52 | INFO | hate_detect | PREDICT | model=svm | text='Usir saja orang-orang itu dari sini, mereka cuma bikin masal' | label=Hate Speech | conf=0.710 | latency=1.0ms
2026-04-25 02:55:52 | INFO | hate_detect | PREDICT | model=svm | text='Selamat pagi semuanya, semoga hari ini menyenangkan.' | label=Hate Speech | conf=0.470 | latency=0.0ms
2026-04-25 02:55:52 | INFO | hate_detect | PREDICT | model=svm | text='Kamu ini bodoh sekali, tidak usah sok tahu.' | label=Normal | conf=0.500 | latency=0.0ms
2026-04-25 02:55:52 | INFO | hate_detect | PREDICT | model=svm | text='Jangan kasih suara buat dia, dia pengkhianat.' | label=Hate Speech | conf=0.442 | latency=2.0ms
2026-04-25 02:55:52 | INFO | hate_detect | PREDICT | model=svm | text='Dasar bego, gitu aja gak becus kerja!' | label=Abusive | conf=0.843 | latency=2.5ms
2026-04-25 02:55:52 | INFO | hate_detect | PREDICT | model=svm | text='Usir saja orang-orang itu dari sini, mereka cuma bikin masal' | label=Hate Speech | conf=0.710 | latency=0.0ms
2026-04-25 02:55:52 | INFO | hate_detect | PREDICT | model=svm | text='Selamat pagi semuanya, semoga hari ini menyenangkan.' | label=Hate Speech | conf=0.470 | latency=0.9ms
2026-04-25 02:55:52 | INFO | hate_detect | PREDICT | model=svm | text='Kamu ini bodoh sekali, tidak usah sok tahu.' | label=Normal | conf=0.500 | latency=0.0ms
2026-04-25 02:55:52 | INFO | hate_detect | PREDICT | model=svm | text='Jangan kasih suara buat dia, dia pengkhianat.' | label=Hate Speech | conf=0.442 | latency=1.6ms
2026-04-25 02:55:52 | INFO | hate_detect | PREDICT | model=svm | text='Dasar bego, gitu aja gak becus kerja!' | label=Abusive | conf=0.843 | latency=0.0ms
2026-04-25 02:55:52 | INFO | hate_detect | PREDICT | model=svm | text='Usir saja orang-orang itu dari sini, mereka cuma bikin masal' | label=Hate Speech | conf=0.710 | latency=3.5ms
2026-04-25 02:55:52 | INFO | hate_detect | PREDICT | model=svm | text='Selamat pagi semuanya, semoga hari ini menyenangkan.' | label=Hate Speech | conf=0.470 | latency=0.0ms
2026-04-25 02:55:52 | INFO | hate_detect | PREDICT | model=svm | text='Kamu ini bodoh sekali, tidak usah sok tahu.' | label=Normal | conf=0.500 | latency=0.0ms
2026-04-25 02:55:52 | INFO | hate_detect | PREDICT | model=svm | text='Jangan kasih suara buat dia, dia pengkhianat.' | label=Hate Speech | conf=0.442 | latency=1.0ms
2026-04-25 02:55:52 | INFO | hate_detect | PREDICT | model=svm | text='Dasar bego, gitu aja gak becus kerja!' | label=Abusive | conf=0.843 | latency=2.5ms
2026-04-25 02:55:52 | INFO | hate_detect | PREDICT | model=svm | text='Usir saja orang-orang itu dari sini, mereka cuma bikin masal' | label=Hate Speech | conf=0.710 | latency=0.0ms
2026-04-25 02:55:52 | INFO | hate_detect | PREDICT | model=svm | text='Selamat pagi semuanya, semoga hari ini menyenangkan.' | label=Hate Speech | conf=0.470 | latency=0.0ms
2026-04-25 02:55:52 | INFO | hate_detect | PREDICT | model=svm | text='Kamu ini bodoh sekali, tidak usah sok tahu.' | label=Normal | conf=0.500 | latency=0.0ms
2026-04-25 02:55:52 | INFO | hate_detect | PREDICT | model=svm | text='Jangan kasih suara buat dia, dia pengkhianat.' | label=Hate Speech | conf=0.442 | latency=0.0ms
2026-04-25 02:55:52 | INFO | hate_detect | PREDICT | model=svm | text='Dasar bego, gitu aja gak becus kerja!' | label=Abusive | conf=0.843 | latency=5.4ms
2026-04-25 02:55:52 | INFO | hate_detect | PREDICT | model=svm | text='Usir saja orang-orang itu dari sini, mereka cuma bikin masal' | label=Hate Speech | conf=0.710 | latency=1.6ms
2026-04-25 02:55:52 | INFO | hate_detect | PREDICT | model=svm | text='Selamat pagi semuanya, semoga hari ini menyenangkan.' | label=Hate Speech | conf=0.470 | latency=0.0ms
2026-04-25 02:55:52 | INFO | hate_detect | PREDICT | model=svm | text='Kamu ini bodoh sekali, tidak usah sok tahu.' | label=Normal | conf=0.500 | latency=0.0ms
2026-04-25 02:55:52 | INFO | hate_detect | PREDICT | model=svm | text='Jangan kasih suara buat dia, dia pengkhianat.' | label=Hate Speech | conf=0.442 | latency=0.0ms
2026-04-25 02:55:52 | INFO | hate_detect | PREDICT | model=svm | text='Dasar bego, gitu aja gak becus kerja!' | label=Abusive | conf=0.843 | latency=0.0ms
2026-04-25 02:55:52 | INFO | hate_detect | PREDICT | model=svm | text='Usir saja orang-orang itu dari sini, mereka cuma bikin masal' | label=Hate Speech | conf=0.710 | latency=1.6ms
2026-04-25 02:55:52 | INFO | hate_detect | PREDICT | model=svm | text='Selamat pagi semuanya, semoga hari ini menyenangkan.' | label=Hate Speech | conf=0.470 | latency=0.0ms
2026-04-25 02:55:52 | INFO | hate_detect | PREDICT | model=svm | text='Kamu ini bodoh sekali, tidak usah sok tahu.' | label=Normal | conf=0.500 | latency=0.0ms
2026-04-25 02:55:52 | INFO | hate_detect | PREDICT | model=svm | text='Jangan kasih suara buat dia, dia pengkhianat.' | label=Hate Speech | conf=0.442 | latency=1.0ms
2026-04-25 02:55:52 | INFO | hate_detect | PREDICT | model=svm | text='Dasar bego, gitu aja gak becus kerja!' | label=Abusive | conf=0.843 | latency=1.0ms
2026-04-25 02:55:52 | INFO | hate_detect | PREDICT | model=svm | text='Usir saja orang-orang itu dari sini, mereka cuma bikin masal' | label=Hate Speech | conf=0.710 | latency=0.0ms
2026-04-25 02:55:52 | INFO | hate_detect | PREDICT | model=svm | text='Selamat pagi semuanya, semoga hari ini menyenangkan.' | label=Hate Speech | conf=0.470 | latency=1.0ms
2026-04-25 02:55:52 | INFO | hate_detect | PREDICT | model=svm | text='Kamu ini bodoh sekali, tidak usah sok tahu.' | label=Normal | conf=0.500 | latency=0.0ms
2026-04-25 02:55:52 | INFO | hate_detect | PREDICT | model=svm | text='Jangan kasih suara buat dia, dia pengkhianat.' | label=Hate Speech | conf=0.442 | latency=1.0ms
2026-04-25 02:55:52 | INFO | hate_detect | PREDICT | model=svm | text='Dasar bego, gitu aja gak becus kerja!' | label=Abusive | conf=0.843 | latency=2.0ms
2026-04-25 02:55:52 | INFO | hate_detect | PREDICT | model=svm | text='Usir saja orang-orang itu dari sini, mereka cuma bikin masal' | label=Hate Speech | conf=0.710 | latency=2.0ms
2026-04-25 02:55:52 | INFO | hate_detect | PREDICT | model=svm | text='Selamat pagi semuanya, semoga hari ini menyenangkan.' | label=Hate Speech | conf=0.470 | latency=1.9ms
2026-04-25 02:55:52 | INFO | hate_detect | PREDICT | model=svm | text='Kamu ini bodoh sekali, tidak usah sok tahu.' | label=Normal | conf=0.500 | latency=0.0ms
2026-04-25 02:55:52 | INFO | hate_detect | PREDICT | model=svm | text='Jangan kasih suara buat dia, dia pengkhianat.' | label=Hate Speech | conf=0.442 | latency=2.0ms
2026-04-25 02:55:52 | INFO | hate_detect | PREDICT | model=svm | text='Dasar bego, gitu aja gak becus kerja!' | label=Abusive | conf=0.843 | latency=2.1ms
2026-04-25 02:55:52 | INFO | hate_detect | PREDICT | model=svm | text='Usir saja orang-orang itu dari sini, mereka cuma bikin masal' | label=Hate Speech | conf=0.710 | latency=2.0ms
2026-04-25 02:55:52 | INFO | hate_detect | PREDICT | model=svm | text='Selamat pagi semuanya, semoga hari ini menyenangkan.' | label=Hate Speech | conf=0.470 | latency=2.0ms
2026-04-25 02:55:52 | INFO | hate_detect | PREDICT | model=svm | text='Kamu ini bodoh sekali, tidak usah sok tahu.' | label=Normal | conf=0.500 | latency=0.0ms
2026-04-25 02:55:52 | INFO | hate_detect | PREDICT | model=svm | text='Jangan kasih suara buat dia, dia pengkhianat.' | label=Hate Speech | conf=0.442 | latency=2.5ms
2026-04-25 02:55:52 | INFO | hate_detect | PREDICT | model=svm | text='Dasar bego, gitu aja gak becus kerja!' | label=Abusive | conf=0.843 | latency=0.0ms
2026-04-25 02:55:52 | INFO | hate_detect | PREDICT | model=svm | text='Usir saja orang-orang itu dari sini, mereka cuma bikin masal' | label=Hate Speech | conf=0.710 | latency=2.0ms
2026-04-25 02:55:52 | INFO | hate_detect | PREDICT | model=svm | text='Selamat pagi semuanya, semoga hari ini menyenangkan.' | label=Hate Speech | conf=0.470 | latency=1.0ms
2026-04-25 02:55:52 | INFO | hate_detect | PREDICT | model=svm | text='Kamu ini bodoh sekali, tidak usah sok tahu.' | label=Normal | conf=0.500 | latency=0.0ms
2026-04-25 02:55:52 | INFO | hate_detect | PREDICT | model=svm | text='Jangan kasih suara buat dia, dia pengkhianat.' | label=Hate Speech | conf=0.442 | latency=1.0ms
2026-04-25 02:55:52 | INFO | hate_detect | PREDICT | model=svm | text='Dasar bego, gitu aja gak becus kerja!' | label=Abusive | conf=0.843 | latency=0.5ms
2026-04-25 02:55:52 | INFO | hate_detect | PREDICT | model=svm | text='Usir saja orang-orang itu dari sini, mereka cuma bikin masal' | label=Hate Speech | conf=0.710 | latency=1.7ms
2026-04-25 02:55:52 | INFO | hate_detect | PREDICT | model=svm | text='Selamat pagi semuanya, semoga hari ini menyenangkan.' | label=Hate Speech | conf=0.470 | latency=1.0ms
2026-04-25 02:55:52 | INFO | hate_detect | PREDICT | model=svm | text='Kamu ini bodoh sekali, tidak usah sok tahu.' | label=Normal | conf=0.500 | latency=0.0ms
2026-04-25 02:55:52 | INFO | hate_detect | PREDICT | model=svm | text='Jangan kasih suara buat dia, dia pengkhianat.' | label=Hate Speech | conf=0.442 | latency=0.0ms
2026-04-25 02:55:52 | INFO | hate_detect | PREDICT | model=svm | text='Dasar bego, gitu aja gak becus kerja!' | label=Abusive | conf=0.843 | latency=1.5ms
2026-04-25 02:55:52 | INFO | hate_detect | PREDICT | model=svm | text='Usir saja orang-orang itu dari sini, mereka cuma bikin masal' | label=Hate Speech | conf=0.710 | latency=2.0ms
2026-04-25 02:55:52 | INFO | hate_detect | PREDICT | model=svm | text='Selamat pagi semuanya, semoga hari ini menyenangkan.' | label=Hate Speech | conf=0.470 | latency=0.0ms
2026-04-25 02:55:52 | INFO | hate_detect | PREDICT | model=svm | text='Kamu ini bodoh sekali, tidak usah sok tahu.' | label=Normal | conf=0.500 | latency=0.0ms
2026-04-25 02:55:52 | INFO | hate_detect | PREDICT | model=svm | text='Jangan kasih suara buat dia, dia pengkhianat.' | label=Hate Speech | conf=0.442 | latency=2.0ms
2026-04-25 02:55:52 | INFO | hate_detect | PREDICT | model=svm | text='Dasar bego, gitu aja gak becus kerja!' | label=Abusive | conf=0.843 | latency=0.5ms
2026-04-25 02:55:52 | INFO | hate_detect | PREDICT | model=svm | text='Usir saja orang-orang itu dari sini, mereka cuma bikin masal' | label=Hate Speech | conf=0.710 | latency=2.8ms
2026-04-25 02:55:52 | INFO | hate_detect | PREDICT | model=svm | text='Selamat pagi semuanya, semoga hari ini menyenangkan.' | label=Hate Speech | conf=0.470 | latency=1.0ms
2026-04-25 02:55:52 | INFO | hate_detect | PREDICT | model=svm | text='Kamu ini bodoh sekali, tidak usah sok tahu.' | label=Normal | conf=0.500 | latency=0.0ms
2026-04-25 02:55:52 | INFO | hate_detect | PREDICT | model=svm | text='Jangan kasih suara buat dia, dia pengkhianat.' | label=Hate Speech | conf=0.442 | latency=1.6ms
2026-04-25 02:55:52 | INFO | hate_detect | PREDICT | model=svm | text='Dasar bego, gitu aja gak becus kerja!' | label=Abusive | conf=0.843 | latency=1.0ms
2026-04-25 02:55:52 | INFO | hate_detect | PREDICT | model=svm | text='Usir saja orang-orang itu dari sini, mereka cuma bikin masal' | label=Hate Speech | conf=0.710 | latency=3.5ms
2026-04-25 02:55:52 | INFO | hate_detect | PREDICT | model=svm | text='Selamat pagi semuanya, semoga hari ini menyenangkan.' | label=Hate Speech | conf=0.470 | latency=1.0ms
2026-04-25 02:55:52 | INFO | hate_detect | PREDICT | model=svm | text='Kamu ini bodoh sekali, tidak usah sok tahu.' | label=Normal | conf=0.500 | latency=0.0ms
2026-04-25 02:55:52 | INFO | hate_detect | PREDICT | model=svm | text='Jangan kasih suara buat dia, dia pengkhianat.' | label=Hate Speech | conf=0.442 | latency=1.1ms
2026-04-25 02:55:52 | INFO | hate_detect | PREDICT | model=svm | text='Dasar bego, gitu aja gak becus kerja!' | label=Abusive | conf=0.843 | latency=1.6ms
2026-04-25 02:55:52 | INFO | hate_detect | PREDICT | model=svm | text='Usir saja orang-orang itu dari sini, mereka cuma bikin masal' | label=Hate Speech | conf=0.710 | latency=1.8ms
2026-04-25 02:55:52 | INFO | hate_detect | PREDICT | model=svm | text='Selamat pagi semuanya, semoga hari ini menyenangkan.' | label=Hate Speech | conf=0.470 | latency=2.0ms
2026-04-25 02:55:52 | INFO | hate_detect | PREDICT | model=svm | text='Kamu ini bodoh sekali, tidak usah sok tahu.' | label=Normal | conf=0.500 | latency=0.0ms
2026-04-25 02:55:52 | INFO | hate_detect | PREDICT | model=svm | text='Jangan kasih suara buat dia, dia pengkhianat.' | label=Hate Speech | conf=0.442 | latency=2.2ms
2026-04-25 02:55:52 | INFO | hate_detect | PREDICT | model=svm | text='Dasar bego, gitu aja gak becus kerja!' | label=Abusive | conf=0.843 | latency=2.1ms
2026-04-25 02:55:52 | INFO | hate_detect | PREDICT | model=svm | text='Usir saja orang-orang itu dari sini, mereka cuma bikin masal' | label=Hate Speech | conf=0.710 | latency=2.5ms
2026-04-25 02:55:52 | INFO | hate_detect | PREDICT | model=svm | text='Selamat pagi semuanya, semoga hari ini menyenangkan.' | label=Hate Speech | conf=0.470 | latency=4.1ms
2026-04-25 02:55:52 | INFO | hate_detect | PREDICT | model=svm | text='Kamu ini bodoh sekali, tidak usah sok tahu.' | label=Normal | conf=0.500 | latency=0.0ms
2026-04-25 02:55:52 | INFO | hate_detect | PREDICT | model=svm | text='Jangan kasih suara buat dia, dia pengkhianat.' | label=Hate Speech | conf=0.442 | latency=1.6ms
2026-04-25 02:55:52 | INFO | hate_detect | PREDICT | model=svm | text='Dasar bego, gitu aja gak becus kerja!' | label=Abusive | conf=0.843 | latency=1.6ms
2026-04-25 02:55:52 | INFO | hate_detect | PREDICT | model=svm | text='Usir saja orang-orang itu dari sini, mereka cuma bikin masal' | label=Hate Speech | conf=0.710 | latency=1.0ms
2026-04-25 02:55:52 | INFO | hate_detect | PREDICT | model=svm | text='Selamat pagi semuanya, semoga hari ini menyenangkan.' | label=Hate Speech | conf=0.470 | latency=1.0ms
2026-04-25 02:55:52 | INFO | hate_detect | PREDICT | model=svm | text='Kamu ini bodoh sekali, tidak usah sok tahu.' | label=Normal | conf=0.500 | latency=0.0ms
2026-04-25 02:55:52 | INFO | hate_detect | PREDICT | model=svm | text='Jangan kasih suara buat dia, dia pengkhianat.' | label=Hate Speech | conf=0.442 | latency=1.5ms
2026-04-25 02:55:52 | INFO | hate_detect | PREDICT | model=svm | text='Dasar bego, gitu aja gak becus kerja!' | label=Abusive | conf=0.843 | latency=0.5ms
2026-04-25 02:55:52 | INFO | hate_detect | PREDICT | model=svm | text='Usir saja orang-orang itu dari sini, mereka cuma bikin masal' | label=Hate Speech | conf=0.710 | latency=3.5ms
2026-04-25 02:55:52 | INFO | hate_detect | PREDICT | model=svm | text='Selamat pagi semuanya, semoga hari ini menyenangkan.' | label=Hate Speech | conf=0.470 | latency=2.0ms
2026-04-25 02:55:52 | INFO | hate_detect | PREDICT | model=svm | text='Kamu ini bodoh sekali, tidak usah sok tahu.' | label=Normal | conf=0.500 | latency=0.0ms
2026-04-25 02:55:52 | INFO | hate_detect | PREDICT | model=svm | text='Jangan kasih suara buat dia, dia pengkhianat.' | label=Hate Speech | conf=0.442 | latency=2.0ms
2026-04-25 02:55:52 | INFO | hate_detect | PREDICT | model=svm | text='Dasar bego, gitu aja gak becus kerja!' | label=Abusive | conf=0.843 | latency=1.0ms
2026-04-25 02:55:52 | INFO | hate_detect | PREDICT | model=svm | text='Usir saja orang-orang itu dari sini, mereka cuma bikin masal' | label=Hate Speech | conf=0.710 | latency=1.0ms
2026-04-25 02:55:52 | INFO | hate_detect | PREDICT | model=svm | text='Selamat pagi semuanya, semoga hari ini menyenangkan.' | label=Hate Speech | conf=0.470 | latency=1.0ms
2026-04-25 02:55:52 | INFO | hate_detect | PREDICT | model=svm | text='Kamu ini bodoh sekali, tidak usah sok tahu.' | label=Normal | conf=0.500 | latency=0.0ms
2026-04-25 02:55:52 | INFO | hate_detect | PREDICT | model=svm | text='Jangan kasih suara buat dia, dia pengkhianat.' | label=Hate Speech | conf=0.442 | latency=2.0ms
2026-04-25 02:55:52 | INFO | hate_detect | PREDICT | model=svm | text='Dasar bego, gitu aja gak becus kerja!' | label=Abusive | conf=0.843 | latency=2.0ms
2026-04-25 02:55:52 | INFO | hate_detect | PREDICT | model=svm | text='Usir saja orang-orang itu dari sini, mereka cuma bikin masal' | label=Hate Speech | conf=0.710 | latency=1.5ms
2026-04-25 02:55:52 | INFO | hate_detect | PREDICT | model=svm | text='Selamat pagi semuanya, semoga hari ini menyenangkan.' | label=Hate Speech | conf=0.470 | latency=2.5ms
2026-04-25 02:55:52 | INFO | hate_detect | PREDICT | model=svm | text='Kamu ini bodoh sekali, tidak usah sok tahu.' | label=Normal | conf=0.500 | latency=0.0ms
2026-04-25 02:55:52 | INFO | hate_detect | PREDICT | model=svm | text='Jangan kasih suara buat dia, dia pengkhianat.' | label=Hate Speech | conf=0.442 | latency=2.0ms
2026-04-25 02:55:52 | INFO | hate_detect | PREDICT | model=svm | text='Dasar bego, gitu aja gak becus kerja!' | label=Abusive | conf=0.843 | latency=1.0ms
2026-04-25 02:55:52 | INFO | hate_detect | PREDICT | model=svm | text='Usir saja orang-orang itu dari sini, mereka cuma bikin masal' | label=Hate Speech | conf=0.710 | latency=0.0ms
2026-04-25 02:55:52 | INFO | hate_detect | PREDICT | model=svm | text='Selamat pagi semuanya, semoga hari ini menyenangkan.' | label=Hate Speech | conf=0.470 | latency=0.5ms
2026-04-25 02:55:52 | INFO | hate_detect | PREDICT | model=svm | text='Kamu ini bodoh sekali, tidak usah sok tahu.' | label=Normal | conf=0.500 | latency=0.0ms
2026-04-25 02:55:52 | INFO | hate_detect | PREDICT | model=svm | text='Jangan kasih suara buat dia, dia pengkhianat.' | label=Hate Speech | conf=0.442 | latency=1.0ms
2026-04-25 02:55:52 | INFO | hate_detect | PREDICT | model=svm | text='Dasar bego, gitu aja gak becus kerja!' | label=Abusive | conf=0.843 | latency=1.5ms
2026-04-25 02:55:52 | INFO | hate_detect | PREDICT | model=svm | text='Usir saja orang-orang itu dari sini, mereka cuma bikin masal' | label=Hate Speech | conf=0.710 | latency=0.5ms
2026-04-25 02:55:52 | INFO | hate_detect | PREDICT | model=svm | text='Selamat pagi semuanya, semoga hari ini menyenangkan.' | label=Hate Speech | conf=0.470 | latency=1.1ms
2026-04-25 02:55:52 | INFO | hate_detect | PREDICT | model=svm | text='Kamu ini bodoh sekali, tidak usah sok tahu.' | label=Normal | conf=0.500 | latency=0.0ms
2026-04-25 02:55:52 | INFO | hate_detect | PREDICT | model=svm | text='Jangan kasih suara buat dia, dia pengkhianat.' | label=Hate Speech | conf=0.442 | latency=1.0ms
2026-04-25 02:55:52 | INFO | hate_detect | PREDICT | model=svm | text='Dasar bego, gitu aja gak becus kerja!' | label=Abusive | conf=0.843 | latency=1.0ms
2026-04-25 02:55:52 | INFO | hate_detect | PREDICT | model=svm | text='Usir saja orang-orang itu dari sini, mereka cuma bikin masal' | label=Hate Speech | conf=0.710 | latency=0.5ms
2026-04-25 02:55:52 | INFO | hate_detect | PREDICT | model=svm | text='Selamat pagi semuanya, semoga hari ini menyenangkan.' | label=Hate Speech | conf=0.470 | latency=1.6ms
2026-04-25 02:55:52 | INFO | hate_detect | PREDICT | model=svm | text='Kamu ini bodoh sekali, tidak usah sok tahu.' | label=Normal | conf=0.500 | latency=0.0ms
2026-04-25 02:55:52 | INFO | hate_detect | PREDICT | model=svm | text='Jangan kasih suara buat dia, dia pengkhianat.' | label=Hate Speech | conf=0.442 | latency=2.0ms
2026-04-25 02:55:52 | INFO | hate_detect | PREDICT | model=svm | text='Dasar bego, gitu aja gak becus kerja!' | label=Abusive | conf=0.843 | latency=1.0ms
2026-04-25 02:55:52 | INFO | hate_detect | PREDICT | model=svm | text='Usir saja orang-orang itu dari sini, mereka cuma bikin masal' | label=Hate Speech | conf=0.710 | latency=0.0ms
2026-04-25 02:55:52 | INFO | hate_detect | PREDICT | model=svm | text='Selamat pagi semuanya, semoga hari ini menyenangkan.' | label=Hate Speech | conf=0.470 | latency=0.5ms
2026-04-25 02:55:52 | INFO | hate_detect | PREDICT | model=svm | text='Kamu ini bodoh sekali, tidak usah sok tahu.' | label=Normal | conf=0.500 | latency=0.0ms
2026-04-25 02:55:52 | INFO | hate_detect | PREDICT | model=svm | text='Jangan kasih suara buat dia, dia pengkhianat.' | label=Hate Speech | conf=0.442 | latency=1.0ms
2026-04-25 02:55:52 | INFO | hate_detect | PREDICT | model=svm | text='Dasar bego, gitu aja gak becus kerja!' | label=Abusive | conf=0.843 | latency=1.0ms
2026-04-25 02:55:52 | INFO | hate_detect | PREDICT | model=svm | text='Usir saja orang-orang itu dari sini, mereka cuma bikin masal' | label=Hate Speech | conf=0.710 | latency=0.5ms
2026-04-25 02:55:52 | INFO | hate_detect | PREDICT | model=svm | text='Selamat pagi semuanya, semoga hari ini menyenangkan.' | label=Hate Speech | conf=0.470 | latency=1.0ms
2026-04-25 02:55:52 | INFO | hate_detect | PREDICT | model=svm | text='Kamu ini bodoh sekali, tidak usah sok tahu.' | label=Normal | conf=0.500 | latency=0.0ms
2026-04-25 02:55:52 | INFO | hate_detect | PREDICT | model=svm | text='Jangan kasih suara buat dia, dia pengkhianat.' | label=Hate Speech | conf=0.442 | latency=1.0ms
2026-04-25 02:55:52 | INFO | hate_detect | PREDICT | model=svm | text='Dasar bego, gitu aja gak becus kerja!' | label=Abusive | conf=0.843 | latency=1.0ms
2026-04-25 02:55:52 | INFO | hate_detect | PREDICT | model=svm | text='Usir saja orang-orang itu dari sini, mereka cuma bikin masal' | label=Hate Speech | conf=0.710 | latency=1.0ms
2026-04-25 02:55:52 | INFO | hate_detect | PREDICT | model=svm | text='Selamat pagi semuanya, semoga hari ini menyenangkan.' | label=Hate Speech | conf=0.470 | latency=1.0ms
2026-04-25 02:55:52 | INFO | hate_detect | PREDICT | model=svm | text='Kamu ini bodoh sekali, tidak usah sok tahu.' | label=Normal | conf=0.500 | latency=0.0ms
2026-04-25 02:55:52 | INFO | hate_detect | PREDICT | model=svm | text='Jangan kasih suara buat dia, dia pengkhianat.' | label=Hate Speech | conf=0.442 | latency=2.5ms
2026-04-25 02:55:52 | INFO | hate_detect | PREDICT | model=svm | text='Dasar bego, gitu aja gak becus kerja!' | label=Abusive | conf=0.843 | latency=1.5ms
2026-04-25 02:55:52 | INFO | hate_detect | PREDICT | model=svm | text='Usir saja orang-orang itu dari sini, mereka cuma bikin masal' | label=Hate Speech | conf=0.710 | latency=1.5ms
2026-04-25 02:55:52 | INFO | hate_detect | PREDICT | model=svm | text='Selamat pagi semuanya, semoga hari ini menyenangkan.' | label=Hate Speech | conf=0.470 | latency=1.9ms
2026-04-25 02:55:52 | INFO | hate_detect | PREDICT | model=svm | text='Kamu ini bodoh sekali, tidak usah sok tahu.' | label=Normal | conf=0.500 | latency=0.0ms
2026-04-25 02:55:52 | INFO | hate_detect | PREDICT | model=svm | text='Jangan kasih suara buat dia, dia pengkhianat.' | label=Hate Speech | conf=0.442 | latency=0.0ms
2026-04-25 02:55:52 | INFO | hate_detect | PREDICT | model=svm | text='Dasar bego, gitu aja gak becus kerja!' | label=Abusive | conf=0.843 | latency=2.6ms
2026-04-25 02:55:52 | INFO | hate_detect | PREDICT | model=svm | text='Usir saja orang-orang itu dari sini, mereka cuma bikin masal' | label=Hate Speech | conf=0.710 | latency=3.2ms
2026-04-25 02:55:52 | INFO | hate_detect | PREDICT | model=svm | text='Selamat pagi semuanya, semoga hari ini menyenangkan.' | label=Hate Speech | conf=0.470 | latency=1.5ms
2026-04-25 02:55:52 | INFO | hate_detect | PREDICT | model=svm | text='Kamu ini bodoh sekali, tidak usah sok tahu.' | label=Normal | conf=0.500 | latency=0.0ms
2026-04-25 02:55:52 | INFO | hate_detect | PREDICT | model=svm | text='Jangan kasih suara buat dia, dia pengkhianat.' | label=Hate Speech | conf=0.442 | latency=1.0ms
2026-04-25 02:55:52 | INFO | hate_detect | PREDICT | model=svm | text='Dasar bego, gitu aja gak becus kerja!' | label=Abusive | conf=0.843 | latency=0.0ms
2026-04-25 02:55:52 | INFO | hate_detect | PREDICT | model=svm | text='Usir saja orang-orang itu dari sini, mereka cuma bikin masal' | label=Hate Speech | conf=0.710 | latency=1.1ms
2026-04-25 02:55:52 | INFO | hate_detect | PREDICT | model=svm | text='Selamat pagi semuanya, semoga hari ini menyenangkan.' | label=Hate Speech | conf=0.470 | latency=1.5ms
2026-04-25 02:55:52 | INFO | hate_detect | PREDICT | model=svm | text='Kamu ini bodoh sekali, tidak usah sok tahu.' | label=Normal | conf=0.500 | latency=0.0ms
2026-04-25 02:55:52 | INFO | hate_detect | PREDICT | model=svm | text='Jangan kasih suara buat dia, dia pengkhianat.' | label=Hate Speech | conf=0.442 | latency=1.0ms
2026-04-25 02:55:52 | INFO | hate_detect | PREDICT | model=svm | text='Dasar bego, gitu aja gak becus kerja!' | label=Abusive | conf=0.843 | latency=1.0ms
2026-04-25 02:55:52 | INFO | hate_detect | PREDICT | model=svm | text='Usir saja orang-orang itu dari sini, mereka cuma bikin masal' | label=Hate Speech | conf=0.710 | latency=1.9ms
2026-04-25 02:55:52 | INFO | hate_detect | PREDICT | model=svm | text='Selamat pagi semuanya, semoga hari ini menyenangkan.' | label=Hate Speech | conf=0.470 | latency=1.0ms
2026-04-25 02:55:52 | INFO | hate_detect | PREDICT | model=svm | text='Kamu ini bodoh sekali, tidak usah sok tahu.' | label=Normal | conf=0.500 | latency=0.0ms
2026-04-25 02:55:52 | INFO | hate_detect | PREDICT | model=svm | text='Jangan kasih suara buat dia, dia pengkhianat.' | label=Hate Speech | conf=0.442 | latency=1.0ms
2026-04-25 02:55:52 | INFO | hate_detect | PREDICT | model=svm | text='Dasar bego, gitu aja gak becus kerja!' | label=Abusive | conf=0.843 | latency=1.5ms
2026-04-25 02:55:52 | INFO | hate_detect | PREDICT | model=svm | text='Usir saja orang-orang itu dari sini, mereka cuma bikin masal' | label=Hate Speech | conf=0.710 | latency=2.0ms
2026-04-25 02:55:52 | INFO | hate_detect | PREDICT | model=svm | text='Selamat pagi semuanya, semoga hari ini menyenangkan.' | label=Hate Speech | conf=0.470 | latency=1.0ms
2026-04-25 02:55:52 | INFO | hate_detect | PREDICT | model=svm | text='Kamu ini bodoh sekali, tidak usah sok tahu.' | label=Normal | conf=0.500 | latency=0.0ms
2026-04-25 02:55:52 | INFO | hate_detect | PREDICT | model=svm | text='Jangan kasih suara buat dia, dia pengkhianat.' | label=Hate Speech | conf=0.442 | latency=1.0ms
2026-04-25 02:55:52 | INFO | hate_detect | PREDICT | model=svm | text='Dasar bego, gitu aja gak becus kerja!' | label=Abusive | conf=0.843 | latency=1.5ms
2026-04-25 02:55:52 | INFO | hate_detect | PREDICT | model=svm | text='Usir saja orang-orang itu dari sini, mereka cuma bikin masal' | label=Hate Speech | conf=0.710 | latency=0.0ms
2026-04-25 02:55:52 | INFO | hate_detect | PREDICT | model=svm | text='Selamat pagi semuanya, semoga hari ini menyenangkan.' | label=Hate Speech | conf=0.470 | latency=0.0ms
2026-04-25 02:55:52 | INFO | hate_detect | PREDICT | model=svm | text='Kamu ini bodoh sekali, tidak usah sok tahu.' | label=Normal | conf=0.500 | latency=0.0ms
2026-04-25 02:55:52 | INFO | hate_detect | PREDICT | model=svm | text='Jangan kasih suara buat dia, dia pengkhianat.' | label=Hate Speech | conf=0.442 | latency=3.1ms
2026-04-25 02:55:52 | INFO | hate_detect | PREDICT | model=svm | text='Dasar bego, gitu aja gak becus kerja!' | label=Abusive | conf=0.843 | latency=3.2ms
2026-04-25 02:55:52 | INFO | hate_detect | PREDICT | model=svm | text='Usir saja orang-orang itu dari sini, mereka cuma bikin masal' | label=Hate Speech | conf=0.710 | latency=6.2ms
2026-04-25 02:55:52 | INFO | hate_detect | PREDICT | model=svm | text='Selamat pagi semuanya, semoga hari ini menyenangkan.' | label=Hate Speech | conf=0.470 | latency=3.0ms
2026-04-25 02:55:52 | INFO | hate_detect | PREDICT | model=svm | text='Kamu ini bodoh sekali, tidak usah sok tahu.' | label=Normal | conf=0.500 | latency=0.0ms
2026-04-25 02:55:52 | INFO | hate_detect | PREDICT | model=svm | text='Jangan kasih suara buat dia, dia pengkhianat.' | label=Hate Speech | conf=0.442 | latency=1.5ms
2026-04-25 02:55:52 | INFO | hate_detect | PREDICT | model=svm | text='Dasar bego, gitu aja gak becus kerja!' | label=Abusive | conf=0.843 | latency=1.1ms
2026-04-25 02:55:52 | INFO | hate_detect | PREDICT | model=svm | text='Usir saja orang-orang itu dari sini, mereka cuma bikin masal' | label=Hate Speech | conf=0.710 | latency=1.5ms
2026-04-25 02:55:52 | INFO | hate_detect | PREDICT | model=svm | text='Selamat pagi semuanya, semoga hari ini menyenangkan.' | label=Hate Speech | conf=0.470 | latency=1.0ms
2026-04-25 02:55:52 | INFO | hate_detect | PREDICT | model=svm | text='Kamu ini bodoh sekali, tidak usah sok tahu.' | label=Normal | conf=0.500 | latency=0.0ms
2026-04-25 02:55:52 | INFO | hate_detect | PREDICT | model=svm | text='Jangan kasih suara buat dia, dia pengkhianat.' | label=Hate Speech | conf=0.442 | latency=1.0ms
2026-04-25 02:55:52 | INFO | hate_detect | PREDICT | model=svm | text='Dasar bego, gitu aja gak becus kerja!' | label=Abusive | conf=0.843 | latency=1.6ms
2026-04-25 02:55:52 | INFO | hate_detect | PREDICT | model=svm | text='Usir saja orang-orang itu dari sini, mereka cuma bikin masal' | label=Hate Speech | conf=0.710 | latency=1.0ms
2026-04-25 02:55:52 | INFO | hate_detect | PREDICT | model=svm | text='Selamat pagi semuanya, semoga hari ini menyenangkan.' | label=Hate Speech | conf=0.470 | latency=1.5ms
2026-04-25 02:55:52 | INFO | hate_detect | PREDICT | model=svm | text='Kamu ini bodoh sekali, tidak usah sok tahu.' | label=Normal | conf=0.500 | latency=0.0ms
2026-04-25 02:55:52 | INFO | hate_detect | PREDICT | model=svm | text='Jangan kasih suara buat dia, dia pengkhianat.' | label=Hate Speech | conf=0.442 | latency=0.0ms
2026-04-25 02:55:52 | INFO | hate_detect | PREDICT | model=svm | text='Dasar bego, gitu aja gak becus kerja!' | label=Abusive | conf=0.843 | latency=1.5ms
2026-04-25 02:55:52 | INFO | hate_detect | PREDICT | model=svm | text='Usir saja orang-orang itu dari sini, mereka cuma bikin masal' | label=Hate Speech | conf=0.710 | latency=1.6ms
2026-04-25 02:55:52 | INFO | hate_detect | PREDICT | model=svm | text='Selamat pagi semuanya, semoga hari ini menyenangkan.' | label=Hate Speech | conf=0.470 | latency=1.0ms
2026-04-25 02:55:52 | INFO | hate_detect | PREDICT | model=svm | text='Kamu ini bodoh sekali, tidak usah sok tahu.' | label=Normal | conf=0.500 | latency=0.0ms
2026-04-25 02:55:52 | INFO | hate_detect | PREDICT | model=svm | text='Jangan kasih suara buat dia, dia pengkhianat.' | label=Hate Speech | conf=0.442 | latency=1.0ms
2026-04-25 02:55:52 | INFO | hate_detect | PREDICT | model=svm | text='Dasar bego, gitu aja gak becus kerja!' | label=Abusive | conf=0.843 | latency=1.0ms
2026-04-25 02:55:52 | INFO | hate_detect | PREDICT | model=svm | text='Usir saja orang-orang itu dari sini, mereka cuma bikin masal' | label=Hate Speech | conf=0.710 | latency=0.6ms
2026-04-25 02:55:52 | INFO | hate_detect | PREDICT | model=svm | text='Selamat pagi semuanya, semoga hari ini menyenangkan.' | label=Hate Speech | conf=0.470 | latency=1.0ms
2026-04-25 02:55:52 | INFO | hate_detect | PREDICT | model=svm | text='Kamu ini bodoh sekali, tidak usah sok tahu.' | label=Normal | conf=0.500 | latency=0.0ms
2026-04-25 02:55:52 | INFO | hate_detect | PREDICT | model=svm | text='Jangan kasih suara buat dia, dia pengkhianat.' | label=Hate Speech | conf=0.442 | latency=1.0ms
2026-04-25 02:55:52 | INFO | hate_detect | PREDICT | model=svm | text='Dasar bego, gitu aja gak becus kerja!' | label=Abusive | conf=0.843 | latency=1.6ms
2026-04-25 02:55:52 | INFO | hate_detect | PREDICT | model=svm | text='Usir saja orang-orang itu dari sini, mereka cuma bikin masal' | label=Hate Speech | conf=0.710 | latency=1.0ms
2026-04-25 02:55:52 | INFO | hate_detect | PREDICT | model=svm | text='Selamat pagi semuanya, semoga hari ini menyenangkan.' | label=Hate Speech | conf=0.470 | latency=1.0ms
2026-04-25 02:55:52 | INFO | hate_detect | PREDICT | model=svm | text='Kamu ini bodoh sekali, tidak usah sok tahu.' | label=Normal | conf=0.500 | latency=0.0ms
2026-04-25 02:55:52 | INFO | hate_detect | PREDICT | model=svm | text='Jangan kasih suara buat dia, dia pengkhianat.' | label=Hate Speech | conf=0.442 | latency=0.0ms
2026-04-25 02:55:52 | INFO | hate_detect | PREDICT | model=svm | text='Dasar bego, gitu aja gak becus kerja!' | label=Abusive | conf=0.843 | latency=2.1ms
2026-04-25 02:55:52 | INFO | hate_detect | PREDICT | model=svm | text='Usir saja orang-orang itu dari sini, mereka cuma bikin masal' | label=Hate Speech | conf=0.710 | latency=1.6ms
2026-04-25 02:55:53 | INFO | hate_detect | PREDICT | model=svm | text='Selamat pagi semuanya, semoga hari ini menyenangkan.' | label=Hate Speech | conf=0.470 | latency=2.0ms
2026-04-25 02:55:53 | INFO | hate_detect | PREDICT | model=svm | text='Kamu ini bodoh sekali, tidak usah sok tahu.' | label=Normal | conf=0.500 | latency=0.0ms
2026-04-25 02:55:53 | INFO | hate_detect | PREDICT | model=svm | text='Jangan kasih suara buat dia, dia pengkhianat.' | label=Hate Speech | conf=0.442 | latency=2.1ms
2026-04-25 02:55:53 | INFO | hate_detect | PREDICT | model=svm | text='Dasar bego, gitu aja gak becus kerja!' | label=Abusive | conf=0.843 | latency=1.0ms
2026-04-25 02:55:53 | INFO | hate_detect | PREDICT | model=svm | text='Usir saja orang-orang itu dari sini, mereka cuma bikin masal' | label=Hate Speech | conf=0.710 | latency=2.2ms
2026-04-25 02:55:53 | INFO | hate_detect | PREDICT | model=svm | text='Selamat pagi semuanya, semoga hari ini menyenangkan.' | label=Hate Speech | conf=0.470 | latency=1.0ms
2026-04-25 02:55:53 | INFO | hate_detect | PREDICT | model=svm | text='Kamu ini bodoh sekali, tidak usah sok tahu.' | label=Normal | conf=0.500 | latency=0.0ms
2026-04-25 02:55:53 | INFO | hate_detect | PREDICT | model=svm | text='Jangan kasih suara buat dia, dia pengkhianat.' | label=Hate Speech | conf=0.442 | latency=1.6ms
2026-04-25 02:55:53 | INFO | hate_detect | PREDICT | model=svm | text='Dasar bego, gitu aja gak becus kerja!' | label=Abusive | conf=0.843 | latency=1.6ms
2026-04-25 02:55:53 | INFO | hate_detect | PREDICT | model=svm | text='Usir saja orang-orang itu dari sini, mereka cuma bikin masal' | label=Hate Speech | conf=0.710 | latency=2.0ms
2026-04-25 02:55:53 | INFO | hate_detect | PREDICT | model=svm | text='Selamat pagi semuanya, semoga hari ini menyenangkan.' | label=Hate Speech | conf=0.470 | latency=1.5ms
2026-04-25 02:55:53 | INFO | hate_detect | PREDICT | model=svm | text='Kamu ini bodoh sekali, tidak usah sok tahu.' | label=Normal | conf=0.500 | latency=0.0ms
2026-04-25 02:55:53 | INFO | hate_detect | PREDICT | model=svm | text='Jangan kasih suara buat dia, dia pengkhianat.' | label=Hate Speech | conf=0.442 | latency=1.0ms
2026-04-25 02:55:53 | INFO | hate_detect | PREDICT | model=svm | text='Dasar bego, gitu aja gak becus kerja!' | label=Abusive | conf=0.843 | latency=1.0ms
2026-04-25 02:55:53 | INFO | hate_detect | PREDICT | model=svm | text='Usir saja orang-orang itu dari sini, mereka cuma bikin masal' | label=Hate Speech | conf=0.710 | latency=1.0ms
2026-04-25 02:55:53 | INFO | hate_detect | PREDICT | model=svm | text='Selamat pagi semuanya, semoga hari ini menyenangkan.' | label=Hate Speech | conf=0.470 | latency=1.0ms
2026-04-25 02:55:53 | INFO | hate_detect | PREDICT | model=svm | text='Kamu ini bodoh sekali, tidak usah sok tahu.' | label=Normal | conf=0.500 | latency=0.0ms
2026-04-25 02:55:53 | INFO | hate_detect | PREDICT | model=svm | text='Jangan kasih suara buat dia, dia pengkhianat.' | label=Hate Speech | conf=0.442 | latency=1.5ms
2026-04-25 02:55:53 | INFO | hate_detect | PREDICT | model=svm | text='Dasar bego, gitu aja gak becus kerja!' | label=Abusive | conf=0.843 | latency=0.5ms
2026-04-25 02:55:53 | INFO | hate_detect | PREDICT | model=svm | text='Usir saja orang-orang itu dari sini, mereka cuma bikin masal' | label=Hate Speech | conf=0.710 | latency=1.4ms
2026-04-25 02:55:53 | INFO | hate_detect | PREDICT | model=svm | text='Selamat pagi semuanya, semoga hari ini menyenangkan.' | label=Hate Speech | conf=0.470 | latency=0.5ms
2026-04-25 02:55:53 | INFO | hate_detect | PREDICT | model=svm | text='Kamu ini bodoh sekali, tidak usah sok tahu.' | label=Normal | conf=0.500 | latency=0.0ms
2026-04-25 02:55:53 | INFO | hate_detect | PREDICT | model=svm | text='Jangan kasih suara buat dia, dia pengkhianat.' | label=Hate Speech | conf=0.442 | latency=1.0ms
2026-04-25 02:55:53 | INFO | hate_detect | PREDICT | model=svm | text='Dasar bego, gitu aja gak becus kerja!' | label=Abusive | conf=0.843 | latency=1.0ms
2026-04-25 02:55:53 | INFO | hate_detect | PREDICT | model=svm | text='Usir saja orang-orang itu dari sini, mereka cuma bikin masal' | label=Hate Speech | conf=0.710 | latency=2.0ms
2026-04-25 02:55:53 | INFO | hate_detect | PREDICT | model=svm | text='Selamat pagi semuanya, semoga hari ini menyenangkan.' | label=Hate Speech | conf=0.470 | latency=1.5ms
2026-04-25 02:55:53 | INFO | hate_detect | PREDICT | model=svm | text='Kamu ini bodoh sekali, tidak usah sok tahu.' | label=Normal | conf=0.500 | latency=0.0ms
2026-04-25 02:55:53 | INFO | hate_detect | PREDICT | model=svm | text='Jangan kasih suara buat dia, dia pengkhianat.' | label=Hate Speech | conf=0.442 | latency=1.0ms
2026-04-25 02:55:53 | INFO | hate_detect | PREDICT | model=svm | text='Dasar bego, gitu aja gak becus kerja!' | label=Abusive | conf=0.843 | latency=1.6ms
2026-04-25 02:55:53 | INFO | hate_detect | PREDICT | model=svm | text='Usir saja orang-orang itu dari sini, mereka cuma bikin masal' | label=Hate Speech | conf=0.710 | latency=1.0ms
2026-04-25 02:55:53 | INFO | hate_detect | PREDICT | model=svm | text='Selamat pagi semuanya, semoga hari ini menyenangkan.' | label=Hate Speech | conf=0.470 | latency=0.0ms
2026-04-25 02:55:53 | INFO | hate_detect | PREDICT | model=svm | text='Kamu ini bodoh sekali, tidak usah sok tahu.' | label=Normal | conf=0.500 | latency=0.0ms
2026-04-25 02:55:53 | INFO | hate_detect | PREDICT | model=svm | text='Jangan kasih suara buat dia, dia pengkhianat.' | label=Hate Speech | conf=0.442 | latency=0.5ms
2026-04-25 02:55:53 | INFO | hate_detect | PREDICT | model=svm | text='Dasar bego, gitu aja gak becus kerja!' | label=Abusive | conf=0.843 | latency=4.4ms
2026-04-25 02:55:53 | INFO | hate_detect | PREDICT | model=svm | text='Usir saja orang-orang itu dari sini, mereka cuma bikin masal' | label=Hate Speech | conf=0.710 | latency=2.0ms
2026-04-25 02:55:53 | INFO | hate_detect | PREDICT | model=svm | text='Selamat pagi semuanya, semoga hari ini menyenangkan.' | label=Hate Speech | conf=0.470 | latency=1.5ms
2026-04-25 02:55:53 | INFO | hate_detect | PREDICT | model=svm | text='Kamu ini bodoh sekali, tidak usah sok tahu.' | label=Normal | conf=0.500 | latency=0.0ms
2026-04-25 02:55:53 | INFO | hate_detect | PREDICT | model=svm | text='Jangan kasih suara buat dia, dia pengkhianat.' | label=Hate Speech | conf=0.442 | latency=1.5ms
2026-04-25 02:55:53 | INFO | hate_detect | PREDICT | model=svm | text='Dasar bego, gitu aja gak becus kerja!' | label=Abusive | conf=0.843 | latency=2.5ms
2026-04-25 02:55:53 | INFO | hate_detect | PREDICT | model=svm | text='Usir saja orang-orang itu dari sini, mereka cuma bikin masal' | label=Hate Speech | conf=0.710 | latency=1.0ms
2026-04-25 02:55:53 | INFO | hate_detect | PREDICT | model=svm | text='Selamat pagi semuanya, semoga hari ini menyenangkan.' | label=Hate Speech | conf=0.470 | latency=2.1ms
2026-04-25 02:55:53 | INFO | hate_detect | PREDICT | model=svm | text='Kamu ini bodoh sekali, tidak usah sok tahu.' | label=Normal | conf=0.500 | latency=0.0ms
2026-04-25 02:55:53 | INFO | hate_detect | PREDICT | model=svm | text='Jangan kasih suara buat dia, dia pengkhianat.' | label=Hate Speech | conf=0.442 | latency=2.0ms
2026-04-25 02:55:53 | INFO | hate_detect | PREDICT | model=svm | text='Dasar bego, gitu aja gak becus kerja!' | label=Abusive | conf=0.843 | latency=1.0ms
2026-04-25 02:55:53 | INFO | hate_detect | PREDICT | model=svm | text='Usir saja orang-orang itu dari sini, mereka cuma bikin masal' | label=Hate Speech | conf=0.710 | latency=2.2ms
2026-04-25 02:55:53 | INFO | hate_detect | PREDICT | model=svm | text='Selamat pagi semuanya, semoga hari ini menyenangkan.' | label=Hate Speech | conf=0.470 | latency=2.5ms
2026-04-25 02:55:53 | INFO | hate_detect | PREDICT | model=svm | text='Kamu ini bodoh sekali, tidak usah sok tahu.' | label=Normal | conf=0.500 | latency=0.0ms
2026-04-25 02:55:53 | INFO | hate_detect | PREDICT | model=svm | text='Jangan kasih suara buat dia, dia pengkhianat.' | label=Hate Speech | conf=0.442 | latency=3.1ms
2026-04-25 02:55:53 | INFO | hate_detect | PREDICT | model=svm | text='Dasar bego, gitu aja gak becus kerja!' | label=Abusive | conf=0.843 | latency=1.1ms
2026-04-25 02:55:53 | INFO | hate_detect | PREDICT | model=svm | text='Usir saja orang-orang itu dari sini, mereka cuma bikin masal' | label=Hate Speech | conf=0.710 | latency=1.1ms
2026-04-25 02:55:53 | INFO | hate_detect | PREDICT | model=svm | text='Selamat pagi semuanya, semoga hari ini menyenangkan.' | label=Hate Speech | conf=0.470 | latency=4.1ms
2026-04-25 02:55:53 | INFO | hate_detect | PREDICT | model=svm | text='Kamu ini bodoh sekali, tidak usah sok tahu.' | label=Normal | conf=0.500 | latency=0.0ms
2026-04-25 02:55:53 | INFO | hate_detect | PREDICT | model=svm | text='Jangan kasih suara buat dia, dia pengkhianat.' | label=Hate Speech | conf=0.442 | latency=1.4ms
2026-04-25 02:55:53 | INFO | hate_detect | PREDICT | model=svm | text='Dasar bego, gitu aja gak becus kerja!' | label=Abusive | conf=0.843 | latency=3.0ms
2026-04-25 02:55:53 | INFO | hate_detect | PREDICT | model=svm | text='Usir saja orang-orang itu dari sini, mereka cuma bikin masal' | label=Hate Speech | conf=0.710 | latency=0.8ms
2026-04-25 02:55:53 | INFO | hate_detect | PREDICT | model=svm | text='Selamat pagi semuanya, semoga hari ini menyenangkan.' | label=Hate Speech | conf=0.470 | latency=2.0ms
2026-04-25 02:55:53 | INFO | hate_detect | PREDICT | model=svm | text='Kamu ini bodoh sekali, tidak usah sok tahu.' | label=Normal | conf=0.500 | latency=0.0ms
2026-04-25 02:55:53 | INFO | hate_detect | PREDICT | model=svm | text='Jangan kasih suara buat dia, dia pengkhianat.' | label=Hate Speech | conf=0.442 | latency=1.5ms
2026-04-25 02:55:53 | INFO | hate_detect | PREDICT | model=svm | text='Dasar bego, gitu aja gak becus kerja!' | label=Abusive | conf=0.843 | latency=3.6ms
2026-04-25 02:55:53 | INFO | hate_detect | PREDICT | model=svm | text='Usir saja orang-orang itu dari sini, mereka cuma bikin masal' | label=Hate Speech | conf=0.710 | latency=2.5ms
2026-04-25 02:55:53 | INFO | hate_detect | PREDICT | model=svm | text='Selamat pagi semuanya, semoga hari ini menyenangkan.' | label=Hate Speech | conf=0.470 | latency=2.5ms
2026-04-25 02:55:53 | INFO | hate_detect | PREDICT | model=svm | text='Kamu ini bodoh sekali, tidak usah sok tahu.' | label=Normal | conf=0.500 | latency=0.0ms
2026-04-25 02:55:53 | INFO | hate_detect | PREDICT | model=svm | text='Jangan kasih suara buat dia, dia pengkhianat.' | label=Hate Speech | conf=0.442 | latency=1.2ms
2026-04-25 02:55:53 | INFO | hate_detect | PREDICT | model=svm | text='Dasar bego, gitu aja gak becus kerja!' | label=Abusive | conf=0.843 | latency=0.0ms
2026-04-25 02:55:53 | INFO | hate_detect | PREDICT | model=svm | text='Usir saja orang-orang itu dari sini, mereka cuma bikin masal' | label=Hate Speech | conf=0.710 | latency=1.0ms
2026-04-25 02:55:53 | INFO | hate_detect | PREDICT | model=svm | text='Selamat pagi semuanya, semoga hari ini menyenangkan.' | label=Hate Speech | conf=0.470 | latency=1.0ms
2026-04-25 02:55:53 | INFO | hate_detect | PREDICT | model=svm | text='Kamu ini bodoh sekali, tidak usah sok tahu.' | label=Normal | conf=0.500 | latency=0.0ms
2026-04-25 02:55:53 | INFO | hate_detect | PREDICT | model=svm | text='Jangan kasih suara buat dia, dia pengkhianat.' | label=Hate Speech | conf=0.442 | latency=3.8ms
2026-04-25 02:55:53 | INFO | hate_detect | PREDICT | model=svm | text='Dasar bego, gitu aja gak becus kerja!' | label=Abusive | conf=0.843 | latency=1.5ms
2026-04-25 02:55:53 | INFO | hate_detect | PREDICT | model=svm | text='Usir saja orang-orang itu dari sini, mereka cuma bikin masal' | label=Hate Speech | conf=0.710 | latency=1.0ms
2026-04-25 02:55:53 | INFO | hate_detect | PREDICT | model=svm | text='Selamat pagi semuanya, semoga hari ini menyenangkan.' | label=Hate Speech | conf=0.470 | latency=1.5ms
2026-04-25 02:55:53 | INFO | hate_detect | PREDICT | model=svm | text='Kamu ini bodoh sekali, tidak usah sok tahu.' | label=Normal | conf=0.500 | latency=0.0ms
2026-04-25 02:55:53 | INFO | hate_detect | PREDICT | model=svm | text='Jangan kasih suara buat dia, dia pengkhianat.' | label=Hate Speech | conf=0.442 | latency=1.0ms
2026-04-25 02:55:53 | INFO | hate_detect | PREDICT | model=svm | text='Dasar bego, gitu aja gak becus kerja!' | label=Abusive | conf=0.843 | latency=1.5ms
2026-04-25 02:55:53 | INFO | hate_detect | PREDICT | model=svm | text='Usir saja orang-orang itu dari sini, mereka cuma bikin masal' | label=Hate Speech | conf=0.710 | latency=2.5ms
2026-04-25 02:55:53 | INFO | hate_detect | PREDICT | model=svm | text='Selamat pagi semuanya, semoga hari ini menyenangkan.' | label=Hate Speech | conf=0.470 | latency=1.0ms
2026-04-25 02:55:53 | INFO | hate_detect | PREDICT | model=svm | text='Kamu ini bodoh sekali, tidak usah sok tahu.' | label=Normal | conf=0.500 | latency=0.0ms
2026-04-25 02:55:53 | INFO | hate_detect | PREDICT | model=svm | text='Jangan kasih suara buat dia, dia pengkhianat.' | label=Hate Speech | conf=0.442 | latency=2.6ms
2026-04-25 02:55:53 | INFO | hate_detect | PREDICT | model=svm | text='Dasar bego, gitu aja gak becus kerja!' | label=Abusive | conf=0.843 | latency=1.5ms
2026-04-25 02:55:53 | INFO | hate_detect | PREDICT | model=svm | text='Usir saja orang-orang itu dari sini, mereka cuma bikin masal' | label=Hate Speech | conf=0.710 | latency=2.5ms
2026-04-25 02:55:53 | INFO | hate_detect | PREDICT | model=svm | text='Selamat pagi semuanya, semoga hari ini menyenangkan.' | label=Hate Speech | conf=0.470 | latency=2.7ms
2026-04-25 02:55:53 | INFO | hate_detect | PREDICT | model=svm | text='Kamu ini bodoh sekali, tidak usah sok tahu.' | label=Normal | conf=0.500 | latency=0.0ms
2026-04-25 02:55:53 | INFO | hate_detect | PREDICT | model=svm | text='Jangan kasih suara buat dia, dia pengkhianat.' | label=Hate Speech | conf=0.442 | latency=0.0ms
2026-04-25 02:55:53 | INFO | hate_detect | PREDICT | model=svm | text='Dasar bego, gitu aja gak becus kerja!' | label=Abusive | conf=0.843 | latency=2.0ms
2026-04-25 02:55:53 | INFO | hate_detect | PREDICT | model=svm | text='Usir saja orang-orang itu dari sini, mereka cuma bikin masal' | label=Hate Speech | conf=0.710 | latency=2.1ms
2026-04-25 02:55:53 | INFO | hate_detect | PREDICT | model=svm | text='Selamat pagi semuanya, semoga hari ini menyenangkan.' | label=Hate Speech | conf=0.470 | latency=3.2ms
2026-04-25 02:55:53 | INFO | hate_detect | PREDICT | model=svm | text='Kamu ini bodoh sekali, tidak usah sok tahu.' | label=Normal | conf=0.500 | latency=0.0ms
2026-04-25 02:55:53 | INFO | hate_detect | PREDICT | model=svm | text='Jangan kasih suara buat dia, dia pengkhianat.' | label=Hate Speech | conf=0.442 | latency=1.0ms
2026-04-25 02:55:53 | INFO | hate_detect | PREDICT | model=svm | text='Dasar bego, gitu aja gak becus kerja!' | label=Abusive | conf=0.843 | latency=0.0ms
2026-04-25 02:55:53 | INFO | hate_detect | PREDICT | model=svm | text='Usir saja orang-orang itu dari sini, mereka cuma bikin masal' | label=Hate Speech | conf=0.710 | latency=2.0ms
2026-04-25 02:55:53 | INFO | hate_detect | PREDICT | model=svm | text='Selamat pagi semuanya, semoga hari ini menyenangkan.' | label=Hate Speech | conf=0.470 | latency=1.5ms
2026-04-25 02:55:53 | INFO | hate_detect | PREDICT | model=svm | text='Kamu ini bodoh sekali, tidak usah sok tahu.' | label=Normal | conf=0.500 | latency=0.0ms
2026-04-25 02:55:53 | INFO | hate_detect | PREDICT | model=svm | text='Jangan kasih suara buat dia, dia pengkhianat.' | label=Hate Speech | conf=0.442 | latency=1.0ms
2026-04-25 02:55:53 | INFO | hate_detect | PREDICT | model=svm | text='Dasar bego, gitu aja gak becus kerja!' | label=Abusive | conf=0.843 | latency=0.6ms
2026-04-25 02:55:53 | INFO | hate_detect | PREDICT | model=svm | text='Usir saja orang-orang itu dari sini, mereka cuma bikin masal' | label=Hate Speech | conf=0.710 | latency=2.0ms
2026-04-25 02:55:53 | INFO | hate_detect | PREDICT | model=svm | text='Selamat pagi semuanya, semoga hari ini menyenangkan.' | label=Hate Speech | conf=0.470 | latency=2.0ms
2026-04-25 02:55:53 | INFO | hate_detect | PREDICT | model=svm | text='Kamu ini bodoh sekali, tidak usah sok tahu.' | label=Normal | conf=0.500 | latency=0.0ms
2026-04-25 02:55:53 | INFO | hate_detect | PREDICT | model=svm | text='Jangan kasih suara buat dia, dia pengkhianat.' | label=Hate Speech | conf=0.442 | latency=0.0ms
2026-04-25 02:55:53 | INFO | hate_detect | PREDICT | model=svm | text='Dasar bego, gitu aja gak becus kerja!' | label=Abusive | conf=0.843 | latency=2.5ms
2026-04-25 02:55:53 | INFO | hate_detect | PREDICT | model=svm | text='Usir saja orang-orang itu dari sini, mereka cuma bikin masal' | label=Hate Speech | conf=0.710 | latency=1.0ms
2026-04-25 02:55:53 | INFO | hate_detect | PREDICT | model=svm | text='Selamat pagi semuanya, semoga hari ini menyenangkan.' | label=Hate Speech | conf=0.470 | latency=1.6ms
2026-04-25 02:55:53 | INFO | hate_detect | PREDICT | model=svm | text='Kamu ini bodoh sekali, tidak usah sok tahu.' | label=Normal | conf=0.500 | latency=0.0ms
2026-04-25 02:55:53 | INFO | hate_detect | PREDICT | model=svm | text='Jangan kasih suara buat dia, dia pengkhianat.' | label=Hate Speech | conf=0.442 | latency=2.7ms
2026-04-25 02:55:53 | INFO | hate_detect | PREDICT | model=svm | text='Dasar bego, gitu aja gak becus kerja!' | label=Abusive | conf=0.843 | latency=1.6ms
2026-04-25 02:55:53 | INFO | hate_detect | PREDICT | model=svm | text='Usir saja orang-orang itu dari sini, mereka cuma bikin masal' | label=Hate Speech | conf=0.710 | latency=0.9ms
2026-04-25 02:55:53 | INFO | hate_detect | PREDICT | model=svm | text='Selamat pagi semuanya, semoga hari ini menyenangkan.' | label=Hate Speech | conf=0.470 | latency=1.7ms
2026-04-25 02:55:53 | INFO | hate_detect | PREDICT | model=svm | text='Kamu ini bodoh sekali, tidak usah sok tahu.' | label=Normal | conf=0.500 | latency=0.0ms
2026-04-25 02:55:53 | INFO | hate_detect | PREDICT | model=svm | text='Jangan kasih suara buat dia, dia pengkhianat.' | label=Hate Speech | conf=0.442 | latency=1.5ms
2026-04-25 02:55:53 | INFO | hate_detect | PREDICT | model=svm | text='Dasar bego, gitu aja gak becus kerja!' | label=Abusive | conf=0.843 | latency=2.0ms
2026-04-25 02:55:53 | INFO | hate_detect | PREDICT | model=svm | text='Usir saja orang-orang itu dari sini, mereka cuma bikin masal' | label=Hate Speech | conf=0.710 | latency=2.0ms
2026-04-25 02:55:53 | INFO | hate_detect | PREDICT | model=svm | text='Selamat pagi semuanya, semoga hari ini menyenangkan.' | label=Hate Speech | conf=0.470 | latency=2.0ms
2026-04-25 02:55:53 | INFO | hate_detect | PREDICT | model=svm | text='Kamu ini bodoh sekali, tidak usah sok tahu.' | label=Normal | conf=0.500 | latency=0.0ms
2026-04-25 02:55:53 | INFO | hate_detect | PREDICT | model=svm | text='Jangan kasih suara buat dia, dia pengkhianat.' | label=Hate Speech | conf=0.442 | latency=2.0ms
2026-04-25 02:55:53 | INFO | hate_detect | PREDICT | model=svm | text='Dasar bego, gitu aja gak becus kerja!' | label=Abusive | conf=0.843 | latency=3.5ms
2026-04-25 02:55:53 | INFO | hate_detect | PREDICT | model=svm | text='Usir saja orang-orang itu dari sini, mereka cuma bikin masal' | label=Hate Speech | conf=0.710 | latency=1.0ms
2026-04-25 02:55:53 | INFO | hate_detect | PREDICT | model=svm | text='Selamat pagi semuanya, semoga hari ini menyenangkan.' | label=Hate Speech | conf=0.470 | latency=2.0ms
2026-04-25 02:55:53 | INFO | hate_detect | PREDICT | model=svm | text='Kamu ini bodoh sekali, tidak usah sok tahu.' | label=Normal | conf=0.500 | latency=0.0ms
2026-04-25 02:55:53 | INFO | hate_detect | PREDICT | model=svm | text='Jangan kasih suara buat dia, dia pengkhianat.' | label=Hate Speech | conf=0.442 | latency=2.0ms
2026-04-25 02:55:53 | INFO | hate_detect | PREDICT | model=svm | text='Dasar bego, gitu aja gak becus kerja!' | label=Abusive | conf=0.843 | latency=2.6ms
2026-04-25 02:55:53 | INFO | hate_detect | PREDICT | model=svm | text='Usir saja orang-orang itu dari sini, mereka cuma bikin masal' | label=Hate Speech | conf=0.710 | latency=3.5ms
2026-04-25 02:55:53 | INFO | hate_detect | PREDICT | model=svm | text='Selamat pagi semuanya, semoga hari ini menyenangkan.' | label=Hate Speech | conf=0.470 | latency=1.5ms
2026-04-25 02:55:53 | INFO | hate_detect | PREDICT | model=svm | text='Kamu ini bodoh sekali, tidak usah sok tahu.' | label=Normal | conf=0.500 | latency=0.0ms
2026-04-25 02:55:53 | INFO | hate_detect | PREDICT | model=svm | text='Jangan kasih suara buat dia, dia pengkhianat.' | label=Hate Speech | conf=0.442 | latency=4.0ms
2026-04-25 02:55:53 | INFO | hate_detect | PREDICT | model=mnb | text='Dasar bego, gitu aja gak becus kerja!' | label=Hate Speech | conf=0.910 | latency=4.8ms
2026-04-25 02:55:53 | INFO | hate_detect | PREDICT | model=mnb | text='Usir saja orang-orang itu dari sini, mereka cuma bikin masal' | label=Hate Speech | conf=0.668 | latency=2.1ms
2026-04-25 02:55:53 | INFO | hate_detect | PREDICT | model=mnb | text='Selamat pagi semuanya, semoga hari ini menyenangkan.' | label=Normal | conf=0.682 | latency=7.9ms
2026-04-25 02:55:53 | INFO | hate_detect | PREDICT | model=mnb | text='Kamu ini bodoh sekali, tidak usah sok tahu.' | label=Normal | conf=0.500 | latency=0.0ms
2026-04-25 02:55:53 | INFO | hate_detect | PREDICT | model=mnb | text='Jangan kasih suara buat dia, dia pengkhianat.' | label=Hate Speech | conf=0.506 | latency=3.1ms
2026-04-25 02:55:53 | INFO | hate_detect | PREDICT | model=mnb | text='Dasar bego, gitu aja gak becus kerja!' | label=Hate Speech | conf=0.910 | latency=3.9ms
2026-04-25 02:55:53 | INFO | hate_detect | PREDICT | model=mnb | text='Usir saja orang-orang itu dari sini, mereka cuma bikin masal' | label=Hate Speech | conf=0.668 | latency=3.1ms
2026-04-25 02:55:53 | INFO | hate_detect | PREDICT | model=mnb | text='Selamat pagi semuanya, semoga hari ini menyenangkan.' | label=Normal | conf=0.682 | latency=2.1ms
2026-04-25 02:55:53 | INFO | hate_detect | PREDICT | model=mnb | text='Kamu ini bodoh sekali, tidak usah sok tahu.' | label=Normal | conf=0.500 | latency=0.0ms
2026-04-25 02:55:53 | INFO | hate_detect | PREDICT | model=mnb | text='Jangan kasih suara buat dia, dia pengkhianat.' | label=Hate Speech | conf=0.506 | latency=1.0ms
2026-04-25 02:55:53 | INFO | hate_detect | PREDICT | model=mnb | text='Dasar bego, gitu aja gak becus kerja!' | label=Hate Speech | conf=0.910 | latency=2.0ms
2026-04-25 02:55:53 | INFO | hate_detect | PREDICT | model=mnb | text='Usir saja orang-orang itu dari sini, mereka cuma bikin masal' | label=Hate Speech | conf=0.668 | latency=2.0ms
2026-04-25 02:55:53 | INFO | hate_detect | PREDICT | model=mnb | text='Selamat pagi semuanya, semoga hari ini menyenangkan.' | label=Normal | conf=0.682 | latency=1.1ms
2026-04-25 02:55:53 | INFO | hate_detect | PREDICT | model=mnb | text='Kamu ini bodoh sekali, tidak usah sok tahu.' | label=Normal | conf=0.500 | latency=0.0ms
2026-04-25 02:55:53 | INFO | hate_detect | PREDICT | model=mnb | text='Jangan kasih suara buat dia, dia pengkhianat.' | label=Hate Speech | conf=0.506 | latency=2.0ms
2026-04-25 02:55:53 | INFO | hate_detect | PREDICT | model=mnb | text='Dasar bego, gitu aja gak becus kerja!' | label=Hate Speech | conf=0.910 | latency=1.6ms
2026-04-25 02:55:53 | INFO | hate_detect | PREDICT | model=mnb | text='Usir saja orang-orang itu dari sini, mereka cuma bikin masal' | label=Hate Speech | conf=0.668 | latency=4.5ms
2026-04-25 02:55:53 | INFO | hate_detect | PREDICT | model=mnb | text='Selamat pagi semuanya, semoga hari ini menyenangkan.' | label=Normal | conf=0.682 | latency=2.1ms
2026-04-25 02:55:53 | INFO | hate_detect | PREDICT | model=mnb | text='Kamu ini bodoh sekali, tidak usah sok tahu.' | label=Normal | conf=0.500 | latency=0.0ms
2026-04-25 02:55:53 | INFO | hate_detect | PREDICT | model=mnb | text='Jangan kasih suara buat dia, dia pengkhianat.' | label=Hate Speech | conf=0.506 | latency=3.0ms
2026-04-25 02:55:53 | INFO | hate_detect | PREDICT | model=mnb | text='Dasar bego, gitu aja gak becus kerja!' | label=Hate Speech | conf=0.910 | latency=1.0ms
2026-04-25 02:55:53 | INFO | hate_detect | PREDICT | model=mnb | text='Usir saja orang-orang itu dari sini, mereka cuma bikin masal' | label=Hate Speech | conf=0.668 | latency=2.5ms
2026-04-25 02:55:53 | INFO | hate_detect | PREDICT | model=mnb | text='Selamat pagi semuanya, semoga hari ini menyenangkan.' | label=Normal | conf=0.682 | latency=2.5ms
2026-04-25 02:55:53 | INFO | hate_detect | PREDICT | model=mnb | text='Kamu ini bodoh sekali, tidak usah sok tahu.' | label=Normal | conf=0.500 | latency=0.0ms
2026-04-25 02:55:53 | INFO | hate_detect | PREDICT | model=mnb | text='Jangan kasih suara buat dia, dia pengkhianat.' | label=Hate Speech | conf=0.506 | latency=0.0ms
2026-04-25 02:55:53 | INFO | hate_detect | PREDICT | model=mnb | text='Dasar bego, gitu aja gak becus kerja!' | label=Hate Speech | conf=0.910 | latency=3.5ms
2026-04-25 02:55:53 | INFO | hate_detect | PREDICT | model=mnb | text='Usir saja orang-orang itu dari sini, mereka cuma bikin masal' | label=Hate Speech | conf=0.668 | latency=1.0ms
2026-04-25 02:55:53 | INFO | hate_detect | PREDICT | model=mnb | text='Selamat pagi semuanya, semoga hari ini menyenangkan.' | label=Normal | conf=0.682 | latency=1.0ms
2026-04-25 02:55:53 | INFO | hate_detect | PREDICT | model=mnb | text='Kamu ini bodoh sekali, tidak usah sok tahu.' | label=Normal | conf=0.500 | latency=0.0ms
2026-04-25 02:55:53 | INFO | hate_detect | PREDICT | model=mnb | text='Jangan kasih suara buat dia, dia pengkhianat.' | label=Hate Speech | conf=0.506 | latency=1.0ms
2026-04-25 02:55:53 | INFO | hate_detect | PREDICT | model=mnb | text='Dasar bego, gitu aja gak becus kerja!' | label=Hate Speech | conf=0.910 | latency=1.6ms
2026-04-25 02:55:53 | INFO | hate_detect | PREDICT | model=mnb | text='Usir saja orang-orang itu dari sini, mereka cuma bikin masal' | label=Hate Speech | conf=0.668 | latency=0.0ms
2026-04-25 02:55:53 | INFO | hate_detect | PREDICT | model=mnb | text='Selamat pagi semuanya, semoga hari ini menyenangkan.' | label=Normal | conf=0.682 | latency=3.1ms
2026-04-25 02:55:53 | INFO | hate_detect | PREDICT | model=mnb | text='Kamu ini bodoh sekali, tidak usah sok tahu.' | label=Normal | conf=0.500 | latency=0.0ms
2026-04-25 02:55:53 | INFO | hate_detect | PREDICT | model=mnb | text='Jangan kasih suara buat dia, dia pengkhianat.' | label=Hate Speech | conf=0.506 | latency=2.0ms
2026-04-25 02:55:53 | INFO | hate_detect | PREDICT | model=mnb | text='Dasar bego, gitu aja gak becus kerja!' | label=Hate Speech | conf=0.910 | latency=1.5ms
2026-04-25 02:55:53 | INFO | hate_detect | PREDICT | model=mnb | text='Usir saja orang-orang itu dari sini, mereka cuma bikin masal' | label=Hate Speech | conf=0.668 | latency=1.0ms
2026-04-25 02:55:53 | INFO | hate_detect | PREDICT | model=mnb | text='Selamat pagi semuanya, semoga hari ini menyenangkan.' | label=Normal | conf=0.682 | latency=2.0ms
2026-04-25 02:55:53 | INFO | hate_detect | PREDICT | model=mnb | text='Kamu ini bodoh sekali, tidak usah sok tahu.' | label=Normal | conf=0.500 | latency=0.0ms
2026-04-25 02:55:53 | INFO | hate_detect | PREDICT | model=mnb | text='Jangan kasih suara buat dia, dia pengkhianat.' | label=Hate Speech | conf=0.506 | latency=1.5ms
2026-04-25 02:55:53 | INFO | hate_detect | PREDICT | model=mnb | text='Dasar bego, gitu aja gak becus kerja!' | label=Hate Speech | conf=0.910 | latency=1.5ms
2026-04-25 02:55:53 | INFO | hate_detect | PREDICT | model=mnb | text='Usir saja orang-orang itu dari sini, mereka cuma bikin masal' | label=Hate Speech | conf=0.668 | latency=1.4ms
2026-04-25 02:55:53 | INFO | hate_detect | PREDICT | model=mnb | text='Selamat pagi semuanya, semoga hari ini menyenangkan.' | label=Normal | conf=0.682 | latency=1.5ms
2026-04-25 02:55:53 | INFO | hate_detect | PREDICT | model=mnb | text='Kamu ini bodoh sekali, tidak usah sok tahu.' | label=Normal | conf=0.500 | latency=0.0ms
2026-04-25 02:55:53 | INFO | hate_detect | PREDICT | model=mnb | text='Jangan kasih suara buat dia, dia pengkhianat.' | label=Hate Speech | conf=0.506 | latency=1.5ms
2026-04-25 02:55:53 | INFO | hate_detect | PREDICT | model=mnb | text='Dasar bego, gitu aja gak becus kerja!' | label=Hate Speech | conf=0.910 | latency=1.5ms
2026-04-25 02:55:53 | INFO | hate_detect | PREDICT | model=mnb | text='Usir saja orang-orang itu dari sini, mereka cuma bikin masal' | label=Hate Speech | conf=0.668 | latency=1.0ms
2026-04-25 02:55:53 | INFO | hate_detect | PREDICT | model=mnb | text='Selamat pagi semuanya, semoga hari ini menyenangkan.' | label=Normal | conf=0.682 | latency=1.0ms
2026-04-25 02:55:53 | INFO | hate_detect | PREDICT | model=mnb | text='Kamu ini bodoh sekali, tidak usah sok tahu.' | label=Normal | conf=0.500 | latency=0.0ms
2026-04-25 02:55:53 | INFO | hate_detect | PREDICT | model=mnb | text='Jangan kasih suara buat dia, dia pengkhianat.' | label=Hate Speech | conf=0.506 | latency=0.6ms
2026-04-25 02:55:53 | INFO | hate_detect | PREDICT | model=mnb | text='Dasar bego, gitu aja gak becus kerja!' | label=Hate Speech | conf=0.910 | latency=0.0ms
2026-04-25 02:55:54 | INFO | hate_detect | PREDICT | model=mnb | text='Usir saja orang-orang itu dari sini, mereka cuma bikin masal' | label=Hate Speech | conf=0.668 | latency=0.5ms
2026-04-25 02:55:54 | INFO | hate_detect | PREDICT | model=mnb | text='Selamat pagi semuanya, semoga hari ini menyenangkan.' | label=Normal | conf=0.682 | latency=0.6ms
2026-04-25 02:55:54 | INFO | hate_detect | PREDICT | model=mnb | text='Kamu ini bodoh sekali, tidak usah sok tahu.' | label=Normal | conf=0.500 | latency=0.0ms
2026-04-25 02:55:54 | INFO | hate_detect | PREDICT | model=mnb | text='Jangan kasih suara buat dia, dia pengkhianat.' | label=Hate Speech | conf=0.506 | latency=4.0ms
2026-04-25 02:55:54 | INFO | hate_detect | PREDICT | model=mnb | text='Dasar bego, gitu aja gak becus kerja!' | label=Hate Speech | conf=0.910 | latency=1.0ms
2026-04-25 02:55:54 | INFO | hate_detect | PREDICT | model=mnb | text='Usir saja orang-orang itu dari sini, mereka cuma bikin masal' | label=Hate Speech | conf=0.668 | latency=1.0ms
2026-04-25 02:55:54 | INFO | hate_detect | PREDICT | model=mnb | text='Selamat pagi semuanya, semoga hari ini menyenangkan.' | label=Normal | conf=0.682 | latency=1.1ms
2026-04-25 02:55:54 | INFO | hate_detect | PREDICT | model=mnb | text='Kamu ini bodoh sekali, tidak usah sok tahu.' | label=Normal | conf=0.500 | latency=0.0ms
2026-04-25 02:55:54 | INFO | hate_detect | PREDICT | model=mnb | text='Jangan kasih suara buat dia, dia pengkhianat.' | label=Hate Speech | conf=0.506 | latency=1.0ms
2026-04-25 02:55:54 | INFO | hate_detect | PREDICT | model=mnb | text='Dasar bego, gitu aja gak becus kerja!' | label=Hate Speech | conf=0.910 | latency=1.0ms
2026-04-25 02:55:54 | INFO | hate_detect | PREDICT | model=mnb | text='Usir saja orang-orang itu dari sini, mereka cuma bikin masal' | label=Hate Speech | conf=0.668 | latency=1.6ms
2026-04-25 02:55:54 | INFO | hate_detect | PREDICT | model=mnb | text='Selamat pagi semuanya, semoga hari ini menyenangkan.' | label=Normal | conf=0.682 | latency=0.7ms
2026-04-25 02:55:54 | INFO | hate_detect | PREDICT | model=mnb | text='Kamu ini bodoh sekali, tidak usah sok tahu.' | label=Normal | conf=0.500 | latency=0.0ms
2026-04-25 02:55:54 | INFO | hate_detect | PREDICT | model=mnb | text='Jangan kasih suara buat dia, dia pengkhianat.' | label=Hate Speech | conf=0.506 | latency=1.0ms
2026-04-25 02:55:54 | INFO | hate_detect | PREDICT | model=mnb | text='Dasar bego, gitu aja gak becus kerja!' | label=Hate Speech | conf=0.910 | latency=1.0ms
2026-04-25 02:55:54 | INFO | hate_detect | PREDICT | model=mnb | text='Usir saja orang-orang itu dari sini, mereka cuma bikin masal' | label=Hate Speech | conf=0.668 | latency=1.0ms
2026-04-25 02:55:54 | INFO | hate_detect | PREDICT | model=mnb | text='Selamat pagi semuanya, semoga hari ini menyenangkan.' | label=Normal | conf=0.682 | latency=1.3ms
2026-04-25 02:55:54 | INFO | hate_detect | PREDICT | model=mnb | text='Kamu ini bodoh sekali, tidak usah sok tahu.' | label=Normal | conf=0.500 | latency=0.0ms
2026-04-25 02:55:54 | INFO | hate_detect | PREDICT | model=mnb | text='Jangan kasih suara buat dia, dia pengkhianat.' | label=Hate Speech | conf=0.506 | latency=1.0ms
2026-04-25 02:55:54 | INFO | hate_detect | PREDICT | model=mnb | text='Dasar bego, gitu aja gak becus kerja!' | label=Hate Speech | conf=0.910 | latency=0.6ms
2026-04-25 02:55:54 | INFO | hate_detect | PREDICT | model=mnb | text='Usir saja orang-orang itu dari sini, mereka cuma bikin masal' | label=Hate Speech | conf=0.668 | latency=1.6ms
2026-04-25 02:55:54 | INFO | hate_detect | PREDICT | model=mnb | text='Selamat pagi semuanya, semoga hari ini menyenangkan.' | label=Normal | conf=0.682 | latency=2.0ms
2026-04-25 02:55:54 | INFO | hate_detect | PREDICT | model=mnb | text='Kamu ini bodoh sekali, tidak usah sok tahu.' | label=Normal | conf=0.500 | latency=0.0ms
2026-04-25 02:55:54 | INFO | hate_detect | PREDICT | model=mnb | text='Jangan kasih suara buat dia, dia pengkhianat.' | label=Hate Speech | conf=0.506 | latency=1.0ms
2026-04-25 02:55:54 | INFO | hate_detect | PREDICT | model=mnb | text='Dasar bego, gitu aja gak becus kerja!' | label=Hate Speech | conf=0.910 | latency=1.0ms
2026-04-25 02:55:54 | INFO | hate_detect | PREDICT | model=mnb | text='Usir saja orang-orang itu dari sini, mereka cuma bikin masal' | label=Hate Speech | conf=0.668 | latency=1.1ms
2026-04-25 02:55:54 | INFO | hate_detect | PREDICT | model=mnb | text='Selamat pagi semuanya, semoga hari ini menyenangkan.' | label=Normal | conf=0.682 | latency=1.6ms
2026-04-25 02:55:54 | INFO | hate_detect | PREDICT | model=mnb | text='Kamu ini bodoh sekali, tidak usah sok tahu.' | label=Normal | conf=0.500 | latency=0.0ms
2026-04-25 02:55:54 | INFO | hate_detect | PREDICT | model=mnb | text='Jangan kasih suara buat dia, dia pengkhianat.' | label=Hate Speech | conf=0.506 | latency=1.0ms
2026-04-25 02:55:54 | INFO | hate_detect | PREDICT | model=mnb | text='Dasar bego, gitu aja gak becus kerja!' | label=Hate Speech | conf=0.910 | latency=1.0ms
2026-04-25 02:55:54 | INFO | hate_detect | PREDICT | model=mnb | text='Usir saja orang-orang itu dari sini, mereka cuma bikin masal' | label=Hate Speech | conf=0.668 | latency=1.5ms
2026-04-25 02:55:54 | INFO | hate_detect | PREDICT | model=mnb | text='Selamat pagi semuanya, semoga hari ini menyenangkan.' | label=Normal | conf=0.682 | latency=1.0ms
2026-04-25 02:55:54 | INFO | hate_detect | PREDICT | model=mnb | text='Kamu ini bodoh sekali, tidak usah sok tahu.' | label=Normal | conf=0.500 | latency=0.0ms
2026-04-25 02:55:54 | INFO | hate_detect | PREDICT | model=mnb | text='Jangan kasih suara buat dia, dia pengkhianat.' | label=Hate Speech | conf=0.506 | latency=1.0ms
2026-04-25 02:55:54 | INFO | hate_detect | PREDICT | model=mnb | text='Dasar bego, gitu aja gak becus kerja!' | label=Hate Speech | conf=0.910 | latency=2.1ms
2026-04-25 02:55:54 | INFO | hate_detect | PREDICT | model=mnb | text='Usir saja orang-orang itu dari sini, mereka cuma bikin masal' | label=Hate Speech | conf=0.668 | latency=1.6ms
2026-04-25 02:55:54 | INFO | hate_detect | PREDICT | model=mnb | text='Selamat pagi semuanya, semoga hari ini menyenangkan.' | label=Normal | conf=0.682 | latency=4.3ms
2026-04-25 02:55:54 | INFO | hate_detect | PREDICT | model=mnb | text='Kamu ini bodoh sekali, tidak usah sok tahu.' | label=Normal | conf=0.500 | latency=0.0ms
2026-04-25 02:55:54 | INFO | hate_detect | PREDICT | model=mnb | text='Jangan kasih suara buat dia, dia pengkhianat.' | label=Hate Speech | conf=0.506 | latency=1.0ms
2026-04-25 02:55:54 | INFO | hate_detect | PREDICT | model=mnb | text='Dasar bego, gitu aja gak becus kerja!' | label=Hate Speech | conf=0.910 | latency=1.7ms
2026-04-25 02:55:54 | INFO | hate_detect | PREDICT | model=mnb | text='Usir saja orang-orang itu dari sini, mereka cuma bikin masal' | label=Hate Speech | conf=0.668 | latency=1.6ms
2026-04-25 02:55:54 | INFO | hate_detect | PREDICT | model=mnb | text='Selamat pagi semuanya, semoga hari ini menyenangkan.' | label=Normal | conf=0.682 | latency=1.7ms
2026-04-25 02:55:54 | INFO | hate_detect | PREDICT | model=mnb | text='Kamu ini bodoh sekali, tidak usah sok tahu.' | label=Normal | conf=0.500 | latency=0.0ms
2026-04-25 02:55:54 | INFO | hate_detect | PREDICT | model=mnb | text='Jangan kasih suara buat dia, dia pengkhianat.' | label=Hate Speech | conf=0.506 | latency=1.5ms
2026-04-25 02:55:54 | INFO | hate_detect | PREDICT | model=mnb | text='Dasar bego, gitu aja gak becus kerja!' | label=Hate Speech | conf=0.910 | latency=0.5ms
2026-04-25 02:55:54 | INFO | hate_detect | PREDICT | model=mnb | text='Usir saja orang-orang itu dari sini, mereka cuma bikin masal' | label=Hate Speech | conf=0.668 | latency=0.0ms
2026-04-25 02:55:54 | INFO | hate_detect | PREDICT | model=mnb | text='Selamat pagi semuanya, semoga hari ini menyenangkan.' | label=Normal | conf=0.682 | latency=1.6ms
2026-04-25 02:55:54 | INFO | hate_detect | PREDICT | model=mnb | text='Kamu ini bodoh sekali, tidak usah sok tahu.' | label=Normal | conf=0.500 | latency=0.0ms
2026-04-25 02:55:54 | INFO | hate_detect | PREDICT | model=mnb | text='Jangan kasih suara buat dia, dia pengkhianat.' | label=Hate Speech | conf=0.506 | latency=0.5ms
2026-04-25 02:55:54 | INFO | hate_detect | PREDICT | model=mnb | text='Dasar bego, gitu aja gak becus kerja!' | label=Hate Speech | conf=0.910 | latency=1.6ms
2026-04-25 02:55:54 | INFO | hate_detect | PREDICT | model=mnb | text='Usir saja orang-orang itu dari sini, mereka cuma bikin masal' | label=Hate Speech | conf=0.668 | latency=2.5ms
2026-04-25 02:55:54 | INFO | hate_detect | PREDICT | model=mnb | text='Selamat pagi semuanya, semoga hari ini menyenangkan.' | label=Normal | conf=0.682 | latency=1.0ms
2026-04-25 02:55:54 | INFO | hate_detect | PREDICT | model=mnb | text='Kamu ini bodoh sekali, tidak usah sok tahu.' | label=Normal | conf=0.500 | latency=0.0ms
2026-04-25 02:55:54 | INFO | hate_detect | PREDICT | model=mnb | text='Jangan kasih suara buat dia, dia pengkhianat.' | label=Hate Speech | conf=0.506 | latency=1.1ms
2026-04-25 02:55:54 | INFO | hate_detect | PREDICT | model=mnb | text='Dasar bego, gitu aja gak becus kerja!' | label=Hate Speech | conf=0.910 | latency=1.0ms
2026-04-25 02:55:54 | INFO | hate_detect | PREDICT | model=mnb | text='Usir saja orang-orang itu dari sini, mereka cuma bikin masal' | label=Hate Speech | conf=0.668 | latency=2.9ms
2026-04-25 02:55:54 | INFO | hate_detect | PREDICT | model=mnb | text='Selamat pagi semuanya, semoga hari ini menyenangkan.' | label=Normal | conf=0.682 | latency=0.0ms
2026-04-25 02:55:54 | INFO | hate_detect | PREDICT | model=mnb | text='Kamu ini bodoh sekali, tidak usah sok tahu.' | label=Normal | conf=0.500 | latency=0.0ms
2026-04-25 02:55:54 | INFO | hate_detect | PREDICT | model=mnb | text='Jangan kasih suara buat dia, dia pengkhianat.' | label=Hate Speech | conf=0.506 | latency=2.2ms
2026-04-25 02:55:54 | INFO | hate_detect | PREDICT | model=mnb | text='Dasar bego, gitu aja gak becus kerja!' | label=Hate Speech | conf=0.910 | latency=3.0ms
2026-04-25 02:55:54 | INFO | hate_detect | PREDICT | model=mnb | text='Usir saja orang-orang itu dari sini, mereka cuma bikin masal' | label=Hate Speech | conf=0.668 | latency=1.0ms
2026-04-25 02:55:54 | INFO | hate_detect | PREDICT | model=mnb | text='Selamat pagi semuanya, semoga hari ini menyenangkan.' | label=Normal | conf=0.682 | latency=1.5ms
2026-04-25 02:55:54 | INFO | hate_detect | PREDICT | model=mnb | text='Kamu ini bodoh sekali, tidak usah sok tahu.' | label=Normal | conf=0.500 | latency=0.0ms
2026-04-25 02:55:54 | INFO | hate_detect | PREDICT | model=mnb | text='Jangan kasih suara buat dia, dia pengkhianat.' | label=Hate Speech | conf=0.506 | latency=1.0ms
2026-04-25 02:55:54 | INFO | hate_detect | PREDICT | model=mnb | text='Dasar bego, gitu aja gak becus kerja!' | label=Hate Speech | conf=0.910 | latency=1.1ms
2026-04-25 02:55:54 | INFO | hate_detect | PREDICT | model=mnb | text='Usir saja orang-orang itu dari sini, mereka cuma bikin masal' | label=Hate Speech | conf=0.668 | latency=0.0ms
2026-04-25 02:55:54 | INFO | hate_detect | PREDICT | model=mnb | text='Selamat pagi semuanya, semoga hari ini menyenangkan.' | label=Normal | conf=0.682 | latency=1.1ms
2026-04-25 02:55:54 | INFO | hate_detect | PREDICT | model=mnb | text='Kamu ini bodoh sekali, tidak usah sok tahu.' | label=Normal | conf=0.500 | latency=0.0ms
2026-04-25 02:55:54 | INFO | hate_detect | PREDICT | model=mnb | text='Jangan kasih suara buat dia, dia pengkhianat.' | label=Hate Speech | conf=0.506 | latency=3.0ms
2026-04-25 02:55:54 | INFO | hate_detect | PREDICT | model=mnb | text='Dasar bego, gitu aja gak becus kerja!' | label=Hate Speech | conf=0.910 | latency=1.5ms
2026-04-25 02:55:54 | INFO | hate_detect | PREDICT | model=mnb | text='Usir saja orang-orang itu dari sini, mereka cuma bikin masal' | label=Hate Speech | conf=0.668 | latency=1.0ms
2026-04-25 02:55:54 | INFO | hate_detect | PREDICT | model=mnb | text='Selamat pagi semuanya, semoga hari ini menyenangkan.' | label=Normal | conf=0.682 | latency=1.0ms
2026-04-25 02:55:54 | INFO | hate_detect | PREDICT | model=mnb | text='Kamu ini bodoh sekali, tidak usah sok tahu.' | label=Normal | conf=0.500 | latency=0.0ms
2026-04-25 02:55:54 | INFO | hate_detect | PREDICT | model=mnb | text='Jangan kasih suara buat dia, dia pengkhianat.' | label=Hate Speech | conf=0.506 | latency=1.5ms
2026-04-25 02:55:54 | INFO | hate_detect | PREDICT | model=mnb | text='Dasar bego, gitu aja gak becus kerja!' | label=Hate Speech | conf=0.910 | latency=1.0ms
2026-04-25 02:55:54 | INFO | hate_detect | PREDICT | model=mnb | text='Usir saja orang-orang itu dari sini, mereka cuma bikin masal' | label=Hate Speech | conf=0.668 | latency=0.7ms
2026-04-25 02:55:54 | INFO | hate_detect | PREDICT | model=mnb | text='Selamat pagi semuanya, semoga hari ini menyenangkan.' | label=Normal | conf=0.682 | latency=1.6ms
2026-04-25 02:55:54 | INFO | hate_detect | PREDICT | model=mnb | text='Kamu ini bodoh sekali, tidak usah sok tahu.' | label=Normal | conf=0.500 | latency=0.0ms
2026-04-25 02:55:54 | INFO | hate_detect | PREDICT | model=mnb | text='Jangan kasih suara buat dia, dia pengkhianat.' | label=Hate Speech | conf=0.506 | latency=1.3ms
2026-04-25 02:55:54 | INFO | hate_detect | PREDICT | model=mnb | text='Dasar bego, gitu aja gak becus kerja!' | label=Hate Speech | conf=0.910 | latency=1.5ms
2026-04-25 02:55:54 | INFO | hate_detect | PREDICT | model=mnb | text='Usir saja orang-orang itu dari sini, mereka cuma bikin masal' | label=Hate Speech | conf=0.668 | latency=1.5ms
2026-04-25 02:55:54 | INFO | hate_detect | PREDICT | model=mnb | text='Selamat pagi semuanya, semoga hari ini menyenangkan.' | label=Normal | conf=0.682 | latency=2.0ms
2026-04-25 02:55:54 | INFO | hate_detect | PREDICT | model=mnb | text='Kamu ini bodoh sekali, tidak usah sok tahu.' | label=Normal | conf=0.500 | latency=0.0ms
2026-04-25 02:55:54 | INFO | hate_detect | PREDICT | model=mnb | text='Jangan kasih suara buat dia, dia pengkhianat.' | label=Hate Speech | conf=0.506 | latency=2.0ms
2026-04-25 02:55:54 | INFO | hate_detect | PREDICT | model=mnb | text='Dasar bego, gitu aja gak becus kerja!' | label=Hate Speech | conf=0.910 | latency=2.7ms
2026-04-25 02:55:54 | INFO | hate_detect | PREDICT | model=mnb | text='Usir saja orang-orang itu dari sini, mereka cuma bikin masal' | label=Hate Speech | conf=0.668 | latency=4.3ms
2026-04-25 02:55:54 | INFO | hate_detect | PREDICT | model=mnb | text='Selamat pagi semuanya, semoga hari ini menyenangkan.' | label=Normal | conf=0.682 | latency=1.6ms
2026-04-25 02:55:54 | INFO | hate_detect | PREDICT | model=mnb | text='Kamu ini bodoh sekali, tidak usah sok tahu.' | label=Normal | conf=0.500 | latency=0.0ms
2026-04-25 02:55:54 | INFO | hate_detect | PREDICT | model=mnb | text='Jangan kasih suara buat dia, dia pengkhianat.' | label=Hate Speech | conf=0.506 | latency=4.1ms
2026-04-25 02:55:54 | INFO | hate_detect | PREDICT | model=mnb | text='Dasar bego, gitu aja gak becus kerja!' | label=Hate Speech | conf=0.910 | latency=3.2ms
2026-04-25 02:55:54 | INFO | hate_detect | PREDICT | model=mnb | text='Usir saja orang-orang itu dari sini, mereka cuma bikin masal' | label=Hate Speech | conf=0.668 | latency=0.0ms
2026-04-25 02:55:54 | INFO | hate_detect | PREDICT | model=mnb | text='Selamat pagi semuanya, semoga hari ini menyenangkan.' | label=Normal | conf=0.682 | latency=3.4ms
2026-04-25 02:55:54 | INFO | hate_detect | PREDICT | model=mnb | text='Kamu ini bodoh sekali, tidak usah sok tahu.' | label=Normal | conf=0.500 | latency=0.0ms
2026-04-25 02:55:54 | INFO | hate_detect | PREDICT | model=mnb | text='Jangan kasih suara buat dia, dia pengkhianat.' | label=Hate Speech | conf=0.506 | latency=4.7ms
2026-04-25 02:55:54 | INFO | hate_detect | PREDICT | model=mnb | text='Dasar bego, gitu aja gak becus kerja!' | label=Hate Speech | conf=0.910 | latency=1.6ms
2026-04-25 02:55:54 | INFO | hate_detect | PREDICT | model=mnb | text='Usir saja orang-orang itu dari sini, mereka cuma bikin masal' | label=Hate Speech | conf=0.668 | latency=1.5ms
2026-04-25 02:55:54 | INFO | hate_detect | PREDICT | model=mnb | text='Selamat pagi semuanya, semoga hari ini menyenangkan.' | label=Normal | conf=0.682 | latency=2.0ms
2026-04-25 02:55:54 | INFO | hate_detect | PREDICT | model=mnb | text='Kamu ini bodoh sekali, tidak usah sok tahu.' | label=Normal | conf=0.500 | latency=0.0ms
2026-04-25 02:55:54 | INFO | hate_detect | PREDICT | model=mnb | text='Jangan kasih suara buat dia, dia pengkhianat.' | label=Hate Speech | conf=0.506 | latency=2.0ms
2026-04-25 02:55:54 | INFO | hate_detect | PREDICT | model=mnb | text='Dasar bego, gitu aja gak becus kerja!' | label=Hate Speech | conf=0.910 | latency=2.0ms
2026-04-25 02:55:54 | INFO | hate_detect | PREDICT | model=mnb | text='Usir saja orang-orang itu dari sini, mereka cuma bikin masal' | label=Hate Speech | conf=0.668 | latency=1.0ms
2026-04-25 02:55:54 | INFO | hate_detect | PREDICT | model=mnb | text='Selamat pagi semuanya, semoga hari ini menyenangkan.' | label=Normal | conf=0.682 | latency=1.5ms
2026-04-25 02:55:54 | INFO | hate_detect | PREDICT | model=mnb | text='Kamu ini bodoh sekali, tidak usah sok tahu.' | label=Normal | conf=0.500 | latency=0.0ms
2026-04-25 02:55:54 | INFO | hate_detect | PREDICT | model=mnb | text='Jangan kasih suara buat dia, dia pengkhianat.' | label=Hate Speech | conf=0.506 | latency=2.0ms
2026-04-25 02:55:54 | INFO | hate_detect | PREDICT | model=mnb | text='Dasar bego, gitu aja gak becus kerja!' | label=Hate Speech | conf=0.910 | latency=1.7ms
2026-04-25 02:55:54 | INFO | hate_detect | PREDICT | model=mnb | text='Usir saja orang-orang itu dari sini, mereka cuma bikin masal' | label=Hate Speech | conf=0.668 | latency=1.5ms
2026-04-25 02:55:54 | INFO | hate_detect | PREDICT | model=mnb | text='Selamat pagi semuanya, semoga hari ini menyenangkan.' | label=Normal | conf=0.682 | latency=2.0ms
2026-04-25 02:55:54 | INFO | hate_detect | PREDICT | model=mnb | text='Kamu ini bodoh sekali, tidak usah sok tahu.' | label=Normal | conf=0.500 | latency=0.0ms
2026-04-25 02:55:54 | INFO | hate_detect | PREDICT | model=mnb | text='Jangan kasih suara buat dia, dia pengkhianat.' | label=Hate Speech | conf=0.506 | latency=1.5ms
2026-04-25 02:55:54 | INFO | hate_detect | PREDICT | model=mnb | text='Dasar bego, gitu aja gak becus kerja!' | label=Hate Speech | conf=0.910 | latency=1.6ms
2026-04-25 02:55:54 | INFO | hate_detect | PREDICT | model=mnb | text='Usir saja orang-orang itu dari sini, mereka cuma bikin masal' | label=Hate Speech | conf=0.668 | latency=1.1ms
2026-04-25 02:55:54 | INFO | hate_detect | PREDICT | model=mnb | text='Selamat pagi semuanya, semoga hari ini menyenangkan.' | label=Normal | conf=0.682 | latency=1.5ms
2026-04-25 02:55:54 | INFO | hate_detect | PREDICT | model=mnb | text='Kamu ini bodoh sekali, tidak usah sok tahu.' | label=Normal | conf=0.500 | latency=0.0ms
2026-04-25 02:55:54 | INFO | hate_detect | PREDICT | model=mnb | text='Jangan kasih suara buat dia, dia pengkhianat.' | label=Hate Speech | conf=0.506 | latency=1.1ms
2026-04-25 02:55:54 | INFO | hate_detect | PREDICT | model=mnb | text='Dasar bego, gitu aja gak becus kerja!' | label=Hate Speech | conf=0.910 | latency=2.0ms
2026-04-25 02:55:54 | INFO | hate_detect | PREDICT | model=mnb | text='Usir saja orang-orang itu dari sini, mereka cuma bikin masal' | label=Hate Speech | conf=0.668 | latency=2.1ms
2026-04-25 02:55:54 | INFO | hate_detect | PREDICT | model=mnb | text='Selamat pagi semuanya, semoga hari ini menyenangkan.' | label=Normal | conf=0.682 | latency=1.6ms
2026-04-25 02:55:54 | INFO | hate_detect | PREDICT | model=mnb | text='Kamu ini bodoh sekali, tidak usah sok tahu.' | label=Normal | conf=0.500 | latency=0.0ms
2026-04-25 02:55:54 | INFO | hate_detect | PREDICT | model=mnb | text='Jangan kasih suara buat dia, dia pengkhianat.' | label=Hate Speech | conf=0.506 | latency=1.0ms
2026-04-25 02:55:54 | INFO | hate_detect | PREDICT | model=mnb | text='Dasar bego, gitu aja gak becus kerja!' | label=Hate Speech | conf=0.910 | latency=1.0ms
2026-04-25 02:55:54 | INFO | hate_detect | PREDICT | model=mnb | text='Usir saja orang-orang itu dari sini, mereka cuma bikin masal' | label=Hate Speech | conf=0.668 | latency=1.7ms
2026-04-25 02:55:54 | INFO | hate_detect | PREDICT | model=mnb | text='Selamat pagi semuanya, semoga hari ini menyenangkan.' | label=Normal | conf=0.682 | latency=1.0ms
2026-04-25 02:55:54 | INFO | hate_detect | PREDICT | model=mnb | text='Kamu ini bodoh sekali, tidak usah sok tahu.' | label=Normal | conf=0.500 | latency=0.0ms
2026-04-25 02:55:54 | INFO | hate_detect | PREDICT | model=mnb | text='Jangan kasih suara buat dia, dia pengkhianat.' | label=Hate Speech | conf=0.506 | latency=2.0ms
2026-04-25 02:55:54 | INFO | hate_detect | PREDICT | model=mnb | text='Dasar bego, gitu aja gak becus kerja!' | label=Hate Speech | conf=0.910 | latency=4.3ms
2026-04-25 02:55:54 | INFO | hate_detect | PREDICT | model=mnb | text='Usir saja orang-orang itu dari sini, mereka cuma bikin masal' | label=Hate Speech | conf=0.668 | latency=1.0ms
2026-04-25 02:55:54 | INFO | hate_detect | PREDICT | model=mnb | text='Selamat pagi semuanya, semoga hari ini menyenangkan.' | label=Normal | conf=0.682 | latency=2.1ms
2026-04-25 02:55:54 | INFO | hate_detect | PREDICT | model=mnb | text='Kamu ini bodoh sekali, tidak usah sok tahu.' | label=Normal | conf=0.500 | latency=0.0ms
2026-04-25 02:55:54 | INFO | hate_detect | PREDICT | model=mnb | text='Jangan kasih suara buat dia, dia pengkhianat.' | label=Hate Speech | conf=0.506 | latency=2.1ms
2026-04-25 02:55:54 | INFO | hate_detect | PREDICT | model=mnb | text='Dasar bego, gitu aja gak becus kerja!' | label=Hate Speech | conf=0.910 | latency=4.5ms
2026-04-25 02:55:54 | INFO | hate_detect | PREDICT | model=mnb | text='Usir saja orang-orang itu dari sini, mereka cuma bikin masal' | label=Hate Speech | conf=0.668 | latency=1.6ms
2026-04-25 02:55:54 | INFO | hate_detect | PREDICT | model=mnb | text='Selamat pagi semuanya, semoga hari ini menyenangkan.' | label=Normal | conf=0.682 | latency=2.8ms
2026-04-25 02:55:54 | INFO | hate_detect | PREDICT | model=mnb | text='Kamu ini bodoh sekali, tidak usah sok tahu.' | label=Normal | conf=0.500 | latency=0.0ms
2026-04-25 02:55:54 | INFO | hate_detect | PREDICT | model=mnb | text='Jangan kasih suara buat dia, dia pengkhianat.' | label=Hate Speech | conf=0.506 | latency=2.0ms
2026-04-25 02:55:54 | INFO | hate_detect | PREDICT | model=mnb | text='Dasar bego, gitu aja gak becus kerja!' | label=Hate Speech | conf=0.910 | latency=1.6ms
2026-04-25 02:55:54 | INFO | hate_detect | PREDICT | model=mnb | text='Usir saja orang-orang itu dari sini, mereka cuma bikin masal' | label=Hate Speech | conf=0.668 | latency=3.0ms
2026-04-25 02:55:54 | INFO | hate_detect | PREDICT | model=mnb | text='Selamat pagi semuanya, semoga hari ini menyenangkan.' | label=Normal | conf=0.682 | latency=2.0ms
2026-04-25 02:55:54 | INFO | hate_detect | PREDICT | model=mnb | text='Kamu ini bodoh sekali, tidak usah sok tahu.' | label=Normal | conf=0.500 | latency=0.0ms
2026-04-25 02:55:54 | INFO | hate_detect | PREDICT | model=mnb | text='Jangan kasih suara buat dia, dia pengkhianat.' | label=Hate Speech | conf=0.506 | latency=0.0ms
2026-04-25 02:55:54 | INFO | hate_detect | PREDICT | model=mnb | text='Dasar bego, gitu aja gak becus kerja!' | label=Hate Speech | conf=0.910 | latency=1.2ms
2026-04-25 02:55:54 | INFO | hate_detect | PREDICT | model=mnb | text='Usir saja orang-orang itu dari sini, mereka cuma bikin masal' | label=Hate Speech | conf=0.668 | latency=0.0ms
2026-04-25 02:55:54 | INFO | hate_detect | PREDICT | model=mnb | text='Selamat pagi semuanya, semoga hari ini menyenangkan.' | label=Normal | conf=0.682 | latency=2.0ms
2026-04-25 02:55:54 | INFO | hate_detect | PREDICT | model=mnb | text='Kamu ini bodoh sekali, tidak usah sok tahu.' | label=Normal | conf=0.500 | latency=0.0ms
2026-04-25 02:55:54 | INFO | hate_detect | PREDICT | model=mnb | text='Jangan kasih suara buat dia, dia pengkhianat.' | label=Hate Speech | conf=0.506 | latency=3.4ms
2026-04-25 02:55:54 | INFO | hate_detect | PREDICT | model=mnb | text='Dasar bego, gitu aja gak becus kerja!' | label=Hate Speech | conf=0.910 | latency=0.0ms
2026-04-25 02:55:54 | INFO | hate_detect | PREDICT | model=mnb | text='Usir saja orang-orang itu dari sini, mereka cuma bikin masal' | label=Hate Speech | conf=0.668 | latency=1.5ms
2026-04-25 02:55:54 | INFO | hate_detect | PREDICT | model=mnb | text='Selamat pagi semuanya, semoga hari ini menyenangkan.' | label=Normal | conf=0.682 | latency=0.0ms
2026-04-25 02:55:54 | INFO | hate_detect | PREDICT | model=mnb | text='Kamu ini bodoh sekali, tidak usah sok tahu.' | label=Normal | conf=0.500 | latency=0.0ms
2026-04-25 02:55:54 | INFO | hate_detect | PREDICT | model=mnb | text='Jangan kasih suara buat dia, dia pengkhianat.' | label=Hate Speech | conf=0.506 | latency=0.0ms
2026-04-25 02:55:54 | INFO | hate_detect | PREDICT | model=mnb | text='Dasar bego, gitu aja gak becus kerja!' | label=Hate Speech | conf=0.910 | latency=2.0ms
2026-04-25 02:55:54 | INFO | hate_detect | PREDICT | model=mnb | text='Usir saja orang-orang itu dari sini, mereka cuma bikin masal' | label=Hate Speech | conf=0.668 | latency=0.0ms
2026-04-25 02:55:54 | INFO | hate_detect | PREDICT | model=mnb | text='Selamat pagi semuanya, semoga hari ini menyenangkan.' | label=Normal | conf=0.682 | latency=0.0ms
2026-04-25 02:55:54 | INFO | hate_detect | PREDICT | model=mnb | text='Kamu ini bodoh sekali, tidak usah sok tahu.' | label=Normal | conf=0.500 | latency=0.0ms
2026-04-25 02:55:54 | INFO | hate_detect | PREDICT | model=mnb | text='Jangan kasih suara buat dia, dia pengkhianat.' | label=Hate Speech | conf=0.506 | latency=2.0ms
2026-04-25 02:55:54 | INFO | hate_detect | PREDICT | model=mnb | text='Dasar bego, gitu aja gak becus kerja!' | label=Hate Speech | conf=0.910 | latency=2.5ms
2026-04-25 02:55:54 | INFO | hate_detect | PREDICT | model=mnb | text='Usir saja orang-orang itu dari sini, mereka cuma bikin masal' | label=Hate Speech | conf=0.668 | latency=2.0ms
2026-04-25 02:55:54 | INFO | hate_detect | PREDICT | model=mnb | text='Selamat pagi semuanya, semoga hari ini menyenangkan.' | label=Normal | conf=0.682 | latency=1.5ms
2026-04-25 02:55:54 | INFO | hate_detect | PREDICT | model=mnb | text='Kamu ini bodoh sekali, tidak usah sok tahu.' | label=Normal | conf=0.500 | latency=0.0ms
2026-04-25 02:55:54 | INFO | hate_detect | PREDICT | model=mnb | text='Jangan kasih suara buat dia, dia pengkhianat.' | label=Hate Speech | conf=0.506 | latency=2.5ms
2026-04-25 02:55:54 | INFO | hate_detect | PREDICT | model=mnb | text='Dasar bego, gitu aja gak becus kerja!' | label=Hate Speech | conf=0.910 | latency=2.0ms
2026-04-25 02:55:54 | INFO | hate_detect | PREDICT | model=mnb | text='Usir saja orang-orang itu dari sini, mereka cuma bikin masal' | label=Hate Speech | conf=0.668 | latency=1.0ms
2026-04-25 02:55:54 | INFO | hate_detect | PREDICT | model=mnb | text='Selamat pagi semuanya, semoga hari ini menyenangkan.' | label=Normal | conf=0.682 | latency=1.0ms
2026-04-25 02:55:54 | INFO | hate_detect | PREDICT | model=mnb | text='Kamu ini bodoh sekali, tidak usah sok tahu.' | label=Normal | conf=0.500 | latency=0.0ms
2026-04-25 02:55:54 | INFO | hate_detect | PREDICT | model=mnb | text='Jangan kasih suara buat dia, dia pengkhianat.' | label=Hate Speech | conf=0.506 | latency=6.1ms
2026-04-25 02:55:54 | INFO | hate_detect | PREDICT | model=mnb | text='Dasar bego, gitu aja gak becus kerja!' | label=Hate Speech | conf=0.910 | latency=0.6ms
2026-04-25 02:55:54 | INFO | hate_detect | PREDICT | model=mnb | text='Usir saja orang-orang itu dari sini, mereka cuma bikin masal' | label=Hate Speech | conf=0.668 | latency=0.0ms
2026-04-25 02:55:54 | INFO | hate_detect | PREDICT | model=mnb | text='Selamat pagi semuanya, semoga hari ini menyenangkan.' | label=Normal | conf=0.682 | latency=2.0ms
2026-04-25 02:55:54 | INFO | hate_detect | PREDICT | model=mnb | text='Kamu ini bodoh sekali, tidak usah sok tahu.' | label=Normal | conf=0.500 | latency=0.0ms
2026-04-25 02:55:54 | INFO | hate_detect | PREDICT | model=mnb | text='Jangan kasih suara buat dia, dia pengkhianat.' | label=Hate Speech | conf=0.506 | latency=1.6ms
2026-04-25 02:55:54 | INFO | hate_detect | PREDICT | model=mnb | text='Dasar bego, gitu aja gak becus kerja!' | label=Hate Speech | conf=0.910 | latency=1.6ms
2026-04-25 02:55:54 | INFO | hate_detect | PREDICT | model=mnb | text='Usir saja orang-orang itu dari sini, mereka cuma bikin masal' | label=Hate Speech | conf=0.668 | latency=3.0ms
2026-04-25 02:55:54 | INFO | hate_detect | PREDICT | model=mnb | text='Selamat pagi semuanya, semoga hari ini menyenangkan.' | label=Normal | conf=0.682 | latency=0.0ms
2026-04-25 02:55:54 | INFO | hate_detect | PREDICT | model=mnb | text='Kamu ini bodoh sekali, tidak usah sok tahu.' | label=Normal | conf=0.500 | latency=0.0ms
2026-04-25 02:55:54 | INFO | hate_detect | PREDICT | model=mnb | text='Jangan kasih suara buat dia, dia pengkhianat.' | label=Hate Speech | conf=0.506 | latency=1.1ms
2026-04-25 02:55:54 | INFO | hate_detect | PREDICT | model=mnb | text='Dasar bego, gitu aja gak becus kerja!' | label=Hate Speech | conf=0.910 | latency=1.5ms
2026-04-25 02:55:54 | INFO | hate_detect | PREDICT | model=mnb | text='Usir saja orang-orang itu dari sini, mereka cuma bikin masal' | label=Hate Speech | conf=0.668 | latency=5.4ms
2026-04-25 02:55:54 | INFO | hate_detect | PREDICT | model=mnb | text='Selamat pagi semuanya, semoga hari ini menyenangkan.' | label=Normal | conf=0.682 | latency=1.6ms
2026-04-25 02:55:54 | INFO | hate_detect | PREDICT | model=mnb | text='Kamu ini bodoh sekali, tidak usah sok tahu.' | label=Normal | conf=0.500 | latency=0.0ms
2026-04-25 02:55:54 | INFO | hate_detect | PREDICT | model=mnb | text='Jangan kasih suara buat dia, dia pengkhianat.' | label=Hate Speech | conf=0.506 | latency=2.1ms
2026-04-25 02:55:54 | INFO | hate_detect | PREDICT | model=mnb | text='Dasar bego, gitu aja gak becus kerja!' | label=Hate Speech | conf=0.910 | latency=5.4ms
2026-04-25 02:55:54 | INFO | hate_detect | PREDICT | model=mnb | text='Usir saja orang-orang itu dari sini, mereka cuma bikin masal' | label=Hate Speech | conf=0.668 | latency=4.0ms
2026-04-25 02:55:54 | INFO | hate_detect | PREDICT | model=mnb | text='Selamat pagi semuanya, semoga hari ini menyenangkan.' | label=Normal | conf=0.682 | latency=1.6ms
2026-04-25 02:55:54 | INFO | hate_detect | PREDICT | model=mnb | text='Kamu ini bodoh sekali, tidak usah sok tahu.' | label=Normal | conf=0.500 | latency=0.0ms
2026-04-25 02:55:54 | INFO | hate_detect | PREDICT | model=mnb | text='Jangan kasih suara buat dia, dia pengkhianat.' | label=Hate Speech | conf=0.506 | latency=2.0ms
2026-04-25 02:55:54 | INFO | hate_detect | PREDICT | model=mnb | text='Dasar bego, gitu aja gak becus kerja!' | label=Hate Speech | conf=0.910 | latency=4.4ms
2026-04-25 02:55:54 | INFO | hate_detect | PREDICT | model=mnb | text='Usir saja orang-orang itu dari sini, mereka cuma bikin masal' | label=Hate Speech | conf=0.668 | latency=1.5ms
2026-04-25 02:55:54 | INFO | hate_detect | PREDICT | model=mnb | text='Selamat pagi semuanya, semoga hari ini menyenangkan.' | label=Normal | conf=0.682 | latency=1.0ms
2026-04-25 02:55:54 | INFO | hate_detect | PREDICT | model=mnb | text='Kamu ini bodoh sekali, tidak usah sok tahu.' | label=Normal | conf=0.500 | latency=0.0ms
2026-04-25 02:55:54 | INFO | hate_detect | PREDICT | model=mnb | text='Jangan kasih suara buat dia, dia pengkhianat.' | label=Hate Speech | conf=0.506 | latency=2.6ms
2026-04-25 02:55:54 | INFO | hate_detect | PREDICT | model=mnb | text='Dasar bego, gitu aja gak becus kerja!' | label=Hate Speech | conf=0.910 | latency=1.5ms
2026-04-25 02:55:54 | INFO | hate_detect | PREDICT | model=mnb | text='Usir saja orang-orang itu dari sini, mereka cuma bikin masal' | label=Hate Speech | conf=0.668 | latency=1.0ms
2026-04-25 02:55:54 | INFO | hate_detect | PREDICT | model=mnb | text='Selamat pagi semuanya, semoga hari ini menyenangkan.' | label=Normal | conf=0.682 | latency=1.0ms
2026-04-25 02:55:54 | INFO | hate_detect | PREDICT | model=mnb | text='Kamu ini bodoh sekali, tidak usah sok tahu.' | label=Normal | conf=0.500 | latency=0.0ms
2026-04-25 02:55:54 | INFO | hate_detect | PREDICT | model=mnb | text='Jangan kasih suara buat dia, dia pengkhianat.' | label=Hate Speech | conf=0.506 | latency=3.0ms
2026-04-25 02:55:54 | INFO | hate_detect | PREDICT | model=mnb | text='Dasar bego, gitu aja gak becus kerja!' | label=Hate Speech | conf=0.910 | latency=4.0ms
2026-04-25 02:55:54 | INFO | hate_detect | PREDICT | model=mnb | text='Usir saja orang-orang itu dari sini, mereka cuma bikin masal' | label=Hate Speech | conf=0.668 | latency=7.4ms
2026-04-25 02:55:54 | INFO | hate_detect | PREDICT | model=mnb | text='Selamat pagi semuanya, semoga hari ini menyenangkan.' | label=Normal | conf=0.682 | latency=2.5ms
2026-04-25 02:55:54 | INFO | hate_detect | PREDICT | model=mnb | text='Kamu ini bodoh sekali, tidak usah sok tahu.' | label=Normal | conf=0.500 | latency=0.0ms
2026-04-25 02:55:54 | INFO | hate_detect | PREDICT | model=mnb | text='Jangan kasih suara buat dia, dia pengkhianat.' | label=Hate Speech | conf=0.506 | latency=4.6ms
2026-04-25 02:55:54 | INFO | hate_detect | PREDICT | model=mnb | text='Dasar bego, gitu aja gak becus kerja!' | label=Hate Speech | conf=0.910 | latency=7.3ms
2026-04-25 02:55:54 | INFO | hate_detect | PREDICT | model=mnb | text='Usir saja orang-orang itu dari sini, mereka cuma bikin masal' | label=Hate Speech | conf=0.668 | latency=5.3ms
2026-04-25 02:55:54 | INFO | hate_detect | PREDICT | model=mnb | text='Selamat pagi semuanya, semoga hari ini menyenangkan.' | label=Normal | conf=0.682 | latency=5.6ms
2026-04-25 02:55:54 | INFO | hate_detect | PREDICT | model=mnb | text='Kamu ini bodoh sekali, tidak usah sok tahu.' | label=Normal | conf=0.500 | latency=0.0ms
2026-04-25 02:55:54 | INFO | hate_detect | PREDICT | model=mnb | text='Jangan kasih suara buat dia, dia pengkhianat.' | label=Hate Speech | conf=0.506 | latency=4.0ms
2026-04-25 02:55:55 | INFO | hate_detect | PREDICT | model=mnb | text='Dasar bego, gitu aja gak becus kerja!' | label=Hate Speech | conf=0.910 | latency=4.1ms
2026-04-25 02:55:55 | INFO | hate_detect | PREDICT | model=mnb | text='Usir saja orang-orang itu dari sini, mereka cuma bikin masal' | label=Hate Speech | conf=0.668 | latency=2.7ms
2026-04-25 02:55:55 | INFO | hate_detect | PREDICT | model=mnb | text='Selamat pagi semuanya, semoga hari ini menyenangkan.' | label=Normal | conf=0.682 | latency=6.0ms
2026-04-25 02:55:55 | INFO | hate_detect | PREDICT | model=mnb | text='Kamu ini bodoh sekali, tidak usah sok tahu.' | label=Normal | conf=0.500 | latency=0.0ms
2026-04-25 02:55:55 | INFO | hate_detect | PREDICT | model=mnb | text='Jangan kasih suara buat dia, dia pengkhianat.' | label=Hate Speech | conf=0.506 | latency=3.6ms
2026-04-25 02:55:55 | INFO | hate_detect | PREDICT | model=mnb | text='Dasar bego, gitu aja gak becus kerja!' | label=Hate Speech | conf=0.910 | latency=2.1ms
2026-04-25 02:55:55 | INFO | hate_detect | PREDICT | model=mnb | text='Usir saja orang-orang itu dari sini, mereka cuma bikin masal' | label=Hate Speech | conf=0.668 | latency=4.1ms
2026-04-25 02:55:55 | INFO | hate_detect | PREDICT | model=mnb | text='Selamat pagi semuanya, semoga hari ini menyenangkan.' | label=Normal | conf=0.682 | latency=3.1ms
2026-04-25 02:55:55 | INFO | hate_detect | PREDICT | model=mnb | text='Kamu ini bodoh sekali, tidak usah sok tahu.' | label=Normal | conf=0.500 | latency=0.0ms
2026-04-25 02:55:55 | INFO | hate_detect | PREDICT | model=mnb | text='Jangan kasih suara buat dia, dia pengkhianat.' | label=Hate Speech | conf=0.506 | latency=4.0ms
2026-04-25 02:55:55 | INFO | hate_detect | PREDICT | model=mnb | text='Dasar bego, gitu aja gak becus kerja!' | label=Hate Speech | conf=0.910 | latency=3.1ms
2026-04-25 02:55:55 | INFO | hate_detect | PREDICT | model=mnb | text='Usir saja orang-orang itu dari sini, mereka cuma bikin masal' | label=Hate Speech | conf=0.668 | latency=3.3ms
2026-04-25 02:55:55 | INFO | hate_detect | PREDICT | model=mnb | text='Selamat pagi semuanya, semoga hari ini menyenangkan.' | label=Normal | conf=0.682 | latency=2.1ms
2026-04-25 02:55:55 | INFO | hate_detect | PREDICT | model=mnb | text='Kamu ini bodoh sekali, tidak usah sok tahu.' | label=Normal | conf=0.500 | latency=0.0ms
2026-04-25 02:55:55 | INFO | hate_detect | PREDICT | model=mnb | text='Jangan kasih suara buat dia, dia pengkhianat.' | label=Hate Speech | conf=0.506 | latency=2.1ms
2026-04-25 02:55:55 | INFO | hate_detect | PREDICT | model=mnb | text='Dasar bego, gitu aja gak becus kerja!' | label=Hate Speech | conf=0.910 | latency=4.5ms
2026-04-25 02:55:55 | INFO | hate_detect | PREDICT | model=mnb | text='Usir saja orang-orang itu dari sini, mereka cuma bikin masal' | label=Hate Speech | conf=0.668 | latency=0.0ms
2026-04-25 02:55:55 | INFO | hate_detect | PREDICT | model=mnb | text='Selamat pagi semuanya, semoga hari ini menyenangkan.' | label=Normal | conf=0.682 | latency=2.0ms
2026-04-25 02:55:55 | INFO | hate_detect | PREDICT | model=mnb | text='Kamu ini bodoh sekali, tidak usah sok tahu.' | label=Normal | conf=0.500 | latency=0.0ms
2026-04-25 02:55:55 | INFO | hate_detect | PREDICT | model=mnb | text='Jangan kasih suara buat dia, dia pengkhianat.' | label=Hate Speech | conf=0.506 | latency=1.5ms
2026-04-25 02:55:55 | INFO | hate_detect | PREDICT | model=mnb | text='Dasar bego, gitu aja gak becus kerja!' | label=Hate Speech | conf=0.910 | latency=0.5ms
2026-04-25 02:55:55 | INFO | hate_detect | PREDICT | model=mnb | text='Usir saja orang-orang itu dari sini, mereka cuma bikin masal' | label=Hate Speech | conf=0.668 | latency=3.0ms
2026-04-25 02:55:55 | INFO | hate_detect | PREDICT | model=mnb | text='Selamat pagi semuanya, semoga hari ini menyenangkan.' | label=Normal | conf=0.682 | latency=5.2ms
2026-04-25 02:55:55 | INFO | hate_detect | PREDICT | model=mnb | text='Kamu ini bodoh sekali, tidak usah sok tahu.' | label=Normal | conf=0.500 | latency=0.0ms
2026-04-25 02:55:55 | INFO | hate_detect | PREDICT | model=mnb | text='Jangan kasih suara buat dia, dia pengkhianat.' | label=Hate Speech | conf=0.506 | latency=4.4ms
2026-04-25 02:55:55 | INFO | hate_detect | PREDICT | model=mnb | text='Dasar bego, gitu aja gak becus kerja!' | label=Hate Speech | conf=0.910 | latency=2.0ms
2026-04-25 02:55:55 | INFO | hate_detect | PREDICT | model=mnb | text='Usir saja orang-orang itu dari sini, mereka cuma bikin masal' | label=Hate Speech | conf=0.668 | latency=2.5ms
2026-04-25 02:55:55 | INFO | hate_detect | PREDICT | model=mnb | text='Selamat pagi semuanya, semoga hari ini menyenangkan.' | label=Normal | conf=0.682 | latency=3.5ms
2026-04-25 02:55:55 | INFO | hate_detect | PREDICT | model=mnb | text='Kamu ini bodoh sekali, tidak usah sok tahu.' | label=Normal | conf=0.500 | latency=0.0ms
2026-04-25 02:55:55 | INFO | hate_detect | PREDICT | model=mnb | text='Jangan kasih suara buat dia, dia pengkhianat.' | label=Hate Speech | conf=0.506 | latency=2.5ms
2026-04-25 02:55:55 | INFO | hate_detect | PREDICT | model=mnb | text='Dasar bego, gitu aja gak becus kerja!' | label=Hate Speech | conf=0.910 | latency=2.6ms
2026-04-25 02:55:55 | INFO | hate_detect | PREDICT | model=mnb | text='Usir saja orang-orang itu dari sini, mereka cuma bikin masal' | label=Hate Speech | conf=0.668 | latency=2.5ms
2026-04-25 02:55:55 | INFO | hate_detect | PREDICT | model=mnb | text='Selamat pagi semuanya, semoga hari ini menyenangkan.' | label=Normal | conf=0.682 | latency=1.6ms
2026-04-25 02:55:55 | INFO | hate_detect | PREDICT | model=mnb | text='Kamu ini bodoh sekali, tidak usah sok tahu.' | label=Normal | conf=0.500 | latency=0.0ms
2026-04-25 02:55:55 | INFO | hate_detect | PREDICT | model=mnb | text='Jangan kasih suara buat dia, dia pengkhianat.' | label=Hate Speech | conf=0.506 | latency=3.0ms
2026-04-25 02:55:55 | INFO | hate_detect | PREDICT | model=mnb | text='Dasar bego, gitu aja gak becus kerja!' | label=Hate Speech | conf=0.910 | latency=1.1ms
2026-04-25 02:55:55 | INFO | hate_detect | PREDICT | model=mnb | text='Usir saja orang-orang itu dari sini, mereka cuma bikin masal' | label=Hate Speech | conf=0.668 | latency=2.5ms
2026-04-25 02:55:55 | INFO | hate_detect | PREDICT | model=mnb | text='Selamat pagi semuanya, semoga hari ini menyenangkan.' | label=Normal | conf=0.682 | latency=2.5ms
2026-04-25 02:55:55 | INFO | hate_detect | PREDICT | model=mnb | text='Kamu ini bodoh sekali, tidak usah sok tahu.' | label=Normal | conf=0.500 | latency=0.0ms
2026-04-25 02:55:55 | INFO | hate_detect | PREDICT | model=mnb | text='Jangan kasih suara buat dia, dia pengkhianat.' | label=Hate Speech | conf=0.506 | latency=2.5ms
2026-04-25 02:55:55 | INFO | hate_detect | PREDICT | model=mnb | text='Dasar bego, gitu aja gak becus kerja!' | label=Hate Speech | conf=0.910 | latency=1.0ms
2026-04-25 02:55:55 | INFO | hate_detect | PREDICT | model=mnb | text='Usir saja orang-orang itu dari sini, mereka cuma bikin masal' | label=Hate Speech | conf=0.668 | latency=2.0ms
2026-04-25 02:55:55 | INFO | hate_detect | PREDICT | model=mnb | text='Selamat pagi semuanya, semoga hari ini menyenangkan.' | label=Normal | conf=0.682 | latency=1.0ms
2026-04-25 02:55:55 | INFO | hate_detect | PREDICT | model=mnb | text='Kamu ini bodoh sekali, tidak usah sok tahu.' | label=Normal | conf=0.500 | latency=0.0ms
2026-04-25 02:55:55 | INFO | hate_detect | PREDICT | model=mnb | text='Jangan kasih suara buat dia, dia pengkhianat.' | label=Hate Speech | conf=0.506 | latency=0.0ms
2026-04-25 02:55:55 | INFO | hate_detect | PREDICT | model=mnb | text='Dasar bego, gitu aja gak becus kerja!' | label=Hate Speech | conf=0.910 | latency=2.0ms
2026-04-25 02:55:55 | INFO | hate_detect | PREDICT | model=mnb | text='Usir saja orang-orang itu dari sini, mereka cuma bikin masal' | label=Hate Speech | conf=0.668 | latency=1.5ms
2026-04-25 02:55:55 | INFO | hate_detect | PREDICT | model=mnb | text='Selamat pagi semuanya, semoga hari ini menyenangkan.' | label=Normal | conf=0.682 | latency=1.0ms
2026-04-25 02:55:55 | INFO | hate_detect | PREDICT | model=mnb | text='Kamu ini bodoh sekali, tidak usah sok tahu.' | label=Normal | conf=0.500 | latency=0.0ms
2026-04-25 02:55:55 | INFO | hate_detect | PREDICT | model=mnb | text='Jangan kasih suara buat dia, dia pengkhianat.' | label=Hate Speech | conf=0.506 | latency=1.5ms
2026-04-25 02:55:55 | INFO | hate_detect | PREDICT | model=mnb | text='Dasar bego, gitu aja gak becus kerja!' | label=Hate Speech | conf=0.910 | latency=2.1ms
2026-04-25 02:55:55 | INFO | hate_detect | PREDICT | model=mnb | text='Usir saja orang-orang itu dari sini, mereka cuma bikin masal' | label=Hate Speech | conf=0.668 | latency=1.0ms
2026-04-25 02:55:55 | INFO | hate_detect | PREDICT | model=mnb | text='Selamat pagi semuanya, semoga hari ini menyenangkan.' | label=Normal | conf=0.682 | latency=1.0ms
2026-04-25 02:55:55 | INFO | hate_detect | PREDICT | model=mnb | text='Kamu ini bodoh sekali, tidak usah sok tahu.' | label=Normal | conf=0.500 | latency=0.0ms
2026-04-25 02:55:55 | INFO | hate_detect | PREDICT | model=mnb | text='Jangan kasih suara buat dia, dia pengkhianat.' | label=Hate Speech | conf=0.506 | latency=0.0ms
2026-04-25 02:55:55 | INFO | hate_detect | PREDICT | model=mnb | text='Dasar bego, gitu aja gak becus kerja!' | label=Hate Speech | conf=0.910 | latency=3.0ms
2026-04-25 02:55:55 | INFO | hate_detect | PREDICT | model=mnb | text='Usir saja orang-orang itu dari sini, mereka cuma bikin masal' | label=Hate Speech | conf=0.668 | latency=2.0ms
2026-04-25 02:55:55 | INFO | hate_detect | PREDICT | model=mnb | text='Selamat pagi semuanya, semoga hari ini menyenangkan.' | label=Normal | conf=0.682 | latency=0.9ms
2026-04-25 02:55:55 | INFO | hate_detect | PREDICT | model=mnb | text='Kamu ini bodoh sekali, tidak usah sok tahu.' | label=Normal | conf=0.500 | latency=0.0ms
2026-04-25 02:55:55 | INFO | hate_detect | PREDICT | model=mnb | text='Jangan kasih suara buat dia, dia pengkhianat.' | label=Hate Speech | conf=0.506 | latency=1.1ms
2026-04-25 02:55:55 | INFO | hate_detect | PREDICT | model=mnb | text='Dasar bego, gitu aja gak becus kerja!' | label=Hate Speech | conf=0.910 | latency=1.2ms
2026-04-25 02:55:55 | INFO | hate_detect | PREDICT | model=mnb | text='Usir saja orang-orang itu dari sini, mereka cuma bikin masal' | label=Hate Speech | conf=0.668 | latency=2.0ms
2026-04-25 02:55:55 | INFO | hate_detect | PREDICT | model=mnb | text='Selamat pagi semuanya, semoga hari ini menyenangkan.' | label=Normal | conf=0.682 | latency=1.5ms
2026-04-25 02:55:55 | INFO | hate_detect | PREDICT | model=mnb | text='Kamu ini bodoh sekali, tidak usah sok tahu.' | label=Normal | conf=0.500 | latency=0.0ms
2026-04-25 02:55:55 | INFO | hate_detect | PREDICT | model=mnb | text='Jangan kasih suara buat dia, dia pengkhianat.' | label=Hate Speech | conf=0.506 | latency=1.0ms
2026-04-25 02:55:55 | INFO | hate_detect | PREDICT | model=mnb | text='Dasar bego, gitu aja gak becus kerja!' | label=Hate Speech | conf=0.910 | latency=2.6ms
2026-04-25 02:55:55 | INFO | hate_detect | PREDICT | model=mnb | text='Usir saja orang-orang itu dari sini, mereka cuma bikin masal' | label=Hate Speech | conf=0.668 | latency=1.1ms
2026-04-25 02:55:55 | INFO | hate_detect | PREDICT | model=mnb | text='Selamat pagi semuanya, semoga hari ini menyenangkan.' | label=Normal | conf=0.682 | latency=1.6ms
2026-04-25 02:55:55 | INFO | hate_detect | PREDICT | model=mnb | text='Kamu ini bodoh sekali, tidak usah sok tahu.' | label=Normal | conf=0.500 | latency=0.0ms
2026-04-25 02:55:55 | INFO | hate_detect | PREDICT | model=mnb | text='Jangan kasih suara buat dia, dia pengkhianat.' | label=Hate Speech | conf=0.506 | latency=2.6ms
2026-04-25 02:55:55 | INFO | hate_detect | PREDICT | model=mnb | text='Dasar bego, gitu aja gak becus kerja!' | label=Hate Speech | conf=0.910 | latency=1.0ms
2026-04-25 02:55:55 | INFO | hate_detect | PREDICT | model=mnb | text='Usir saja orang-orang itu dari sini, mereka cuma bikin masal' | label=Hate Speech | conf=0.668 | latency=2.2ms
2026-04-25 02:55:55 | INFO | hate_detect | PREDICT | model=mnb | text='Selamat pagi semuanya, semoga hari ini menyenangkan.' | label=Normal | conf=0.682 | latency=1.6ms
2026-04-25 02:55:55 | INFO | hate_detect | PREDICT | model=mnb | text='Kamu ini bodoh sekali, tidak usah sok tahu.' | label=Normal | conf=0.500 | latency=0.0ms
2026-04-25 02:55:55 | INFO | hate_detect | PREDICT | model=mnb | text='Jangan kasih suara buat dia, dia pengkhianat.' | label=Hate Speech | conf=0.506 | latency=2.1ms
2026-04-25 02:55:55 | INFO | hate_detect | PREDICT | model=mnb | text='Dasar bego, gitu aja gak becus kerja!' | label=Hate Speech | conf=0.910 | latency=1.0ms
2026-04-25 02:55:55 | INFO | hate_detect | PREDICT | model=mnb | text='Usir saja orang-orang itu dari sini, mereka cuma bikin masal' | label=Hate Speech | conf=0.668 | latency=1.0ms
2026-04-25 02:55:55 | INFO | hate_detect | PREDICT | model=mnb | text='Selamat pagi semuanya, semoga hari ini menyenangkan.' | label=Normal | conf=0.682 | latency=1.6ms
2026-04-25 02:55:55 | INFO | hate_detect | PREDICT | model=mnb | text='Kamu ini bodoh sekali, tidak usah sok tahu.' | label=Normal | conf=0.500 | latency=0.0ms
2026-04-25 02:55:55 | INFO | hate_detect | PREDICT | model=mnb | text='Jangan kasih suara buat dia, dia pengkhianat.' | label=Hate Speech | conf=0.506 | latency=1.6ms
2026-04-25 02:55:55 | INFO | hate_detect | PREDICT | model=mnb | text='Dasar bego, gitu aja gak becus kerja!' | label=Hate Speech | conf=0.910 | latency=0.0ms
2026-04-25 02:55:55 | INFO | hate_detect | PREDICT | model=mnb | text='Usir saja orang-orang itu dari sini, mereka cuma bikin masal' | label=Hate Speech | conf=0.668 | latency=1.5ms
2026-04-25 02:55:55 | INFO | hate_detect | PREDICT | model=mnb | text='Selamat pagi semuanya, semoga hari ini menyenangkan.' | label=Normal | conf=0.682 | latency=0.0ms
2026-04-25 02:55:55 | INFO | hate_detect | PREDICT | model=mnb | text='Kamu ini bodoh sekali, tidak usah sok tahu.' | label=Normal | conf=0.500 | latency=0.0ms
2026-04-25 02:55:55 | INFO | hate_detect | PREDICT | model=mnb | text='Jangan kasih suara buat dia, dia pengkhianat.' | label=Hate Speech | conf=0.506 | latency=1.0ms
2026-04-25 02:55:55 | INFO | hate_detect | PREDICT | model=mnb | text='Dasar bego, gitu aja gak becus kerja!' | label=Hate Speech | conf=0.910 | latency=1.0ms
2026-04-25 02:55:55 | INFO | hate_detect | PREDICT | model=mnb | text='Usir saja orang-orang itu dari sini, mereka cuma bikin masal' | label=Hate Speech | conf=0.668 | latency=1.6ms
2026-04-25 02:55:55 | INFO | hate_detect | PREDICT | model=mnb | text='Selamat pagi semuanya, semoga hari ini menyenangkan.' | label=Normal | conf=0.682 | latency=0.5ms
2026-04-25 02:55:55 | INFO | hate_detect | PREDICT | model=mnb | text='Kamu ini bodoh sekali, tidak usah sok tahu.' | label=Normal | conf=0.500 | latency=0.0ms
2026-04-25 02:55:55 | INFO | hate_detect | PREDICT | model=mnb | text='Jangan kasih suara buat dia, dia pengkhianat.' | label=Hate Speech | conf=0.506 | latency=2.0ms
2026-04-25 02:55:55 | INFO | hate_detect | PREDICT | model=mnb | text='Dasar bego, gitu aja gak becus kerja!' | label=Hate Speech | conf=0.910 | latency=1.6ms
2026-04-25 02:55:55 | INFO | hate_detect | PREDICT | model=mnb | text='Usir saja orang-orang itu dari sini, mereka cuma bikin masal' | label=Hate Speech | conf=0.668 | latency=1.6ms
2026-04-25 02:55:55 | INFO | hate_detect | PREDICT | model=mnb | text='Selamat pagi semuanya, semoga hari ini menyenangkan.' | label=Normal | conf=0.682 | latency=3.2ms
2026-04-25 02:55:55 | INFO | hate_detect | PREDICT | model=mnb | text='Kamu ini bodoh sekali, tidak usah sok tahu.' | label=Normal | conf=0.500 | latency=0.0ms
2026-04-25 02:55:55 | INFO | hate_detect | PREDICT | model=mnb | text='Jangan kasih suara buat dia, dia pengkhianat.' | label=Hate Speech | conf=0.506 | latency=0.5ms
2026-04-25 02:55:55 | INFO | hate_detect | PREDICT | model=mnb | text='Dasar bego, gitu aja gak becus kerja!' | label=Hate Speech | conf=0.910 | latency=0.6ms
2026-04-25 02:55:55 | INFO | hate_detect | PREDICT | model=mnb | text='Usir saja orang-orang itu dari sini, mereka cuma bikin masal' | label=Hate Speech | conf=0.668 | latency=4.1ms
2026-04-25 02:55:55 | INFO | hate_detect | PREDICT | model=mnb | text='Selamat pagi semuanya, semoga hari ini menyenangkan.' | label=Normal | conf=0.682 | latency=2.3ms
2026-04-25 02:55:55 | INFO | hate_detect | PREDICT | model=mnb | text='Kamu ini bodoh sekali, tidak usah sok tahu.' | label=Normal | conf=0.500 | latency=0.0ms
2026-04-25 02:55:55 | INFO | hate_detect | PREDICT | model=mnb | text='Jangan kasih suara buat dia, dia pengkhianat.' | label=Hate Speech | conf=0.506 | latency=1.5ms
2026-04-25 02:55:55 | INFO | hate_detect | PREDICT | model=mnb | text='Dasar bego, gitu aja gak becus kerja!' | label=Hate Speech | conf=0.910 | latency=2.0ms
2026-04-25 02:55:55 | INFO | hate_detect | PREDICT | model=mnb | text='Usir saja orang-orang itu dari sini, mereka cuma bikin masal' | label=Hate Speech | conf=0.668 | latency=2.5ms
2026-04-25 02:55:55 | INFO | hate_detect | PREDICT | model=mnb | text='Selamat pagi semuanya, semoga hari ini menyenangkan.' | label=Normal | conf=0.682 | latency=2.5ms
2026-04-25 02:55:55 | INFO | hate_detect | PREDICT | model=mnb | text='Kamu ini bodoh sekali, tidak usah sok tahu.' | label=Normal | conf=0.500 | latency=0.0ms
2026-04-25 02:55:55 | INFO | hate_detect | PREDICT | model=mnb | text='Jangan kasih suara buat dia, dia pengkhianat.' | label=Hate Speech | conf=0.506 | latency=1.5ms
2026-04-25 02:55:55 | INFO | hate_detect | PREDICT | model=mnb | text='Dasar bego, gitu aja gak becus kerja!' | label=Hate Speech | conf=0.910 | latency=2.6ms
2026-04-25 02:55:55 | INFO | hate_detect | PREDICT | model=mnb | text='Usir saja orang-orang itu dari sini, mereka cuma bikin masal' | label=Hate Speech | conf=0.668 | latency=1.1ms
2026-04-25 02:55:55 | INFO | hate_detect | PREDICT | model=mnb | text='Selamat pagi semuanya, semoga hari ini menyenangkan.' | label=Normal | conf=0.682 | latency=4.8ms
2026-04-25 02:55:55 | INFO | hate_detect | PREDICT | model=mnb | text='Kamu ini bodoh sekali, tidak usah sok tahu.' | label=Normal | conf=0.500 | latency=0.0ms
2026-04-25 02:55:55 | INFO | hate_detect | PREDICT | model=mnb | text='Jangan kasih suara buat dia, dia pengkhianat.' | label=Hate Speech | conf=0.506 | latency=1.5ms
2026-04-25 02:55:55 | INFO | hate_detect | PREDICT | model=mnb | text='Dasar bego, gitu aja gak becus kerja!' | label=Hate Speech | conf=0.910 | latency=2.0ms
2026-04-25 02:55:55 | INFO | hate_detect | PREDICT | model=mnb | text='Usir saja orang-orang itu dari sini, mereka cuma bikin masal' | label=Hate Speech | conf=0.668 | latency=2.1ms
2026-04-25 02:55:55 | INFO | hate_detect | PREDICT | model=mnb | text='Selamat pagi semuanya, semoga hari ini menyenangkan.' | label=Normal | conf=0.682 | latency=1.6ms
2026-04-25 02:55:55 | INFO | hate_detect | PREDICT | model=mnb | text='Kamu ini bodoh sekali, tidak usah sok tahu.' | label=Normal | conf=0.500 | latency=0.0ms
2026-04-25 02:55:55 | INFO | hate_detect | PREDICT | model=mnb | text='Jangan kasih suara buat dia, dia pengkhianat.' | label=Hate Speech | conf=0.506 | latency=2.0ms
2026-04-25 02:55:55 | INFO | hate_detect | PREDICT | model=mnb | text='Dasar bego, gitu aja gak becus kerja!' | label=Hate Speech | conf=0.910 | latency=1.0ms
2026-04-25 02:55:55 | INFO | hate_detect | PREDICT | model=mnb | text='Usir saja orang-orang itu dari sini, mereka cuma bikin masal' | label=Hate Speech | conf=0.668 | latency=1.0ms
2026-04-25 02:55:55 | INFO | hate_detect | PREDICT | model=mnb | text='Selamat pagi semuanya, semoga hari ini menyenangkan.' | label=Normal | conf=0.682 | latency=1.0ms
2026-04-25 02:55:55 | INFO | hate_detect | PREDICT | model=mnb | text='Kamu ini bodoh sekali, tidak usah sok tahu.' | label=Normal | conf=0.500 | latency=0.0ms
2026-04-25 02:55:55 | INFO | hate_detect | PREDICT | model=mnb | text='Jangan kasih suara buat dia, dia pengkhianat.' | label=Hate Speech | conf=0.506 | latency=0.0ms
2026-04-25 02:55:55 | INFO | hate_detect | PREDICT | model=mnb | text='Dasar bego, gitu aja gak becus kerja!' | label=Hate Speech | conf=0.910 | latency=4.2ms
2026-04-25 02:55:55 | INFO | hate_detect | PREDICT | model=mnb | text='Usir saja orang-orang itu dari sini, mereka cuma bikin masal' | label=Hate Speech | conf=0.668 | latency=1.0ms
2026-04-25 02:55:55 | INFO | hate_detect | PREDICT | model=mnb | text='Selamat pagi semuanya, semoga hari ini menyenangkan.' | label=Normal | conf=0.682 | latency=1.5ms
2026-04-25 02:55:55 | INFO | hate_detect | PREDICT | model=mnb | text='Kamu ini bodoh sekali, tidak usah sok tahu.' | label=Normal | conf=0.500 | latency=0.0ms
2026-04-25 02:55:55 | INFO | hate_detect | PREDICT | model=mnb | text='Jangan kasih suara buat dia, dia pengkhianat.' | label=Hate Speech | conf=0.506 | latency=2.6ms
2026-04-25 02:55:55 | INFO | hate_detect | PREDICT | model=mnb | text='Dasar bego, gitu aja gak becus kerja!' | label=Hate Speech | conf=0.910 | latency=2.0ms
2026-04-25 02:55:55 | INFO | hate_detect | PREDICT | model=mnb | text='Usir saja orang-orang itu dari sini, mereka cuma bikin masal' | label=Hate Speech | conf=0.668 | latency=2.0ms
2026-04-25 02:55:55 | INFO | hate_detect | PREDICT | model=mnb | text='Selamat pagi semuanya, semoga hari ini menyenangkan.' | label=Normal | conf=0.682 | latency=1.5ms
2026-04-25 02:55:55 | INFO | hate_detect | PREDICT | model=mnb | text='Kamu ini bodoh sekali, tidak usah sok tahu.' | label=Normal | conf=0.500 | latency=0.0ms
2026-04-25 02:55:55 | INFO | hate_detect | PREDICT | model=mnb | text='Jangan kasih suara buat dia, dia pengkhianat.' | label=Hate Speech | conf=0.506 | latency=0.5ms
2026-04-25 02:55:55 | INFO | hate_detect | PREDICT | model=mnb | text='Dasar bego, gitu aja gak becus kerja!' | label=Hate Speech | conf=0.910 | latency=2.0ms
2026-04-25 02:55:55 | INFO | hate_detect | PREDICT | model=mnb | text='Usir saja orang-orang itu dari sini, mereka cuma bikin masal' | label=Hate Speech | conf=0.668 | latency=1.5ms
2026-04-25 02:55:55 | INFO | hate_detect | PREDICT | model=mnb | text='Selamat pagi semuanya, semoga hari ini menyenangkan.' | label=Normal | conf=0.682 | latency=0.6ms
2026-04-25 02:55:55 | INFO | hate_detect | PREDICT | model=mnb | text='Kamu ini bodoh sekali, tidak usah sok tahu.' | label=Normal | conf=0.500 | latency=0.0ms
2026-04-25 02:55:55 | INFO | hate_detect | PREDICT | model=mnb | text='Jangan kasih suara buat dia, dia pengkhianat.' | label=Hate Speech | conf=0.506 | latency=0.5ms
2026-04-25 02:55:55 | INFO | hate_detect | PREDICT | model=mnb | text='Dasar bego, gitu aja gak becus kerja!' | label=Hate Speech | conf=0.910 | latency=1.0ms
2026-04-25 02:55:55 | INFO | hate_detect | PREDICT | model=mnb | text='Usir saja orang-orang itu dari sini, mereka cuma bikin masal' | label=Hate Speech | conf=0.668 | latency=1.0ms
2026-04-25 02:55:55 | INFO | hate_detect | PREDICT | model=mnb | text='Selamat pagi semuanya, semoga hari ini menyenangkan.' | label=Normal | conf=0.682 | latency=1.5ms
2026-04-25 02:55:55 | INFO | hate_detect | PREDICT | model=mnb | text='Kamu ini bodoh sekali, tidak usah sok tahu.' | label=Normal | conf=0.500 | latency=0.0ms
2026-04-25 02:55:55 | INFO | hate_detect | PREDICT | model=mnb | text='Jangan kasih suara buat dia, dia pengkhianat.' | label=Hate Speech | conf=0.506 | latency=1.6ms
2026-04-25 02:55:55 | INFO | hate_detect | PREDICT | model=mnb | text='Dasar bego, gitu aja gak becus kerja!' | label=Hate Speech | conf=0.910 | latency=1.0ms
2026-04-25 02:55:55 | INFO | hate_detect | PREDICT | model=mnb | text='Usir saja orang-orang itu dari sini, mereka cuma bikin masal' | label=Hate Speech | conf=0.668 | latency=1.0ms
2026-04-25 02:55:55 | INFO | hate_detect | PREDICT | model=mnb | text='Selamat pagi semuanya, semoga hari ini menyenangkan.' | label=Normal | conf=0.682 | latency=1.0ms
2026-04-25 02:55:55 | INFO | hate_detect | PREDICT | model=mnb | text='Kamu ini bodoh sekali, tidak usah sok tahu.' | label=Normal | conf=0.500 | latency=0.0ms
2026-04-25 02:55:55 | INFO | hate_detect | PREDICT | model=mnb | text='Jangan kasih suara buat dia, dia pengkhianat.' | label=Hate Speech | conf=0.506 | latency=1.0ms
2026-04-25 02:55:55 | INFO | hate_detect | PREDICT | model=mnb | text='Dasar bego, gitu aja gak becus kerja!' | label=Hate Speech | conf=0.910 | latency=2.0ms
2026-04-25 02:55:55 | INFO | hate_detect | PREDICT | model=mnb | text='Usir saja orang-orang itu dari sini, mereka cuma bikin masal' | label=Hate Speech | conf=0.668 | latency=0.5ms
2026-04-25 02:55:55 | INFO | hate_detect | PREDICT | model=mnb | text='Selamat pagi semuanya, semoga hari ini menyenangkan.' | label=Normal | conf=0.682 | latency=1.0ms
2026-04-25 02:55:55 | INFO | hate_detect | PREDICT | model=mnb | text='Kamu ini bodoh sekali, tidak usah sok tahu.' | label=Normal | conf=0.500 | latency=0.0ms
2026-04-25 02:55:55 | INFO | hate_detect | PREDICT | model=mnb | text='Jangan kasih suara buat dia, dia pengkhianat.' | label=Hate Speech | conf=0.506 | latency=1.5ms
2026-04-25 02:55:55 | INFO | hate_detect | PREDICT | model=mnb | text='Dasar bego, gitu aja gak becus kerja!' | label=Hate Speech | conf=0.910 | latency=2.0ms
2026-04-25 02:55:55 | INFO | hate_detect | PREDICT | model=mnb | text='Usir saja orang-orang itu dari sini, mereka cuma bikin masal' | label=Hate Speech | conf=0.668 | latency=2.5ms
2026-04-25 02:55:55 | INFO | hate_detect | PREDICT | model=mnb | text='Selamat pagi semuanya, semoga hari ini menyenangkan.' | label=Normal | conf=0.682 | latency=1.6ms
2026-04-25 02:55:55 | INFO | hate_detect | PREDICT | model=mnb | text='Kamu ini bodoh sekali, tidak usah sok tahu.' | label=Normal | conf=0.500 | latency=0.0ms
2026-04-25 02:55:55 | INFO | hate_detect | PREDICT | model=mnb | text='Jangan kasih suara buat dia, dia pengkhianat.' | label=Hate Speech | conf=0.506 | latency=3.9ms
2026-04-25 02:55:55 | INFO | hate_detect | PREDICT | model=mnb | text='Dasar bego, gitu aja gak becus kerja!' | label=Hate Speech | conf=0.910 | latency=2.2ms
2026-04-25 02:55:55 | INFO | hate_detect | PREDICT | model=mnb | text='Usir saja orang-orang itu dari sini, mereka cuma bikin masal' | label=Hate Speech | conf=0.668 | latency=1.5ms
2026-04-25 02:55:55 | INFO | hate_detect | PREDICT | model=mnb | text='Selamat pagi semuanya, semoga hari ini menyenangkan.' | label=Normal | conf=0.682 | latency=1.6ms
2026-04-25 02:55:55 | INFO | hate_detect | PREDICT | model=mnb | text='Kamu ini bodoh sekali, tidak usah sok tahu.' | label=Normal | conf=0.500 | latency=0.0ms
2026-04-25 02:55:55 | INFO | hate_detect | PREDICT | model=mnb | text='Jangan kasih suara buat dia, dia pengkhianat.' | label=Hate Speech | conf=0.506 | latency=2.8ms
2026-04-25 02:55:55 | INFO | hate_detect | PREDICT | model=mnb | text='Dasar bego, gitu aja gak becus kerja!' | label=Hate Speech | conf=0.910 | latency=1.0ms
2026-04-25 02:55:55 | INFO | hate_detect | PREDICT | model=mnb | text='Usir saja orang-orang itu dari sini, mereka cuma bikin masal' | label=Hate Speech | conf=0.668 | latency=0.6ms
2026-04-25 02:55:55 | INFO | hate_detect | PREDICT | model=mnb | text='Selamat pagi semuanya, semoga hari ini menyenangkan.' | label=Normal | conf=0.682 | latency=1.0ms
2026-04-25 02:55:55 | INFO | hate_detect | PREDICT | model=mnb | text='Kamu ini bodoh sekali, tidak usah sok tahu.' | label=Normal | conf=0.500 | latency=0.0ms
2026-04-25 02:55:55 | INFO | hate_detect | PREDICT | model=mnb | text='Jangan kasih suara buat dia, dia pengkhianat.' | label=Hate Speech | conf=0.506 | latency=1.6ms
2026-04-25 02:55:55 | INFO | hate_detect | PREDICT | model=mnb | text='Dasar bego, gitu aja gak becus kerja!' | label=Hate Speech | conf=0.910 | latency=1.0ms
2026-04-25 02:55:55 | INFO | hate_detect | PREDICT | model=mnb | text='Usir saja orang-orang itu dari sini, mereka cuma bikin masal' | label=Hate Speech | conf=0.668 | latency=1.1ms
2026-04-25 02:55:55 | INFO | hate_detect | PREDICT | model=mnb | text='Selamat pagi semuanya, semoga hari ini menyenangkan.' | label=Normal | conf=0.682 | latency=0.0ms
2026-04-25 02:55:55 | INFO | hate_detect | PREDICT | model=mnb | text='Kamu ini bodoh sekali, tidak usah sok tahu.' | label=Normal | conf=0.500 | latency=0.0ms
2026-04-25 02:55:55 | INFO | hate_detect | PREDICT | model=mnb | text='Jangan kasih suara buat dia, dia pengkhianat.' | label=Hate Speech | conf=0.506 | latency=1.5ms
2026-04-25 02:55:55 | INFO | hate_detect | PREDICT | model=mnb | text='Dasar bego, gitu aja gak becus kerja!' | label=Hate Speech | conf=0.910 | latency=1.5ms
2026-04-25 02:55:55 | INFO | hate_detect | PREDICT | model=mnb | text='Usir saja orang-orang itu dari sini, mereka cuma bikin masal' | label=Hate Speech | conf=0.668 | latency=1.0ms
2026-04-25 02:55:55 | INFO | hate_detect | PREDICT | model=mnb | text='Selamat pagi semuanya, semoga hari ini menyenangkan.' | label=Normal | conf=0.682 | latency=1.6ms
2026-04-25 02:55:55 | INFO | hate_detect | PREDICT | model=mnb | text='Kamu ini bodoh sekali, tidak usah sok tahu.' | label=Normal | conf=0.500 | latency=0.0ms
2026-04-25 02:55:55 | INFO | hate_detect | PREDICT | model=mnb | text='Jangan kasih suara buat dia, dia pengkhianat.' | label=Hate Speech | conf=0.506 | latency=1.6ms
2026-04-25 02:55:55 | INFO | hate_detect | PREDICT | model=mnb | text='Dasar bego, gitu aja gak becus kerja!' | label=Hate Speech | conf=0.910 | latency=1.1ms
2026-04-25 02:55:55 | INFO | hate_detect | PREDICT | model=mnb | text='Usir saja orang-orang itu dari sini, mereka cuma bikin masal' | label=Hate Speech | conf=0.668 | latency=1.1ms
2026-04-25 02:55:55 | INFO | hate_detect | PREDICT | model=mnb | text='Selamat pagi semuanya, semoga hari ini menyenangkan.' | label=Normal | conf=0.682 | latency=2.0ms
2026-04-25 02:55:55 | INFO | hate_detect | PREDICT | model=mnb | text='Kamu ini bodoh sekali, tidak usah sok tahu.' | label=Normal | conf=0.500 | latency=0.0ms
2026-04-25 02:55:55 | INFO | hate_detect | PREDICT | model=mnb | text='Jangan kasih suara buat dia, dia pengkhianat.' | label=Hate Speech | conf=0.506 | latency=1.0ms
2026-04-25 02:55:55 | INFO | hate_detect | PREDICT | model=mnb | text='Dasar bego, gitu aja gak becus kerja!' | label=Hate Speech | conf=0.910 | latency=1.6ms
2026-04-25 02:55:55 | INFO | hate_detect | PREDICT | model=mnb | text='Usir saja orang-orang itu dari sini, mereka cuma bikin masal' | label=Hate Speech | conf=0.668 | latency=1.0ms
2026-04-25 02:55:55 | INFO | hate_detect | PREDICT | model=mnb | text='Selamat pagi semuanya, semoga hari ini menyenangkan.' | label=Normal | conf=0.682 | latency=1.0ms
2026-04-25 02:55:55 | INFO | hate_detect | PREDICT | model=mnb | text='Kamu ini bodoh sekali, tidak usah sok tahu.' | label=Normal | conf=0.500 | latency=0.0ms
2026-04-25 02:55:55 | INFO | hate_detect | PREDICT | model=mnb | text='Jangan kasih suara buat dia, dia pengkhianat.' | label=Hate Speech | conf=0.506 | latency=0.7ms
2026-04-25 02:55:55 | INFO | hate_detect | PREDICT | model=mnb | text='Dasar bego, gitu aja gak becus kerja!' | label=Hate Speech | conf=0.910 | latency=1.1ms
2026-04-25 02:55:55 | INFO | hate_detect | PREDICT | model=mnb | text='Usir saja orang-orang itu dari sini, mereka cuma bikin masal' | label=Hate Speech | conf=0.668 | latency=2.1ms
2026-04-25 02:55:55 | INFO | hate_detect | PREDICT | model=mnb | text='Selamat pagi semuanya, semoga hari ini menyenangkan.' | label=Normal | conf=0.682 | latency=1.6ms
2026-04-25 02:55:55 | INFO | hate_detect | PREDICT | model=mnb | text='Kamu ini bodoh sekali, tidak usah sok tahu.' | label=Normal | conf=0.500 | latency=0.0ms
2026-04-25 02:55:55 | INFO | hate_detect | PREDICT | model=mnb | text='Jangan kasih suara buat dia, dia pengkhianat.' | label=Hate Speech | conf=0.506 | latency=1.6ms
2026-04-25 02:55:55 | INFO | hate_detect | PREDICT | model=mnb | text='Dasar bego, gitu aja gak becus kerja!' | label=Hate Speech | conf=0.910 | latency=1.1ms
2026-04-25 02:55:55 | INFO | hate_detect | PREDICT | model=mnb | text='Usir saja orang-orang itu dari sini, mereka cuma bikin masal' | label=Hate Speech | conf=0.668 | latency=2.0ms
2026-04-25 02:55:55 | INFO | hate_detect | PREDICT | model=mnb | text='Selamat pagi semuanya, semoga hari ini menyenangkan.' | label=Normal | conf=0.682 | latency=1.0ms
2026-04-25 02:55:55 | INFO | hate_detect | PREDICT | model=mnb | text='Kamu ini bodoh sekali, tidak usah sok tahu.' | label=Normal | conf=0.500 | latency=0.0ms
2026-04-25 02:55:55 | INFO | hate_detect | PREDICT | model=mnb | text='Jangan kasih suara buat dia, dia pengkhianat.' | label=Hate Speech | conf=0.506 | latency=1.1ms
2026-04-25 02:55:55 | INFO | hate_detect | PREDICT | model=mnb | text='Dasar bego, gitu aja gak becus kerja!' | label=Hate Speech | conf=0.910 | latency=1.3ms
2026-04-25 02:55:55 | INFO | hate_detect | PREDICT | model=mnb | text='Usir saja orang-orang itu dari sini, mereka cuma bikin masal' | label=Hate Speech | conf=0.668 | latency=2.1ms
2026-04-25 02:55:55 | INFO | hate_detect | PREDICT | model=mnb | text='Selamat pagi semuanya, semoga hari ini menyenangkan.' | label=Normal | conf=0.682 | latency=1.1ms
2026-04-25 02:55:55 | INFO | hate_detect | PREDICT | model=mnb | text='Kamu ini bodoh sekali, tidak usah sok tahu.' | label=Normal | conf=0.500 | latency=0.0ms
2026-04-25 02:55:55 | INFO | hate_detect | PREDICT | model=mnb | text='Jangan kasih suara buat dia, dia pengkhianat.' | label=Hate Speech | conf=0.506 | latency=2.1ms
2026-04-25 02:55:55 | INFO | hate_detect | PREDICT | model=mnb | text='Dasar bego, gitu aja gak becus kerja!' | label=Hate Speech | conf=0.910 | latency=3.4ms
2026-04-25 02:55:55 | INFO | hate_detect | PREDICT | model=mnb | text='Usir saja orang-orang itu dari sini, mereka cuma bikin masal' | label=Hate Speech | conf=0.668 | latency=1.0ms
2026-04-25 02:55:55 | INFO | hate_detect | PREDICT | model=mnb | text='Selamat pagi semuanya, semoga hari ini menyenangkan.' | label=Normal | conf=0.682 | latency=1.0ms
2026-04-25 02:55:55 | INFO | hate_detect | PREDICT | model=mnb | text='Kamu ini bodoh sekali, tidak usah sok tahu.' | label=Normal | conf=0.500 | latency=0.0ms
2026-04-25 02:55:55 | INFO | hate_detect | PREDICT | model=mnb | text='Jangan kasih suara buat dia, dia pengkhianat.' | label=Hate Speech | conf=0.506 | latency=1.2ms
2026-04-25 02:55:55 | INFO | hate_detect | PREDICT | model=mnb | text='Dasar bego, gitu aja gak becus kerja!' | label=Hate Speech | conf=0.910 | latency=0.0ms
2026-04-25 02:55:55 | INFO | hate_detect | PREDICT | model=mnb | text='Usir saja orang-orang itu dari sini, mereka cuma bikin masal' | label=Hate Speech | conf=0.668 | latency=1.0ms
2026-04-25 02:55:55 | INFO | hate_detect | PREDICT | model=mnb | text='Selamat pagi semuanya, semoga hari ini menyenangkan.' | label=Normal | conf=0.682 | latency=1.5ms
2026-04-25 02:55:55 | INFO | hate_detect | PREDICT | model=mnb | text='Kamu ini bodoh sekali, tidak usah sok tahu.' | label=Normal | conf=0.500 | latency=0.0ms
2026-04-25 02:55:55 | INFO | hate_detect | PREDICT | model=mnb | text='Jangan kasih suara buat dia, dia pengkhianat.' | label=Hate Speech | conf=0.506 | latency=2.6ms
2026-04-25 02:55:55 | INFO | hate_detect | PREDICT | model=mnb | text='Dasar bego, gitu aja gak becus kerja!' | label=Hate Speech | conf=0.910 | latency=1.0ms
2026-04-25 02:55:55 | INFO | hate_detect | PREDICT | model=mnb | text='Usir saja orang-orang itu dari sini, mereka cuma bikin masal' | label=Hate Speech | conf=0.668 | latency=1.0ms
2026-04-25 02:55:55 | INFO | hate_detect | PREDICT | model=mnb | text='Selamat pagi semuanya, semoga hari ini menyenangkan.' | label=Normal | conf=0.682 | latency=0.0ms
2026-04-25 02:55:55 | INFO | hate_detect | PREDICT | model=mnb | text='Kamu ini bodoh sekali, tidak usah sok tahu.' | label=Normal | conf=0.500 | latency=0.0ms
2026-04-25 02:55:55 | INFO | hate_detect | PREDICT | model=mnb | text='Jangan kasih suara buat dia, dia pengkhianat.' | label=Hate Speech | conf=0.506 | latency=2.3ms
2026-04-25 02:55:55 | INFO | hate_detect | PREDICT | model=mnb | text='Dasar bego, gitu aja gak becus kerja!' | label=Hate Speech | conf=0.910 | latency=1.8ms
2026-04-25 02:55:55 | INFO | hate_detect | PREDICT | model=mnb | text='Usir saja orang-orang itu dari sini, mereka cuma bikin masal' | label=Hate Speech | conf=0.668 | latency=2.4ms
2026-04-25 02:55:55 | INFO | hate_detect | PREDICT | model=mnb | text='Selamat pagi semuanya, semoga hari ini menyenangkan.' | label=Normal | conf=0.682 | latency=1.0ms
2026-04-25 02:55:55 | INFO | hate_detect | PREDICT | model=mnb | text='Kamu ini bodoh sekali, tidak usah sok tahu.' | label=Normal | conf=0.500 | latency=0.0ms
2026-04-25 02:55:55 | INFO | hate_detect | PREDICT | model=mnb | text='Jangan kasih suara buat dia, dia pengkhianat.' | label=Hate Speech | conf=0.506 | latency=2.0ms
2026-04-25 02:55:56 | INFO | hate_detect | PREDICT | model=mnb | text='Dasar bego, gitu aja gak becus kerja!' | label=Hate Speech | conf=0.910 | latency=2.3ms
2026-04-25 02:55:56 | INFO | hate_detect | PREDICT | model=mnb | text='Usir saja orang-orang itu dari sini, mereka cuma bikin masal' | label=Hate Speech | conf=0.668 | latency=2.1ms
2026-04-25 02:55:56 | INFO | hate_detect | PREDICT | model=mnb | text='Selamat pagi semuanya, semoga hari ini menyenangkan.' | label=Normal | conf=0.682 | latency=2.5ms
2026-04-25 02:55:56 | INFO | hate_detect | PREDICT | model=mnb | text='Kamu ini bodoh sekali, tidak usah sok tahu.' | label=Normal | conf=0.500 | latency=0.0ms
2026-04-25 02:55:56 | INFO | hate_detect | PREDICT | model=mnb | text='Jangan kasih suara buat dia, dia pengkhianat.' | label=Hate Speech | conf=0.506 | latency=1.0ms
2026-04-25 02:55:56 | INFO | hate_detect | PREDICT | model=mnb | text='Dasar bego, gitu aja gak becus kerja!' | label=Hate Speech | conf=0.910 | latency=2.7ms
2026-04-25 02:55:56 | INFO | hate_detect | PREDICT | model=mnb | text='Usir saja orang-orang itu dari sini, mereka cuma bikin masal' | label=Hate Speech | conf=0.668 | latency=0.0ms
2026-04-25 02:55:56 | INFO | hate_detect | PREDICT | model=mnb | text='Selamat pagi semuanya, semoga hari ini menyenangkan.' | label=Normal | conf=0.682 | latency=1.6ms
2026-04-25 02:55:56 | INFO | hate_detect | PREDICT | model=mnb | text='Kamu ini bodoh sekali, tidak usah sok tahu.' | label=Normal | conf=0.500 | latency=0.0ms
2026-04-25 02:55:56 | INFO | hate_detect | PREDICT | model=mnb | text='Jangan kasih suara buat dia, dia pengkhianat.' | label=Hate Speech | conf=0.506 | latency=2.5ms
2026-04-25 02:55:56 | INFO | hate_detect | PREDICT | model=mnb | text='Dasar bego, gitu aja gak becus kerja!' | label=Hate Speech | conf=0.910 | latency=1.6ms
2026-04-25 02:55:56 | INFO | hate_detect | PREDICT | model=mnb | text='Usir saja orang-orang itu dari sini, mereka cuma bikin masal' | label=Hate Speech | conf=0.668 | latency=1.0ms
2026-04-25 02:55:56 | INFO | hate_detect | PREDICT | model=mnb | text='Selamat pagi semuanya, semoga hari ini menyenangkan.' | label=Normal | conf=0.682 | latency=1.0ms
2026-04-25 02:55:56 | INFO | hate_detect | PREDICT | model=mnb | text='Kamu ini bodoh sekali, tidak usah sok tahu.' | label=Normal | conf=0.500 | latency=0.0ms
2026-04-25 02:55:56 | INFO | hate_detect | PREDICT | model=mnb | text='Jangan kasih suara buat dia, dia pengkhianat.' | label=Hate Speech | conf=0.506 | latency=2.1ms
2026-04-25 02:55:56 | INFO | hate_detect | PREDICT | model=mnb | text='Dasar bego, gitu aja gak becus kerja!' | label=Hate Speech | conf=0.910 | latency=1.0ms
2026-04-25 02:55:56 | INFO | hate_detect | PREDICT | model=mnb | text='Usir saja orang-orang itu dari sini, mereka cuma bikin masal' | label=Hate Speech | conf=0.668 | latency=0.5ms
2026-04-25 02:55:56 | INFO | hate_detect | PREDICT | model=mnb | text='Selamat pagi semuanya, semoga hari ini menyenangkan.' | label=Normal | conf=0.682 | latency=1.0ms
2026-04-25 02:55:56 | INFO | hate_detect | PREDICT | model=mnb | text='Kamu ini bodoh sekali, tidak usah sok tahu.' | label=Normal | conf=0.500 | latency=0.0ms
2026-04-25 02:55:56 | INFO | hate_detect | PREDICT | model=mnb | text='Jangan kasih suara buat dia, dia pengkhianat.' | label=Hate Speech | conf=0.506 | latency=2.6ms
2026-04-25 02:55:56 | INFO | hate_detect | PREDICT | model=mnb | text='Dasar bego, gitu aja gak becus kerja!' | label=Hate Speech | conf=0.910 | latency=1.0ms
2026-04-25 02:55:56 | INFO | hate_detect | PREDICT | model=mnb | text='Usir saja orang-orang itu dari sini, mereka cuma bikin masal' | label=Hate Speech | conf=0.668 | latency=1.0ms
2026-04-25 02:55:56 | INFO | hate_detect | PREDICT | model=mnb | text='Selamat pagi semuanya, semoga hari ini menyenangkan.' | label=Normal | conf=0.682 | latency=1.6ms
2026-04-25 02:55:56 | INFO | hate_detect | PREDICT | model=mnb | text='Kamu ini bodoh sekali, tidak usah sok tahu.' | label=Normal | conf=0.500 | latency=0.0ms
2026-04-25 02:55:56 | INFO | hate_detect | PREDICT | model=mnb | text='Jangan kasih suara buat dia, dia pengkhianat.' | label=Hate Speech | conf=0.506 | latency=1.0ms
2026-04-25 02:55:56 | INFO | hate_detect | PREDICT | model=mnb | text='Dasar bego, gitu aja gak becus kerja!' | label=Hate Speech | conf=0.910 | latency=1.5ms
2026-04-25 02:55:56 | INFO | hate_detect | PREDICT | model=mnb | text='Usir saja orang-orang itu dari sini, mereka cuma bikin masal' | label=Hate Speech | conf=0.668 | latency=1.0ms
2026-04-25 02:55:56 | INFO | hate_detect | PREDICT | model=mnb | text='Selamat pagi semuanya, semoga hari ini menyenangkan.' | label=Normal | conf=0.682 | latency=2.0ms
2026-04-25 02:55:56 | INFO | hate_detect | PREDICT | model=mnb | text='Kamu ini bodoh sekali, tidak usah sok tahu.' | label=Normal | conf=0.500 | latency=0.0ms
2026-04-25 02:55:56 | INFO | hate_detect | PREDICT | model=mnb | text='Jangan kasih suara buat dia, dia pengkhianat.' | label=Hate Speech | conf=0.506 | latency=1.6ms
2026-04-25 02:55:56 | INFO | hate_detect | PREDICT | model=cnb | text='Dasar bego, gitu aja gak becus kerja!' | label=Hate Speech | conf=0.740 | latency=1.2ms
2026-04-25 02:55:56 | INFO | hate_detect | PREDICT | model=cnb | text='Usir saja orang-orang itu dari sini, mereka cuma bikin masal' | label=Hate Speech | conf=0.511 | latency=1.6ms
2026-04-25 02:55:56 | INFO | hate_detect | PREDICT | model=cnb | text='Selamat pagi semuanya, semoga hari ini menyenangkan.' | label=Normal | conf=0.461 | latency=2.5ms
2026-04-25 02:55:56 | INFO | hate_detect | PREDICT | model=cnb | text='Kamu ini bodoh sekali, tidak usah sok tahu.' | label=Normal | conf=0.500 | latency=0.0ms
2026-04-25 02:55:56 | INFO | hate_detect | PREDICT | model=cnb | text='Jangan kasih suara buat dia, dia pengkhianat.' | label=Hate Speech | conf=0.434 | latency=3.8ms
2026-04-25 02:55:56 | INFO | hate_detect | PREDICT | model=cnb | text='Dasar bego, gitu aja gak becus kerja!' | label=Hate Speech | conf=0.740 | latency=2.9ms
2026-04-25 02:55:56 | INFO | hate_detect | PREDICT | model=cnb | text='Usir saja orang-orang itu dari sini, mereka cuma bikin masal' | label=Hate Speech | conf=0.511 | latency=1.0ms
2026-04-25 02:55:56 | INFO | hate_detect | PREDICT | model=cnb | text='Selamat pagi semuanya, semoga hari ini menyenangkan.' | label=Normal | conf=0.461 | latency=2.1ms
2026-04-25 02:55:56 | INFO | hate_detect | PREDICT | model=cnb | text='Kamu ini bodoh sekali, tidak usah sok tahu.' | label=Normal | conf=0.500 | latency=0.0ms
2026-04-25 02:55:56 | INFO | hate_detect | PREDICT | model=cnb | text='Jangan kasih suara buat dia, dia pengkhianat.' | label=Hate Speech | conf=0.434 | latency=2.0ms
2026-04-25 02:55:56 | INFO | hate_detect | PREDICT | model=cnb | text='Dasar bego, gitu aja gak becus kerja!' | label=Hate Speech | conf=0.740 | latency=1.0ms
2026-04-25 02:55:56 | INFO | hate_detect | PREDICT | model=cnb | text='Usir saja orang-orang itu dari sini, mereka cuma bikin masal' | label=Hate Speech | conf=0.511 | latency=0.6ms
2026-04-25 02:55:56 | INFO | hate_detect | PREDICT | model=cnb | text='Selamat pagi semuanya, semoga hari ini menyenangkan.' | label=Normal | conf=0.461 | latency=2.3ms
2026-04-25 02:55:56 | INFO | hate_detect | PREDICT | model=cnb | text='Kamu ini bodoh sekali, tidak usah sok tahu.' | label=Normal | conf=0.500 | latency=0.0ms
2026-04-25 02:55:56 | INFO | hate_detect | PREDICT | model=cnb | text='Jangan kasih suara buat dia, dia pengkhianat.' | label=Hate Speech | conf=0.434 | latency=2.1ms
2026-04-25 02:55:56 | INFO | hate_detect | PREDICT | model=cnb | text='Dasar bego, gitu aja gak becus kerja!' | label=Hate Speech | conf=0.740 | latency=3.1ms
2026-04-25 02:55:56 | INFO | hate_detect | PREDICT | model=cnb | text='Usir saja orang-orang itu dari sini, mereka cuma bikin masal' | label=Hate Speech | conf=0.511 | latency=1.5ms
2026-04-25 02:55:56 | INFO | hate_detect | PREDICT | model=cnb | text='Selamat pagi semuanya, semoga hari ini menyenangkan.' | label=Normal | conf=0.461 | latency=1.1ms
2026-04-25 02:55:56 | INFO | hate_detect | PREDICT | model=cnb | text='Kamu ini bodoh sekali, tidak usah sok tahu.' | label=Normal | conf=0.500 | latency=0.0ms
2026-04-25 02:55:56 | INFO | hate_detect | PREDICT | model=cnb | text='Jangan kasih suara buat dia, dia pengkhianat.' | label=Hate Speech | conf=0.434 | latency=1.5ms
2026-04-25 02:55:56 | INFO | hate_detect | PREDICT | model=cnb | text='Dasar bego, gitu aja gak becus kerja!' | label=Hate Speech | conf=0.740 | latency=1.0ms
2026-04-25 02:55:56 | INFO | hate_detect | PREDICT | model=cnb | text='Usir saja orang-orang itu dari sini, mereka cuma bikin masal' | label=Hate Speech | conf=0.511 | latency=2.0ms
2026-04-25 02:55:56 | INFO | hate_detect | PREDICT | model=cnb | text='Selamat pagi semuanya, semoga hari ini menyenangkan.' | label=Normal | conf=0.461 | latency=1.5ms
2026-04-25 02:55:56 | INFO | hate_detect | PREDICT | model=cnb | text='Kamu ini bodoh sekali, tidak usah sok tahu.' | label=Normal | conf=0.500 | latency=0.0ms
2026-04-25 02:55:56 | INFO | hate_detect | PREDICT | model=cnb | text='Jangan kasih suara buat dia, dia pengkhianat.' | label=Hate Speech | conf=0.434 | latency=0.0ms
2026-04-25 02:55:56 | INFO | hate_detect | PREDICT | model=cnb | text='Dasar bego, gitu aja gak becus kerja!' | label=Hate Speech | conf=0.740 | latency=1.5ms
2026-04-25 02:55:56 | INFO | hate_detect | PREDICT | model=cnb | text='Usir saja orang-orang itu dari sini, mereka cuma bikin masal' | label=Hate Speech | conf=0.511 | latency=2.0ms
2026-04-25 02:55:56 | INFO | hate_detect | PREDICT | model=cnb | text='Selamat pagi semuanya, semoga hari ini menyenangkan.' | label=Normal | conf=0.461 | latency=2.0ms
2026-04-25 02:55:56 | INFO | hate_detect | PREDICT | model=cnb | text='Kamu ini bodoh sekali, tidak usah sok tahu.' | label=Normal | conf=0.500 | latency=0.0ms
2026-04-25 02:55:56 | INFO | hate_detect | PREDICT | model=cnb | text='Jangan kasih suara buat dia, dia pengkhianat.' | label=Hate Speech | conf=0.434 | latency=2.4ms
2026-04-25 02:55:56 | INFO | hate_detect | PREDICT | model=cnb | text='Dasar bego, gitu aja gak becus kerja!' | label=Hate Speech | conf=0.740 | latency=1.4ms
2026-04-25 02:55:56 | INFO | hate_detect | PREDICT | model=cnb | text='Usir saja orang-orang itu dari sini, mereka cuma bikin masal' | label=Hate Speech | conf=0.511 | latency=2.0ms
2026-04-25 02:55:56 | INFO | hate_detect | PREDICT | model=cnb | text='Selamat pagi semuanya, semoga hari ini menyenangkan.' | label=Normal | conf=0.461 | latency=2.5ms
2026-04-25 02:55:56 | INFO | hate_detect | PREDICT | model=cnb | text='Kamu ini bodoh sekali, tidak usah sok tahu.' | label=Normal | conf=0.500 | latency=0.0ms
2026-04-25 02:55:56 | INFO | hate_detect | PREDICT | model=cnb | text='Jangan kasih suara buat dia, dia pengkhianat.' | label=Hate Speech | conf=0.434 | latency=2.9ms
2026-04-25 02:55:56 | INFO | hate_detect | PREDICT | model=cnb | text='Dasar bego, gitu aja gak becus kerja!' | label=Hate Speech | conf=0.740 | latency=1.5ms
2026-04-25 02:55:56 | INFO | hate_detect | PREDICT | model=cnb | text='Usir saja orang-orang itu dari sini, mereka cuma bikin masal' | label=Hate Speech | conf=0.511 | latency=1.0ms
2026-04-25 02:55:56 | INFO | hate_detect | PREDICT | model=cnb | text='Selamat pagi semuanya, semoga hari ini menyenangkan.' | label=Normal | conf=0.461 | latency=1.7ms
2026-04-25 02:55:56 | INFO | hate_detect | PREDICT | model=cnb | text='Kamu ini bodoh sekali, tidak usah sok tahu.' | label=Normal | conf=0.500 | latency=0.0ms
2026-04-25 02:55:56 | INFO | hate_detect | PREDICT | model=cnb | text='Jangan kasih suara buat dia, dia pengkhianat.' | label=Hate Speech | conf=0.434 | latency=1.0ms
2026-04-25 02:55:56 | INFO | hate_detect | PREDICT | model=cnb | text='Dasar bego, gitu aja gak becus kerja!' | label=Hate Speech | conf=0.740 | latency=1.0ms
2026-04-25 02:55:56 | INFO | hate_detect | PREDICT | model=cnb | text='Usir saja orang-orang itu dari sini, mereka cuma bikin masal' | label=Hate Speech | conf=0.511 | latency=1.0ms
2026-04-25 02:55:56 | INFO | hate_detect | PREDICT | model=cnb | text='Selamat pagi semuanya, semoga hari ini menyenangkan.' | label=Normal | conf=0.461 | latency=1.6ms
2026-04-25 02:55:56 | INFO | hate_detect | PREDICT | model=cnb | text='Kamu ini bodoh sekali, tidak usah sok tahu.' | label=Normal | conf=0.500 | latency=0.0ms
2026-04-25 02:55:56 | INFO | hate_detect | PREDICT | model=cnb | text='Jangan kasih suara buat dia, dia pengkhianat.' | label=Hate Speech | conf=0.434 | latency=1.5ms
2026-04-25 02:55:56 | INFO | hate_detect | PREDICT | model=cnb | text='Dasar bego, gitu aja gak becus kerja!' | label=Hate Speech | conf=0.740 | latency=1.6ms
2026-04-25 02:55:56 | INFO | hate_detect | PREDICT | model=cnb | text='Usir saja orang-orang itu dari sini, mereka cuma bikin masal' | label=Hate Speech | conf=0.511 | latency=1.1ms
2026-04-25 02:55:56 | INFO | hate_detect | PREDICT | model=cnb | text='Selamat pagi semuanya, semoga hari ini menyenangkan.' | label=Normal | conf=0.461 | latency=1.7ms
2026-04-25 02:55:56 | INFO | hate_detect | PREDICT | model=cnb | text='Kamu ini bodoh sekali, tidak usah sok tahu.' | label=Normal | conf=0.500 | latency=0.0ms
2026-04-25 02:55:56 | INFO | hate_detect | PREDICT | model=cnb | text='Jangan kasih suara buat dia, dia pengkhianat.' | label=Hate Speech | conf=0.434 | latency=1.1ms
2026-04-25 02:55:56 | INFO | hate_detect | PREDICT | model=cnb | text='Dasar bego, gitu aja gak becus kerja!' | label=Hate Speech | conf=0.740 | latency=2.0ms
2026-04-25 02:55:56 | INFO | hate_detect | PREDICT | model=cnb | text='Usir saja orang-orang itu dari sini, mereka cuma bikin masal' | label=Hate Speech | conf=0.511 | latency=1.9ms
2026-04-25 02:55:56 | INFO | hate_detect | PREDICT | model=cnb | text='Selamat pagi semuanya, semoga hari ini menyenangkan.' | label=Normal | conf=0.461 | latency=1.4ms
2026-04-25 02:55:56 | INFO | hate_detect | PREDICT | model=cnb | text='Kamu ini bodoh sekali, tidak usah sok tahu.' | label=Normal | conf=0.500 | latency=0.0ms
2026-04-25 02:55:56 | INFO | hate_detect | PREDICT | model=cnb | text='Jangan kasih suara buat dia, dia pengkhianat.' | label=Hate Speech | conf=0.434 | latency=0.0ms
2026-04-25 02:55:56 | INFO | hate_detect | PREDICT | model=cnb | text='Dasar bego, gitu aja gak becus kerja!' | label=Hate Speech | conf=0.740 | latency=2.7ms
2026-04-25 02:55:56 | INFO | hate_detect | PREDICT | model=cnb | text='Usir saja orang-orang itu dari sini, mereka cuma bikin masal' | label=Hate Speech | conf=0.511 | latency=1.1ms
2026-04-25 02:55:56 | INFO | hate_detect | PREDICT | model=cnb | text='Selamat pagi semuanya, semoga hari ini menyenangkan.' | label=Normal | conf=0.461 | latency=2.1ms
2026-04-25 02:55:56 | INFO | hate_detect | PREDICT | model=cnb | text='Kamu ini bodoh sekali, tidak usah sok tahu.' | label=Normal | conf=0.500 | latency=0.0ms
2026-04-25 02:55:56 | INFO | hate_detect | PREDICT | model=cnb | text='Jangan kasih suara buat dia, dia pengkhianat.' | label=Hate Speech | conf=0.434 | latency=2.0ms
2026-04-25 02:55:56 | INFO | hate_detect | PREDICT | model=cnb | text='Dasar bego, gitu aja gak becus kerja!' | label=Hate Speech | conf=0.740 | latency=2.0ms
2026-04-25 02:55:56 | INFO | hate_detect | PREDICT | model=cnb | text='Usir saja orang-orang itu dari sini, mereka cuma bikin masal' | label=Hate Speech | conf=0.511 | latency=1.9ms
2026-04-25 02:55:56 | INFO | hate_detect | PREDICT | model=cnb | text='Selamat pagi semuanya, semoga hari ini menyenangkan.' | label=Normal | conf=0.461 | latency=3.5ms
2026-04-25 02:55:56 | INFO | hate_detect | PREDICT | model=cnb | text='Kamu ini bodoh sekali, tidak usah sok tahu.' | label=Normal | conf=0.500 | latency=0.0ms
2026-04-25 02:55:56 | INFO | hate_detect | PREDICT | model=cnb | text='Jangan kasih suara buat dia, dia pengkhianat.' | label=Hate Speech | conf=0.434 | latency=2.0ms
2026-04-25 02:55:56 | INFO | hate_detect | PREDICT | model=cnb | text='Dasar bego, gitu aja gak becus kerja!' | label=Hate Speech | conf=0.740 | latency=1.5ms
2026-04-25 02:55:56 | INFO | hate_detect | PREDICT | model=cnb | text='Usir saja orang-orang itu dari sini, mereka cuma bikin masal' | label=Hate Speech | conf=0.511 | latency=2.5ms
2026-04-25 02:55:56 | INFO | hate_detect | PREDICT | model=cnb | text='Selamat pagi semuanya, semoga hari ini menyenangkan.' | label=Normal | conf=0.461 | latency=2.5ms
2026-04-25 02:55:56 | INFO | hate_detect | PREDICT | model=cnb | text='Kamu ini bodoh sekali, tidak usah sok tahu.' | label=Normal | conf=0.500 | latency=0.0ms
2026-04-25 02:55:56 | INFO | hate_detect | PREDICT | model=cnb | text='Jangan kasih suara buat dia, dia pengkhianat.' | label=Hate Speech | conf=0.434 | latency=1.9ms
2026-04-25 02:55:56 | INFO | hate_detect | PREDICT | model=cnb | text='Dasar bego, gitu aja gak becus kerja!' | label=Hate Speech | conf=0.740 | latency=2.5ms
2026-04-25 02:55:56 | INFO | hate_detect | PREDICT | model=cnb | text='Usir saja orang-orang itu dari sini, mereka cuma bikin masal' | label=Hate Speech | conf=0.511 | latency=2.0ms
2026-04-25 02:55:56 | INFO | hate_detect | PREDICT | model=cnb | text='Selamat pagi semuanya, semoga hari ini menyenangkan.' | label=Normal | conf=0.461 | latency=0.0ms
2026-04-25 02:55:56 | INFO | hate_detect | PREDICT | model=cnb | text='Kamu ini bodoh sekali, tidak usah sok tahu.' | label=Normal | conf=0.500 | latency=0.0ms
2026-04-25 02:55:56 | INFO | hate_detect | PREDICT | model=cnb | text='Jangan kasih suara buat dia, dia pengkhianat.' | label=Hate Speech | conf=0.434 | latency=2.0ms
2026-04-25 02:55:56 | INFO | hate_detect | PREDICT | model=cnb | text='Dasar bego, gitu aja gak becus kerja!' | label=Hate Speech | conf=0.740 | latency=5.2ms
2026-04-25 02:55:56 | INFO | hate_detect | PREDICT | model=cnb | text='Usir saja orang-orang itu dari sini, mereka cuma bikin masal' | label=Hate Speech | conf=0.511 | latency=4.0ms
2026-04-25 02:55:56 | INFO | hate_detect | PREDICT | model=cnb | text='Selamat pagi semuanya, semoga hari ini menyenangkan.' | label=Normal | conf=0.461 | latency=2.0ms
2026-04-25 02:55:56 | INFO | hate_detect | PREDICT | model=cnb | text='Kamu ini bodoh sekali, tidak usah sok tahu.' | label=Normal | conf=0.500 | latency=0.0ms
2026-04-25 02:55:56 | INFO | hate_detect | PREDICT | model=cnb | text='Jangan kasih suara buat dia, dia pengkhianat.' | label=Hate Speech | conf=0.434 | latency=2.7ms
2026-04-25 02:55:56 | INFO | hate_detect | PREDICT | model=cnb | text='Dasar bego, gitu aja gak becus kerja!' | label=Hate Speech | conf=0.740 | latency=2.0ms
2026-04-25 02:55:56 | INFO | hate_detect | PREDICT | model=cnb | text='Usir saja orang-orang itu dari sini, mereka cuma bikin masal' | label=Hate Speech | conf=0.511 | latency=2.0ms
2026-04-25 02:55:56 | INFO | hate_detect | PREDICT | model=cnb | text='Selamat pagi semuanya, semoga hari ini menyenangkan.' | label=Normal | conf=0.461 | latency=0.5ms
2026-04-25 02:55:56 | INFO | hate_detect | PREDICT | model=cnb | text='Kamu ini bodoh sekali, tidak usah sok tahu.' | label=Normal | conf=0.500 | latency=0.0ms
2026-04-25 02:55:56 | INFO | hate_detect | PREDICT | model=cnb | text='Jangan kasih suara buat dia, dia pengkhianat.' | label=Hate Speech | conf=0.434 | latency=0.0ms
2026-04-25 02:55:56 | INFO | hate_detect | PREDICT | model=cnb | text='Dasar bego, gitu aja gak becus kerja!' | label=Hate Speech | conf=0.740 | latency=2.0ms
2026-04-25 02:55:56 | INFO | hate_detect | PREDICT | model=cnb | text='Usir saja orang-orang itu dari sini, mereka cuma bikin masal' | label=Hate Speech | conf=0.511 | latency=1.0ms
2026-04-25 02:55:56 | INFO | hate_detect | PREDICT | model=cnb | text='Selamat pagi semuanya, semoga hari ini menyenangkan.' | label=Normal | conf=0.461 | latency=2.2ms
2026-04-25 02:55:56 | INFO | hate_detect | PREDICT | model=cnb | text='Kamu ini bodoh sekali, tidak usah sok tahu.' | label=Normal | conf=0.500 | latency=0.0ms
2026-04-25 02:55:56 | INFO | hate_detect | PREDICT | model=cnb | text='Jangan kasih suara buat dia, dia pengkhianat.' | label=Hate Speech | conf=0.434 | latency=2.1ms
2026-04-25 02:55:56 | INFO | hate_detect | PREDICT | model=cnb | text='Dasar bego, gitu aja gak becus kerja!' | label=Hate Speech | conf=0.740 | latency=1.4ms
2026-04-25 02:55:56 | INFO | hate_detect | PREDICT | model=cnb | text='Usir saja orang-orang itu dari sini, mereka cuma bikin masal' | label=Hate Speech | conf=0.511 | latency=1.5ms
2026-04-25 02:55:56 | INFO | hate_detect | PREDICT | model=cnb | text='Selamat pagi semuanya, semoga hari ini menyenangkan.' | label=Normal | conf=0.461 | latency=7.3ms
2026-04-25 02:55:56 | INFO | hate_detect | PREDICT | model=cnb | text='Kamu ini bodoh sekali, tidak usah sok tahu.' | label=Normal | conf=0.500 | latency=0.0ms
2026-04-25 02:55:56 | INFO | hate_detect | PREDICT | model=cnb | text='Jangan kasih suara buat dia, dia pengkhianat.' | label=Hate Speech | conf=0.434 | latency=1.6ms
2026-04-25 02:55:56 | INFO | hate_detect | PREDICT | model=cnb | text='Dasar bego, gitu aja gak becus kerja!' | label=Hate Speech | conf=0.740 | latency=1.1ms
2026-04-25 02:55:56 | INFO | hate_detect | PREDICT | model=cnb | text='Usir saja orang-orang itu dari sini, mereka cuma bikin masal' | label=Hate Speech | conf=0.511 | latency=2.1ms
2026-04-25 02:55:56 | INFO | hate_detect | PREDICT | model=cnb | text='Selamat pagi semuanya, semoga hari ini menyenangkan.' | label=Normal | conf=0.461 | latency=1.9ms
2026-04-25 02:55:56 | INFO | hate_detect | PREDICT | model=cnb | text='Kamu ini bodoh sekali, tidak usah sok tahu.' | label=Normal | conf=0.500 | latency=0.0ms
2026-04-25 02:55:56 | INFO | hate_detect | PREDICT | model=cnb | text='Jangan kasih suara buat dia, dia pengkhianat.' | label=Hate Speech | conf=0.434 | latency=2.5ms
2026-04-25 02:55:56 | INFO | hate_detect | PREDICT | model=cnb | text='Dasar bego, gitu aja gak becus kerja!' | label=Hate Speech | conf=0.740 | latency=0.0ms
2026-04-25 02:55:56 | INFO | hate_detect | PREDICT | model=cnb | text='Usir saja orang-orang itu dari sini, mereka cuma bikin masal' | label=Hate Speech | conf=0.511 | latency=1.0ms
2026-04-25 02:55:56 | INFO | hate_detect | PREDICT | model=cnb | text='Selamat pagi semuanya, semoga hari ini menyenangkan.' | label=Normal | conf=0.461 | latency=0.0ms
2026-04-25 02:55:56 | INFO | hate_detect | PREDICT | model=cnb | text='Kamu ini bodoh sekali, tidak usah sok tahu.' | label=Normal | conf=0.500 | latency=0.0ms
2026-04-25 02:55:56 | INFO | hate_detect | PREDICT | model=cnb | text='Jangan kasih suara buat dia, dia pengkhianat.' | label=Hate Speech | conf=0.434 | latency=3.0ms
2026-04-25 02:55:56 | INFO | hate_detect | PREDICT | model=cnb | text='Dasar bego, gitu aja gak becus kerja!' | label=Hate Speech | conf=0.740 | latency=2.3ms
2026-04-25 02:55:56 | INFO | hate_detect | PREDICT | model=cnb | text='Usir saja orang-orang itu dari sini, mereka cuma bikin masal' | label=Hate Speech | conf=0.511 | latency=2.0ms
2026-04-25 02:55:56 | INFO | hate_detect | PREDICT | model=cnb | text='Selamat pagi semuanya, semoga hari ini menyenangkan.' | label=Normal | conf=0.461 | latency=1.5ms
2026-04-25 02:55:56 | INFO | hate_detect | PREDICT | model=cnb | text='Kamu ini bodoh sekali, tidak usah sok tahu.' | label=Normal | conf=0.500 | latency=0.0ms
2026-04-25 02:55:56 | INFO | hate_detect | PREDICT | model=cnb | text='Jangan kasih suara buat dia, dia pengkhianat.' | label=Hate Speech | conf=0.434 | latency=2.0ms
2026-04-25 02:55:56 | INFO | hate_detect | PREDICT | model=cnb | text='Dasar bego, gitu aja gak becus kerja!' | label=Hate Speech | conf=0.740 | latency=2.1ms
2026-04-25 02:55:56 | INFO | hate_detect | PREDICT | model=cnb | text='Usir saja orang-orang itu dari sini, mereka cuma bikin masal' | label=Hate Speech | conf=0.511 | latency=1.1ms
2026-04-25 02:55:56 | INFO | hate_detect | PREDICT | model=cnb | text='Selamat pagi semuanya, semoga hari ini menyenangkan.' | label=Normal | conf=0.461 | latency=1.0ms
2026-04-25 02:55:56 | INFO | hate_detect | PREDICT | model=cnb | text='Kamu ini bodoh sekali, tidak usah sok tahu.' | label=Normal | conf=0.500 | latency=0.0ms
2026-04-25 02:55:56 | INFO | hate_detect | PREDICT | model=cnb | text='Jangan kasih suara buat dia, dia pengkhianat.' | label=Hate Speech | conf=0.434 | latency=1.0ms
2026-04-25 02:55:56 | INFO | hate_detect | PREDICT | model=cnb | text='Dasar bego, gitu aja gak becus kerja!' | label=Hate Speech | conf=0.740 | latency=1.0ms
2026-04-25 02:55:56 | INFO | hate_detect | PREDICT | model=cnb | text='Usir saja orang-orang itu dari sini, mereka cuma bikin masal' | label=Hate Speech | conf=0.511 | latency=1.5ms
2026-04-25 02:55:56 | INFO | hate_detect | PREDICT | model=cnb | text='Selamat pagi semuanya, semoga hari ini menyenangkan.' | label=Normal | conf=0.461 | latency=1.5ms
2026-04-25 02:55:56 | INFO | hate_detect | PREDICT | model=cnb | text='Kamu ini bodoh sekali, tidak usah sok tahu.' | label=Normal | conf=0.500 | latency=0.0ms
2026-04-25 02:55:56 | INFO | hate_detect | PREDICT | model=cnb | text='Jangan kasih suara buat dia, dia pengkhianat.' | label=Hate Speech | conf=0.434 | latency=1.5ms
2026-04-25 02:55:56 | INFO | hate_detect | PREDICT | model=cnb | text='Dasar bego, gitu aja gak becus kerja!' | label=Hate Speech | conf=0.740 | latency=1.0ms
2026-04-25 02:55:56 | INFO | hate_detect | PREDICT | model=cnb | text='Usir saja orang-orang itu dari sini, mereka cuma bikin masal' | label=Hate Speech | conf=0.511 | latency=2.2ms
2026-04-25 02:55:56 | INFO | hate_detect | PREDICT | model=cnb | text='Selamat pagi semuanya, semoga hari ini menyenangkan.' | label=Normal | conf=0.461 | latency=1.0ms
2026-04-25 02:55:56 | INFO | hate_detect | PREDICT | model=cnb | text='Kamu ini bodoh sekali, tidak usah sok tahu.' | label=Normal | conf=0.500 | latency=0.0ms
2026-04-25 02:55:56 | INFO | hate_detect | PREDICT | model=cnb | text='Jangan kasih suara buat dia, dia pengkhianat.' | label=Hate Speech | conf=0.434 | latency=0.9ms
2026-04-25 02:55:56 | INFO | hate_detect | PREDICT | model=cnb | text='Dasar bego, gitu aja gak becus kerja!' | label=Hate Speech | conf=0.740 | latency=1.4ms
2026-04-25 02:55:56 | INFO | hate_detect | PREDICT | model=cnb | text='Usir saja orang-orang itu dari sini, mereka cuma bikin masal' | label=Hate Speech | conf=0.511 | latency=2.0ms
2026-04-25 02:55:56 | INFO | hate_detect | PREDICT | model=cnb | text='Selamat pagi semuanya, semoga hari ini menyenangkan.' | label=Normal | conf=0.461 | latency=1.5ms
2026-04-25 02:55:56 | INFO | hate_detect | PREDICT | model=cnb | text='Kamu ini bodoh sekali, tidak usah sok tahu.' | label=Normal | conf=0.500 | latency=0.0ms
2026-04-25 02:55:56 | INFO | hate_detect | PREDICT | model=cnb | text='Jangan kasih suara buat dia, dia pengkhianat.' | label=Hate Speech | conf=0.434 | latency=1.5ms
2026-04-25 02:55:56 | INFO | hate_detect | PREDICT | model=cnb | text='Dasar bego, gitu aja gak becus kerja!' | label=Hate Speech | conf=0.740 | latency=1.0ms
2026-04-25 02:55:56 | INFO | hate_detect | PREDICT | model=cnb | text='Usir saja orang-orang itu dari sini, mereka cuma bikin masal' | label=Hate Speech | conf=0.511 | latency=1.0ms
2026-04-25 02:55:56 | INFO | hate_detect | PREDICT | model=cnb | text='Selamat pagi semuanya, semoga hari ini menyenangkan.' | label=Normal | conf=0.461 | latency=1.6ms
2026-04-25 02:55:56 | INFO | hate_detect | PREDICT | model=cnb | text='Kamu ini bodoh sekali, tidak usah sok tahu.' | label=Normal | conf=0.500 | latency=0.0ms
2026-04-25 02:55:56 | INFO | hate_detect | PREDICT | model=cnb | text='Jangan kasih suara buat dia, dia pengkhianat.' | label=Hate Speech | conf=0.434 | latency=1.1ms
2026-04-25 02:55:56 | INFO | hate_detect | PREDICT | model=cnb | text='Dasar bego, gitu aja gak becus kerja!' | label=Hate Speech | conf=0.740 | latency=3.0ms
2026-04-25 02:55:56 | INFO | hate_detect | PREDICT | model=cnb | text='Usir saja orang-orang itu dari sini, mereka cuma bikin masal' | label=Hate Speech | conf=0.511 | latency=0.3ms
2026-04-25 02:55:56 | INFO | hate_detect | PREDICT | model=cnb | text='Selamat pagi semuanya, semoga hari ini menyenangkan.' | label=Normal | conf=0.461 | latency=1.6ms
2026-04-25 02:55:56 | INFO | hate_detect | PREDICT | model=cnb | text='Kamu ini bodoh sekali, tidak usah sok tahu.' | label=Normal | conf=0.500 | latency=0.0ms
2026-04-25 02:55:56 | INFO | hate_detect | PREDICT | model=cnb | text='Jangan kasih suara buat dia, dia pengkhianat.' | label=Hate Speech | conf=0.434 | latency=3.3ms
2026-04-25 02:55:56 | INFO | hate_detect | PREDICT | model=cnb | text='Dasar bego, gitu aja gak becus kerja!' | label=Hate Speech | conf=0.740 | latency=2.0ms
2026-04-25 02:55:56 | INFO | hate_detect | PREDICT | model=cnb | text='Usir saja orang-orang itu dari sini, mereka cuma bikin masal' | label=Hate Speech | conf=0.511 | latency=1.6ms
2026-04-25 02:55:56 | INFO | hate_detect | PREDICT | model=cnb | text='Selamat pagi semuanya, semoga hari ini menyenangkan.' | label=Normal | conf=0.461 | latency=0.5ms
2026-04-25 02:55:56 | INFO | hate_detect | PREDICT | model=cnb | text='Kamu ini bodoh sekali, tidak usah sok tahu.' | label=Normal | conf=0.500 | latency=0.0ms
2026-04-25 02:55:56 | INFO | hate_detect | PREDICT | model=cnb | text='Jangan kasih suara buat dia, dia pengkhianat.' | label=Hate Speech | conf=0.434 | latency=3.0ms
2026-04-25 02:55:56 | INFO | hate_detect | PREDICT | model=cnb | text='Dasar bego, gitu aja gak becus kerja!' | label=Hate Speech | conf=0.740 | latency=1.5ms
2026-04-25 02:55:56 | INFO | hate_detect | PREDICT | model=cnb | text='Usir saja orang-orang itu dari sini, mereka cuma bikin masal' | label=Hate Speech | conf=0.511 | latency=1.9ms
2026-04-25 02:55:56 | INFO | hate_detect | PREDICT | model=cnb | text='Selamat pagi semuanya, semoga hari ini menyenangkan.' | label=Normal | conf=0.461 | latency=2.2ms
2026-04-25 02:55:56 | INFO | hate_detect | PREDICT | model=cnb | text='Kamu ini bodoh sekali, tidak usah sok tahu.' | label=Normal | conf=0.500 | latency=0.0ms
2026-04-25 02:55:56 | INFO | hate_detect | PREDICT | model=cnb | text='Jangan kasih suara buat dia, dia pengkhianat.' | label=Hate Speech | conf=0.434 | latency=2.5ms
2026-04-25 02:55:56 | INFO | hate_detect | PREDICT | model=cnb | text='Dasar bego, gitu aja gak becus kerja!' | label=Hate Speech | conf=0.740 | latency=1.5ms
2026-04-25 02:55:56 | INFO | hate_detect | PREDICT | model=cnb | text='Usir saja orang-orang itu dari sini, mereka cuma bikin masal' | label=Hate Speech | conf=0.511 | latency=1.0ms
2026-04-25 02:55:56 | INFO | hate_detect | PREDICT | model=cnb | text='Selamat pagi semuanya, semoga hari ini menyenangkan.' | label=Normal | conf=0.461 | latency=1.9ms
2026-04-25 02:55:56 | INFO | hate_detect | PREDICT | model=cnb | text='Kamu ini bodoh sekali, tidak usah sok tahu.' | label=Normal | conf=0.500 | latency=0.0ms
2026-04-25 02:55:56 | INFO | hate_detect | PREDICT | model=cnb | text='Jangan kasih suara buat dia, dia pengkhianat.' | label=Hate Speech | conf=0.434 | latency=2.6ms
2026-04-25 02:55:56 | INFO | hate_detect | PREDICT | model=cnb | text='Dasar bego, gitu aja gak becus kerja!' | label=Hate Speech | conf=0.740 | latency=1.6ms
2026-04-25 02:55:56 | INFO | hate_detect | PREDICT | model=cnb | text='Usir saja orang-orang itu dari sini, mereka cuma bikin masal' | label=Hate Speech | conf=0.511 | latency=1.1ms
2026-04-25 02:55:56 | INFO | hate_detect | PREDICT | model=cnb | text='Selamat pagi semuanya, semoga hari ini menyenangkan.' | label=Normal | conf=0.461 | latency=1.9ms
2026-04-25 02:55:56 | INFO | hate_detect | PREDICT | model=cnb | text='Kamu ini bodoh sekali, tidak usah sok tahu.' | label=Normal | conf=0.500 | latency=0.0ms
2026-04-25 02:55:56 | INFO | hate_detect | PREDICT | model=cnb | text='Jangan kasih suara buat dia, dia pengkhianat.' | label=Hate Speech | conf=0.434 | latency=1.0ms
2026-04-25 02:55:56 | INFO | hate_detect | PREDICT | model=cnb | text='Dasar bego, gitu aja gak becus kerja!' | label=Hate Speech | conf=0.740 | latency=1.3ms
2026-04-25 02:55:56 | INFO | hate_detect | PREDICT | model=cnb | text='Usir saja orang-orang itu dari sini, mereka cuma bikin masal' | label=Hate Speech | conf=0.511 | latency=1.0ms
2026-04-25 02:55:56 | INFO | hate_detect | PREDICT | model=cnb | text='Selamat pagi semuanya, semoga hari ini menyenangkan.' | label=Normal | conf=0.461 | latency=2.5ms
2026-04-25 02:55:56 | INFO | hate_detect | PREDICT | model=cnb | text='Kamu ini bodoh sekali, tidak usah sok tahu.' | label=Normal | conf=0.500 | latency=0.0ms
2026-04-25 02:55:56 | INFO | hate_detect | PREDICT | model=cnb | text='Jangan kasih suara buat dia, dia pengkhianat.' | label=Hate Speech | conf=0.434 | latency=2.1ms
2026-04-25 02:55:56 | INFO | hate_detect | PREDICT | model=cnb | text='Dasar bego, gitu aja gak becus kerja!' | label=Hate Speech | conf=0.740 | latency=2.9ms
2026-04-25 02:55:56 | INFO | hate_detect | PREDICT | model=cnb | text='Usir saja orang-orang itu dari sini, mereka cuma bikin masal' | label=Hate Speech | conf=0.511 | latency=1.0ms
2026-04-25 02:55:56 | INFO | hate_detect | PREDICT | model=cnb | text='Selamat pagi semuanya, semoga hari ini menyenangkan.' | label=Normal | conf=0.461 | latency=1.5ms
2026-04-25 02:55:56 | INFO | hate_detect | PREDICT | model=cnb | text='Kamu ini bodoh sekali, tidak usah sok tahu.' | label=Normal | conf=0.500 | latency=0.0ms
2026-04-25 02:55:56 | INFO | hate_detect | PREDICT | model=cnb | text='Jangan kasih suara buat dia, dia pengkhianat.' | label=Hate Speech | conf=0.434 | latency=1.5ms
2026-04-25 02:55:56 | INFO | hate_detect | PREDICT | model=cnb | text='Dasar bego, gitu aja gak becus kerja!' | label=Hate Speech | conf=0.740 | latency=1.0ms
2026-04-25 02:55:56 | INFO | hate_detect | PREDICT | model=cnb | text='Usir saja orang-orang itu dari sini, mereka cuma bikin masal' | label=Hate Speech | conf=0.511 | latency=1.0ms
2026-04-25 02:55:56 | INFO | hate_detect | PREDICT | model=cnb | text='Selamat pagi semuanya, semoga hari ini menyenangkan.' | label=Normal | conf=0.461 | latency=1.6ms
2026-04-25 02:55:56 | INFO | hate_detect | PREDICT | model=cnb | text='Kamu ini bodoh sekali, tidak usah sok tahu.' | label=Normal | conf=0.500 | latency=0.0ms
2026-04-25 02:55:57 | INFO | hate_detect | PREDICT | model=cnb | text='Jangan kasih suara buat dia, dia pengkhianat.' | label=Hate Speech | conf=0.434 | latency=3.0ms
2026-04-25 02:55:57 | INFO | hate_detect | PREDICT | model=cnb | text='Dasar bego, gitu aja gak becus kerja!' | label=Hate Speech | conf=0.740 | latency=2.4ms
2026-04-25 02:55:57 | INFO | hate_detect | PREDICT | model=cnb | text='Usir saja orang-orang itu dari sini, mereka cuma bikin masal' | label=Hate Speech | conf=0.511 | latency=0.5ms
2026-04-25 02:55:57 | INFO | hate_detect | PREDICT | model=cnb | text='Selamat pagi semuanya, semoga hari ini menyenangkan.' | label=Normal | conf=0.461 | latency=0.6ms
2026-04-25 02:55:57 | INFO | hate_detect | PREDICT | model=cnb | text='Kamu ini bodoh sekali, tidak usah sok tahu.' | label=Normal | conf=0.500 | latency=0.0ms
2026-04-25 02:55:57 | INFO | hate_detect | PREDICT | model=cnb | text='Jangan kasih suara buat dia, dia pengkhianat.' | label=Hate Speech | conf=0.434 | latency=1.1ms
2026-04-25 02:55:57 | INFO | hate_detect | PREDICT | model=cnb | text='Dasar bego, gitu aja gak becus kerja!' | label=Hate Speech | conf=0.740 | latency=2.1ms
2026-04-25 02:55:57 | INFO | hate_detect | PREDICT | model=cnb | text='Usir saja orang-orang itu dari sini, mereka cuma bikin masal' | label=Hate Speech | conf=0.511 | latency=1.7ms
2026-04-25 02:55:57 | INFO | hate_detect | PREDICT | model=cnb | text='Selamat pagi semuanya, semoga hari ini menyenangkan.' | label=Normal | conf=0.461 | latency=1.0ms
2026-04-25 02:55:57 | INFO | hate_detect | PREDICT | model=cnb | text='Kamu ini bodoh sekali, tidak usah sok tahu.' | label=Normal | conf=0.500 | latency=0.0ms
2026-04-25 02:55:57 | INFO | hate_detect | PREDICT | model=cnb | text='Jangan kasih suara buat dia, dia pengkhianat.' | label=Hate Speech | conf=0.434 | latency=1.6ms
2026-04-25 02:55:57 | INFO | hate_detect | PREDICT | model=cnb | text='Dasar bego, gitu aja gak becus kerja!' | label=Hate Speech | conf=0.740 | latency=1.3ms
2026-04-25 02:55:57 | INFO | hate_detect | PREDICT | model=cnb | text='Usir saja orang-orang itu dari sini, mereka cuma bikin masal' | label=Hate Speech | conf=0.511 | latency=1.3ms
2026-04-25 02:55:57 | INFO | hate_detect | PREDICT | model=cnb | text='Selamat pagi semuanya, semoga hari ini menyenangkan.' | label=Normal | conf=0.461 | latency=1.8ms
2026-04-25 02:55:57 | INFO | hate_detect | PREDICT | model=cnb | text='Kamu ini bodoh sekali, tidak usah sok tahu.' | label=Normal | conf=0.500 | latency=0.0ms
2026-04-25 02:55:57 | INFO | hate_detect | PREDICT | model=cnb | text='Jangan kasih suara buat dia, dia pengkhianat.' | label=Hate Speech | conf=0.434 | latency=1.0ms
2026-04-25 02:55:57 | INFO | hate_detect | PREDICT | model=cnb | text='Dasar bego, gitu aja gak becus kerja!' | label=Hate Speech | conf=0.740 | latency=1.6ms
2026-04-25 02:55:57 | INFO | hate_detect | PREDICT | model=cnb | text='Usir saja orang-orang itu dari sini, mereka cuma bikin masal' | label=Hate Speech | conf=0.511 | latency=1.0ms
2026-04-25 02:55:57 | INFO | hate_detect | PREDICT | model=cnb | text='Selamat pagi semuanya, semoga hari ini menyenangkan.' | label=Normal | conf=0.461 | latency=2.6ms
2026-04-25 02:55:57 | INFO | hate_detect | PREDICT | model=cnb | text='Kamu ini bodoh sekali, tidak usah sok tahu.' | label=Normal | conf=0.500 | latency=0.0ms
2026-04-25 02:55:57 | INFO | hate_detect | PREDICT | model=cnb | text='Jangan kasih suara buat dia, dia pengkhianat.' | label=Hate Speech | conf=0.434 | latency=2.1ms
2026-04-25 02:55:57 | INFO | hate_detect | PREDICT | model=cnb | text='Dasar bego, gitu aja gak becus kerja!' | label=Hate Speech | conf=0.740 | latency=2.6ms
2026-04-25 02:55:57 | INFO | hate_detect | PREDICT | model=cnb | text='Usir saja orang-orang itu dari sini, mereka cuma bikin masal' | label=Hate Speech | conf=0.511 | latency=3.7ms
2026-04-25 02:55:57 | INFO | hate_detect | PREDICT | model=cnb | text='Selamat pagi semuanya, semoga hari ini menyenangkan.' | label=Normal | conf=0.461 | latency=2.0ms
2026-04-25 02:55:57 | INFO | hate_detect | PREDICT | model=cnb | text='Kamu ini bodoh sekali, tidak usah sok tahu.' | label=Normal | conf=0.500 | latency=0.0ms
2026-04-25 02:55:57 | INFO | hate_detect | PREDICT | model=cnb | text='Jangan kasih suara buat dia, dia pengkhianat.' | label=Hate Speech | conf=0.434 | latency=1.4ms
2026-04-25 02:55:57 | INFO | hate_detect | PREDICT | model=cnb | text='Dasar bego, gitu aja gak becus kerja!' | label=Hate Speech | conf=0.740 | latency=2.6ms
2026-04-25 02:55:57 | INFO | hate_detect | PREDICT | model=cnb | text='Usir saja orang-orang itu dari sini, mereka cuma bikin masal' | label=Hate Speech | conf=0.511 | latency=1.0ms
2026-04-25 02:55:57 | INFO | hate_detect | PREDICT | model=cnb | text='Selamat pagi semuanya, semoga hari ini menyenangkan.' | label=Normal | conf=0.461 | latency=1.0ms
2026-04-25 02:55:57 | INFO | hate_detect | PREDICT | model=cnb | text='Kamu ini bodoh sekali, tidak usah sok tahu.' | label=Normal | conf=0.500 | latency=0.0ms
2026-04-25 02:55:57 | INFO | hate_detect | PREDICT | model=cnb | text='Jangan kasih suara buat dia, dia pengkhianat.' | label=Hate Speech | conf=0.434 | latency=1.5ms
2026-04-25 02:55:57 | INFO | hate_detect | PREDICT | model=cnb | text='Dasar bego, gitu aja gak becus kerja!' | label=Hate Speech | conf=0.740 | latency=1.5ms
2026-04-25 02:55:57 | INFO | hate_detect | PREDICT | model=cnb | text='Usir saja orang-orang itu dari sini, mereka cuma bikin masal' | label=Hate Speech | conf=0.511 | latency=1.0ms
2026-04-25 02:55:57 | INFO | hate_detect | PREDICT | model=cnb | text='Selamat pagi semuanya, semoga hari ini menyenangkan.' | label=Normal | conf=0.461 | latency=1.4ms
2026-04-25 02:55:57 | INFO | hate_detect | PREDICT | model=cnb | text='Kamu ini bodoh sekali, tidak usah sok tahu.' | label=Normal | conf=0.500 | latency=0.0ms
2026-04-25 02:55:57 | INFO | hate_detect | PREDICT | model=cnb | text='Jangan kasih suara buat dia, dia pengkhianat.' | label=Hate Speech | conf=0.434 | latency=1.1ms
2026-04-25 02:55:57 | INFO | hate_detect | PREDICT | model=cnb | text='Dasar bego, gitu aja gak becus kerja!' | label=Hate Speech | conf=0.740 | latency=1.4ms
2026-04-25 02:55:57 | INFO | hate_detect | PREDICT | model=cnb | text='Usir saja orang-orang itu dari sini, mereka cuma bikin masal' | label=Hate Speech | conf=0.511 | latency=1.6ms
2026-04-25 02:55:57 | INFO | hate_detect | PREDICT | model=cnb | text='Selamat pagi semuanya, semoga hari ini menyenangkan.' | label=Normal | conf=0.461 | latency=0.5ms
2026-04-25 02:55:57 | INFO | hate_detect | PREDICT | model=cnb | text='Kamu ini bodoh sekali, tidak usah sok tahu.' | label=Normal | conf=0.500 | latency=0.0ms
2026-04-25 02:55:57 | INFO | hate_detect | PREDICT | model=cnb | text='Jangan kasih suara buat dia, dia pengkhianat.' | label=Hate Speech | conf=0.434 | latency=1.7ms
2026-04-25 02:55:57 | INFO | hate_detect | PREDICT | model=cnb | text='Dasar bego, gitu aja gak becus kerja!' | label=Hate Speech | conf=0.740 | latency=2.6ms
2026-04-25 02:55:57 | INFO | hate_detect | PREDICT | model=cnb | text='Usir saja orang-orang itu dari sini, mereka cuma bikin masal' | label=Hate Speech | conf=0.511 | latency=1.0ms
2026-04-25 02:55:57 | INFO | hate_detect | PREDICT | model=cnb | text='Selamat pagi semuanya, semoga hari ini menyenangkan.' | label=Normal | conf=0.461 | latency=1.4ms
2026-04-25 02:55:57 | INFO | hate_detect | PREDICT | model=cnb | text='Kamu ini bodoh sekali, tidak usah sok tahu.' | label=Normal | conf=0.500 | latency=0.0ms
2026-04-25 02:55:57 | INFO | hate_detect | PREDICT | model=cnb | text='Jangan kasih suara buat dia, dia pengkhianat.' | label=Hate Speech | conf=0.434 | latency=3.2ms
2026-04-25 02:55:57 | INFO | hate_detect | PREDICT | model=cnb | text='Dasar bego, gitu aja gak becus kerja!' | label=Hate Speech | conf=0.740 | latency=1.0ms
2026-04-25 02:55:57 | INFO | hate_detect | PREDICT | model=cnb | text='Usir saja orang-orang itu dari sini, mereka cuma bikin masal' | label=Hate Speech | conf=0.511 | latency=2.0ms
2026-04-25 02:55:57 | INFO | hate_detect | PREDICT | model=cnb | text='Selamat pagi semuanya, semoga hari ini menyenangkan.' | label=Normal | conf=0.461 | latency=1.6ms
2026-04-25 02:55:57 | INFO | hate_detect | PREDICT | model=cnb | text='Kamu ini bodoh sekali, tidak usah sok tahu.' | label=Normal | conf=0.500 | latency=0.0ms
2026-04-25 02:55:57 | INFO | hate_detect | PREDICT | model=cnb | text='Jangan kasih suara buat dia, dia pengkhianat.' | label=Hate Speech | conf=0.434 | latency=2.5ms
2026-04-25 02:55:57 | INFO | hate_detect | PREDICT | model=cnb | text='Dasar bego, gitu aja gak becus kerja!' | label=Hate Speech | conf=0.740 | latency=1.3ms
2026-04-25 02:55:57 | INFO | hate_detect | PREDICT | model=cnb | text='Usir saja orang-orang itu dari sini, mereka cuma bikin masal' | label=Hate Speech | conf=0.511 | latency=1.1ms
2026-04-25 02:55:57 | INFO | hate_detect | PREDICT | model=cnb | text='Selamat pagi semuanya, semoga hari ini menyenangkan.' | label=Normal | conf=0.461 | latency=0.0ms
2026-04-25 02:55:57 | INFO | hate_detect | PREDICT | model=cnb | text='Kamu ini bodoh sekali, tidak usah sok tahu.' | label=Normal | conf=0.500 | latency=0.0ms
2026-04-25 02:55:57 | INFO | hate_detect | PREDICT | model=cnb | text='Jangan kasih suara buat dia, dia pengkhianat.' | label=Hate Speech | conf=0.434 | latency=2.5ms
2026-04-25 02:55:57 | INFO | hate_detect | PREDICT | model=cnb | text='Dasar bego, gitu aja gak becus kerja!' | label=Hate Speech | conf=0.740 | latency=0.0ms
2026-04-25 02:55:57 | INFO | hate_detect | PREDICT | model=cnb | text='Usir saja orang-orang itu dari sini, mereka cuma bikin masal' | label=Hate Speech | conf=0.511 | latency=1.0ms
2026-04-25 02:55:57 | INFO | hate_detect | PREDICT | model=cnb | text='Selamat pagi semuanya, semoga hari ini menyenangkan.' | label=Normal | conf=0.461 | latency=0.5ms
2026-04-25 02:55:57 | INFO | hate_detect | PREDICT | model=cnb | text='Kamu ini bodoh sekali, tidak usah sok tahu.' | label=Normal | conf=0.500 | latency=0.0ms
2026-04-25 02:55:57 | INFO | hate_detect | PREDICT | model=cnb | text='Jangan kasih suara buat dia, dia pengkhianat.' | label=Hate Speech | conf=0.434 | latency=2.0ms
2026-04-25 02:55:57 | INFO | hate_detect | PREDICT | model=cnb | text='Dasar bego, gitu aja gak becus kerja!' | label=Hate Speech | conf=0.740 | latency=2.7ms
2026-04-25 02:55:57 | INFO | hate_detect | PREDICT | model=cnb | text='Usir saja orang-orang itu dari sini, mereka cuma bikin masal' | label=Hate Speech | conf=0.511 | latency=1.0ms
2026-04-25 02:55:57 | INFO | hate_detect | PREDICT | model=cnb | text='Selamat pagi semuanya, semoga hari ini menyenangkan.' | label=Normal | conf=0.461 | latency=1.4ms
2026-04-25 02:55:57 | INFO | hate_detect | PREDICT | model=cnb | text='Kamu ini bodoh sekali, tidak usah sok tahu.' | label=Normal | conf=0.500 | latency=0.0ms
2026-04-25 02:55:57 | INFO | hate_detect | PREDICT | model=cnb | text='Jangan kasih suara buat dia, dia pengkhianat.' | label=Hate Speech | conf=0.434 | latency=1.1ms
2026-04-25 02:55:57 | INFO | hate_detect | PREDICT | model=cnb | text='Dasar bego, gitu aja gak becus kerja!' | label=Hate Speech | conf=0.740 | latency=1.1ms
2026-04-25 02:55:57 | INFO | hate_detect | PREDICT | model=cnb | text='Usir saja orang-orang itu dari sini, mereka cuma bikin masal' | label=Hate Speech | conf=0.511 | latency=0.0ms
2026-04-25 02:55:57 | INFO | hate_detect | PREDICT | model=cnb | text='Selamat pagi semuanya, semoga hari ini menyenangkan.' | label=Normal | conf=0.461 | latency=3.4ms
2026-04-25 02:55:57 | INFO | hate_detect | PREDICT | model=cnb | text='Kamu ini bodoh sekali, tidak usah sok tahu.' | label=Normal | conf=0.500 | latency=0.0ms
2026-04-25 02:55:57 | INFO | hate_detect | PREDICT | model=cnb | text='Jangan kasih suara buat dia, dia pengkhianat.' | label=Hate Speech | conf=0.434 | latency=1.5ms
2026-04-25 02:55:57 | INFO | hate_detect | PREDICT | model=cnb | text='Dasar bego, gitu aja gak becus kerja!' | label=Hate Speech | conf=0.740 | latency=1.5ms
2026-04-25 02:55:57 | INFO | hate_detect | PREDICT | model=cnb | text='Usir saja orang-orang itu dari sini, mereka cuma bikin masal' | label=Hate Speech | conf=0.511 | latency=3.6ms
2026-04-25 02:55:57 | INFO | hate_detect | PREDICT | model=cnb | text='Selamat pagi semuanya, semoga hari ini menyenangkan.' | label=Normal | conf=0.461 | latency=1.6ms
2026-04-25 02:55:57 | INFO | hate_detect | PREDICT | model=cnb | text='Kamu ini bodoh sekali, tidak usah sok tahu.' | label=Normal | conf=0.500 | latency=0.0ms
2026-04-25 02:55:57 | INFO | hate_detect | PREDICT | model=cnb | text='Jangan kasih suara buat dia, dia pengkhianat.' | label=Hate Speech | conf=0.434 | latency=0.0ms
2026-04-25 02:55:57 | INFO | hate_detect | PREDICT | model=cnb | text='Dasar bego, gitu aja gak becus kerja!' | label=Hate Speech | conf=0.740 | latency=1.0ms
2026-04-25 02:55:57 | INFO | hate_detect | PREDICT | model=cnb | text='Usir saja orang-orang itu dari sini, mereka cuma bikin masal' | label=Hate Speech | conf=0.511 | latency=2.0ms
2026-04-25 02:55:57 | INFO | hate_detect | PREDICT | model=cnb | text='Selamat pagi semuanya, semoga hari ini menyenangkan.' | label=Normal | conf=0.461 | latency=2.1ms
2026-04-25 02:55:57 | INFO | hate_detect | PREDICT | model=cnb | text='Kamu ini bodoh sekali, tidak usah sok tahu.' | label=Normal | conf=0.500 | latency=0.0ms
2026-04-25 02:55:57 | INFO | hate_detect | PREDICT | model=cnb | text='Jangan kasih suara buat dia, dia pengkhianat.' | label=Hate Speech | conf=0.434 | latency=2.7ms
2026-04-25 02:55:57 | INFO | hate_detect | PREDICT | model=cnb | text='Dasar bego, gitu aja gak becus kerja!' | label=Hate Speech | conf=0.740 | latency=0.0ms
2026-04-25 02:55:57 | INFO | hate_detect | PREDICT | model=cnb | text='Usir saja orang-orang itu dari sini, mereka cuma bikin masal' | label=Hate Speech | conf=0.511 | latency=2.6ms
2026-04-25 02:55:57 | INFO | hate_detect | PREDICT | model=cnb | text='Selamat pagi semuanya, semoga hari ini menyenangkan.' | label=Normal | conf=0.461 | latency=1.5ms
2026-04-25 02:55:57 | INFO | hate_detect | PREDICT | model=cnb | text='Kamu ini bodoh sekali, tidak usah sok tahu.' | label=Normal | conf=0.500 | latency=0.0ms
2026-04-25 02:55:57 | INFO | hate_detect | PREDICT | model=cnb | text='Jangan kasih suara buat dia, dia pengkhianat.' | label=Hate Speech | conf=0.434 | latency=1.1ms
2026-04-25 02:55:57 | INFO | hate_detect | PREDICT | model=cnb | text='Dasar bego, gitu aja gak becus kerja!' | label=Hate Speech | conf=0.740 | latency=1.5ms
2026-04-25 02:55:57 | INFO | hate_detect | PREDICT | model=cnb | text='Usir saja orang-orang itu dari sini, mereka cuma bikin masal' | label=Hate Speech | conf=0.511 | latency=2.4ms
2026-04-25 02:55:57 | INFO | hate_detect | PREDICT | model=cnb | text='Selamat pagi semuanya, semoga hari ini menyenangkan.' | label=Normal | conf=0.461 | latency=1.0ms
2026-04-25 02:55:57 | INFO | hate_detect | PREDICT | model=cnb | text='Kamu ini bodoh sekali, tidak usah sok tahu.' | label=Normal | conf=0.500 | latency=0.0ms
2026-04-25 02:55:57 | INFO | hate_detect | PREDICT | model=cnb | text='Jangan kasih suara buat dia, dia pengkhianat.' | label=Hate Speech | conf=0.434 | latency=2.0ms
2026-04-25 02:55:57 | INFO | hate_detect | PREDICT | model=cnb | text='Dasar bego, gitu aja gak becus kerja!' | label=Hate Speech | conf=0.740 | latency=1.0ms
2026-04-25 02:55:57 | INFO | hate_detect | PREDICT | model=cnb | text='Usir saja orang-orang itu dari sini, mereka cuma bikin masal' | label=Hate Speech | conf=0.511 | latency=1.1ms
2026-04-25 02:55:57 | INFO | hate_detect | PREDICT | model=cnb | text='Selamat pagi semuanya, semoga hari ini menyenangkan.' | label=Normal | conf=0.461 | latency=1.0ms
2026-04-25 02:55:57 | INFO | hate_detect | PREDICT | model=cnb | text='Kamu ini bodoh sekali, tidak usah sok tahu.' | label=Normal | conf=0.500 | latency=0.0ms
2026-04-25 02:55:57 | INFO | hate_detect | PREDICT | model=cnb | text='Jangan kasih suara buat dia, dia pengkhianat.' | label=Hate Speech | conf=0.434 | latency=2.0ms
2026-04-25 02:55:57 | INFO | hate_detect | PREDICT | model=cnb | text='Dasar bego, gitu aja gak becus kerja!' | label=Hate Speech | conf=0.740 | latency=1.6ms
2026-04-25 02:55:57 | INFO | hate_detect | PREDICT | model=cnb | text='Usir saja orang-orang itu dari sini, mereka cuma bikin masal' | label=Hate Speech | conf=0.511 | latency=3.9ms
2026-04-25 02:55:57 | INFO | hate_detect | PREDICT | model=cnb | text='Selamat pagi semuanya, semoga hari ini menyenangkan.' | label=Normal | conf=0.461 | latency=2.3ms
2026-04-25 02:55:57 | INFO | hate_detect | PREDICT | model=cnb | text='Kamu ini bodoh sekali, tidak usah sok tahu.' | label=Normal | conf=0.500 | latency=0.0ms
2026-04-25 02:55:57 | INFO | hate_detect | PREDICT | model=cnb | text='Jangan kasih suara buat dia, dia pengkhianat.' | label=Hate Speech | conf=0.434 | latency=0.6ms
2026-04-25 02:55:57 | INFO | hate_detect | PREDICT | model=cnb | text='Dasar bego, gitu aja gak becus kerja!' | label=Hate Speech | conf=0.740 | latency=2.7ms
2026-04-25 02:55:57 | INFO | hate_detect | PREDICT | model=cnb | text='Usir saja orang-orang itu dari sini, mereka cuma bikin masal' | label=Hate Speech | conf=0.511 | latency=0.3ms
2026-04-25 02:55:57 | INFO | hate_detect | PREDICT | model=cnb | text='Selamat pagi semuanya, semoga hari ini menyenangkan.' | label=Normal | conf=0.461 | latency=1.8ms
2026-04-25 02:55:57 | INFO | hate_detect | PREDICT | model=cnb | text='Kamu ini bodoh sekali, tidak usah sok tahu.' | label=Normal | conf=0.500 | latency=0.0ms
2026-04-25 02:55:57 | INFO | hate_detect | PREDICT | model=cnb | text='Jangan kasih suara buat dia, dia pengkhianat.' | label=Hate Speech | conf=0.434 | latency=2.0ms
2026-04-25 02:55:57 | INFO | hate_detect | PREDICT | model=cnb | text='Dasar bego, gitu aja gak becus kerja!' | label=Hate Speech | conf=0.740 | latency=2.0ms
2026-04-25 02:55:57 | INFO | hate_detect | PREDICT | model=cnb | text='Usir saja orang-orang itu dari sini, mereka cuma bikin masal' | label=Hate Speech | conf=0.511 | latency=1.5ms
2026-04-25 02:55:57 | INFO | hate_detect | PREDICT | model=cnb | text='Selamat pagi semuanya, semoga hari ini menyenangkan.' | label=Normal | conf=0.461 | latency=4.9ms
2026-04-25 02:55:57 | INFO | hate_detect | PREDICT | model=cnb | text='Kamu ini bodoh sekali, tidak usah sok tahu.' | label=Normal | conf=0.500 | latency=0.0ms
2026-04-25 02:55:57 | INFO | hate_detect | PREDICT | model=cnb | text='Jangan kasih suara buat dia, dia pengkhianat.' | label=Hate Speech | conf=0.434 | latency=1.8ms
2026-04-25 02:55:57 | INFO | hate_detect | PREDICT | model=cnb | text='Dasar bego, gitu aja gak becus kerja!' | label=Hate Speech | conf=0.740 | latency=1.5ms
2026-04-25 02:55:57 | INFO | hate_detect | PREDICT | model=cnb | text='Usir saja orang-orang itu dari sini, mereka cuma bikin masal' | label=Hate Speech | conf=0.511 | latency=1.6ms
2026-04-25 02:55:57 | INFO | hate_detect | PREDICT | model=cnb | text='Selamat pagi semuanya, semoga hari ini menyenangkan.' | label=Normal | conf=0.461 | latency=2.0ms
2026-04-25 02:55:57 | INFO | hate_detect | PREDICT | model=cnb | text='Kamu ini bodoh sekali, tidak usah sok tahu.' | label=Normal | conf=0.500 | latency=0.0ms
2026-04-25 02:55:57 | INFO | hate_detect | PREDICT | model=cnb | text='Jangan kasih suara buat dia, dia pengkhianat.' | label=Hate Speech | conf=0.434 | latency=1.5ms
2026-04-25 02:55:57 | INFO | hate_detect | PREDICT | model=cnb | text='Dasar bego, gitu aja gak becus kerja!' | label=Hate Speech | conf=0.740 | latency=0.0ms
2026-04-25 02:55:57 | INFO | hate_detect | PREDICT | model=cnb | text='Usir saja orang-orang itu dari sini, mereka cuma bikin masal' | label=Hate Speech | conf=0.511 | latency=1.1ms
2026-04-25 02:55:57 | INFO | hate_detect | PREDICT | model=cnb | text='Selamat pagi semuanya, semoga hari ini menyenangkan.' | label=Normal | conf=0.461 | latency=1.0ms
2026-04-25 02:55:57 | INFO | hate_detect | PREDICT | model=cnb | text='Kamu ini bodoh sekali, tidak usah sok tahu.' | label=Normal | conf=0.500 | latency=0.0ms
2026-04-25 02:55:57 | INFO | hate_detect | PREDICT | model=cnb | text='Jangan kasih suara buat dia, dia pengkhianat.' | label=Hate Speech | conf=0.434 | latency=1.0ms
2026-04-25 02:55:57 | INFO | hate_detect | PREDICT | model=cnb | text='Dasar bego, gitu aja gak becus kerja!' | label=Hate Speech | conf=0.740 | latency=2.0ms
2026-04-25 02:55:57 | INFO | hate_detect | PREDICT | model=cnb | text='Usir saja orang-orang itu dari sini, mereka cuma bikin masal' | label=Hate Speech | conf=0.511 | latency=3.5ms
2026-04-25 02:55:57 | INFO | hate_detect | PREDICT | model=cnb | text='Selamat pagi semuanya, semoga hari ini menyenangkan.' | label=Normal | conf=0.461 | latency=1.5ms
2026-04-25 02:55:57 | INFO | hate_detect | PREDICT | model=cnb | text='Kamu ini bodoh sekali, tidak usah sok tahu.' | label=Normal | conf=0.500 | latency=0.0ms
2026-04-25 02:55:57 | INFO | hate_detect | PREDICT | model=cnb | text='Jangan kasih suara buat dia, dia pengkhianat.' | label=Hate Speech | conf=0.434 | latency=1.6ms
2026-04-25 02:55:57 | INFO | hate_detect | PREDICT | model=cnb | text='Dasar bego, gitu aja gak becus kerja!' | label=Hate Speech | conf=0.740 | latency=1.0ms
2026-04-25 02:55:57 | INFO | hate_detect | PREDICT | model=cnb | text='Usir saja orang-orang itu dari sini, mereka cuma bikin masal' | label=Hate Speech | conf=0.511 | latency=1.5ms
2026-04-25 02:55:57 | INFO | hate_detect | PREDICT | model=cnb | text='Selamat pagi semuanya, semoga hari ini menyenangkan.' | label=Normal | conf=0.461 | latency=0.0ms
2026-04-25 02:55:57 | INFO | hate_detect | PREDICT | model=cnb | text='Kamu ini bodoh sekali, tidak usah sok tahu.' | label=Normal | conf=0.500 | latency=0.0ms
2026-04-25 02:55:57 | INFO | hate_detect | PREDICT | model=cnb | text='Jangan kasih suara buat dia, dia pengkhianat.' | label=Hate Speech | conf=0.434 | latency=2.5ms
2026-04-25 02:55:57 | INFO | hate_detect | PREDICT | model=cnb | text='Dasar bego, gitu aja gak becus kerja!' | label=Hate Speech | conf=0.740 | latency=1.6ms
2026-04-25 02:55:57 | INFO | hate_detect | PREDICT | model=cnb | text='Usir saja orang-orang itu dari sini, mereka cuma bikin masal' | label=Hate Speech | conf=0.511 | latency=1.1ms
2026-04-25 02:55:57 | INFO | hate_detect | PREDICT | model=cnb | text='Selamat pagi semuanya, semoga hari ini menyenangkan.' | label=Normal | conf=0.461 | latency=4.1ms
2026-04-25 02:55:57 | INFO | hate_detect | PREDICT | model=cnb | text='Kamu ini bodoh sekali, tidak usah sok tahu.' | label=Normal | conf=0.500 | latency=0.0ms
2026-04-25 02:55:57 | INFO | hate_detect | PREDICT | model=cnb | text='Jangan kasih suara buat dia, dia pengkhianat.' | label=Hate Speech | conf=0.434 | latency=1.6ms
2026-04-25 02:55:57 | INFO | hate_detect | PREDICT | model=cnb | text='Dasar bego, gitu aja gak becus kerja!' | label=Hate Speech | conf=0.740 | latency=2.1ms
2026-04-25 02:55:57 | INFO | hate_detect | PREDICT | model=cnb | text='Usir saja orang-orang itu dari sini, mereka cuma bikin masal' | label=Hate Speech | conf=0.511 | latency=1.5ms
2026-04-25 02:55:57 | INFO | hate_detect | PREDICT | model=cnb | text='Selamat pagi semuanya, semoga hari ini menyenangkan.' | label=Normal | conf=0.461 | latency=1.0ms
2026-04-25 02:55:57 | INFO | hate_detect | PREDICT | model=cnb | text='Kamu ini bodoh sekali, tidak usah sok tahu.' | label=Normal | conf=0.500 | latency=0.0ms
2026-04-25 02:55:57 | INFO | hate_detect | PREDICT | model=cnb | text='Jangan kasih suara buat dia, dia pengkhianat.' | label=Hate Speech | conf=0.434 | latency=2.5ms
2026-04-25 02:55:57 | INFO | hate_detect | PREDICT | model=cnb | text='Dasar bego, gitu aja gak becus kerja!' | label=Hate Speech | conf=0.740 | latency=2.0ms
2026-04-25 02:55:57 | INFO | hate_detect | PREDICT | model=cnb | text='Usir saja orang-orang itu dari sini, mereka cuma bikin masal' | label=Hate Speech | conf=0.511 | latency=0.0ms
2026-04-25 02:55:57 | INFO | hate_detect | PREDICT | model=cnb | text='Selamat pagi semuanya, semoga hari ini menyenangkan.' | label=Normal | conf=0.461 | latency=1.0ms
2026-04-25 02:55:57 | INFO | hate_detect | PREDICT | model=cnb | text='Kamu ini bodoh sekali, tidak usah sok tahu.' | label=Normal | conf=0.500 | latency=0.0ms
2026-04-25 02:55:57 | INFO | hate_detect | PREDICT | model=cnb | text='Jangan kasih suara buat dia, dia pengkhianat.' | label=Hate Speech | conf=0.434 | latency=1.0ms
2026-04-25 02:55:57 | INFO | hate_detect | PREDICT | model=cnb | text='Dasar bego, gitu aja gak becus kerja!' | label=Hate Speech | conf=0.740 | latency=1.5ms
2026-04-25 02:55:57 | INFO | hate_detect | PREDICT | model=cnb | text='Usir saja orang-orang itu dari sini, mereka cuma bikin masal' | label=Hate Speech | conf=0.511 | latency=1.6ms
2026-04-25 02:55:57 | INFO | hate_detect | PREDICT | model=cnb | text='Selamat pagi semuanya, semoga hari ini menyenangkan.' | label=Normal | conf=0.461 | latency=1.2ms
2026-04-25 02:55:57 | INFO | hate_detect | PREDICT | model=cnb | text='Kamu ini bodoh sekali, tidak usah sok tahu.' | label=Normal | conf=0.500 | latency=0.0ms
2026-04-25 02:55:57 | INFO | hate_detect | PREDICT | model=cnb | text='Jangan kasih suara buat dia, dia pengkhianat.' | label=Hate Speech | conf=0.434 | latency=1.0ms
2026-04-25 02:55:57 | INFO | hate_detect | PREDICT | model=cnb | text='Dasar bego, gitu aja gak becus kerja!' | label=Hate Speech | conf=0.740 | latency=1.6ms
2026-04-25 02:55:57 | INFO | hate_detect | PREDICT | model=cnb | text='Usir saja orang-orang itu dari sini, mereka cuma bikin masal' | label=Hate Speech | conf=0.511 | latency=2.9ms
2026-04-25 02:55:57 | INFO | hate_detect | PREDICT | model=cnb | text='Selamat pagi semuanya, semoga hari ini menyenangkan.' | label=Normal | conf=0.461 | latency=1.0ms
2026-04-25 02:55:57 | INFO | hate_detect | PREDICT | model=cnb | text='Kamu ini bodoh sekali, tidak usah sok tahu.' | label=Normal | conf=0.500 | latency=0.0ms
2026-04-25 02:55:57 | INFO | hate_detect | PREDICT | model=cnb | text='Jangan kasih suara buat dia, dia pengkhianat.' | label=Hate Speech | conf=0.434 | latency=1.0ms
2026-04-25 02:55:57 | INFO | hate_detect | PREDICT | model=cnb | text='Dasar bego, gitu aja gak becus kerja!' | label=Hate Speech | conf=0.740 | latency=1.6ms
2026-04-25 02:55:57 | INFO | hate_detect | PREDICT | model=cnb | text='Usir saja orang-orang itu dari sini, mereka cuma bikin masal' | label=Hate Speech | conf=0.511 | latency=2.1ms
2026-04-25 02:55:57 | INFO | hate_detect | PREDICT | model=cnb | text='Selamat pagi semuanya, semoga hari ini menyenangkan.' | label=Normal | conf=0.461 | latency=3.0ms
2026-04-25 02:55:57 | INFO | hate_detect | PREDICT | model=cnb | text='Kamu ini bodoh sekali, tidak usah sok tahu.' | label=Normal | conf=0.500 | latency=0.0ms
2026-04-25 02:55:57 | INFO | hate_detect | PREDICT | model=cnb | text='Jangan kasih suara buat dia, dia pengkhianat.' | label=Hate Speech | conf=0.434 | latency=3.2ms
2026-04-25 02:55:57 | INFO | hate_detect | PREDICT | model=cnb | text='Dasar bego, gitu aja gak becus kerja!' | label=Hate Speech | conf=0.740 | latency=1.8ms
2026-04-25 02:55:57 | INFO | hate_detect | PREDICT | model=cnb | text='Usir saja orang-orang itu dari sini, mereka cuma bikin masal' | label=Hate Speech | conf=0.511 | latency=1.6ms
2026-04-25 02:55:57 | INFO | hate_detect | PREDICT | model=cnb | text='Selamat pagi semuanya, semoga hari ini menyenangkan.' | label=Normal | conf=0.461 | latency=1.5ms
2026-04-25 02:55:57 | INFO | hate_detect | PREDICT | model=cnb | text='Kamu ini bodoh sekali, tidak usah sok tahu.' | label=Normal | conf=0.500 | latency=0.0ms
2026-04-25 02:55:57 | INFO | hate_detect | PREDICT | model=cnb | text='Jangan kasih suara buat dia, dia pengkhianat.' | label=Hate Speech | conf=0.434 | latency=1.5ms
2026-04-25 02:55:57 | INFO | hate_detect | PREDICT | model=cnb | text='Dasar bego, gitu aja gak becus kerja!' | label=Hate Speech | conf=0.740 | latency=1.7ms
2026-04-25 02:55:57 | INFO | hate_detect | PREDICT | model=cnb | text='Usir saja orang-orang itu dari sini, mereka cuma bikin masal' | label=Hate Speech | conf=0.511 | latency=1.0ms
2026-04-25 02:55:57 | INFO | hate_detect | PREDICT | model=cnb | text='Selamat pagi semuanya, semoga hari ini menyenangkan.' | label=Normal | conf=0.461 | latency=0.3ms
2026-04-25 02:55:57 | INFO | hate_detect | PREDICT | model=cnb | text='Kamu ini bodoh sekali, tidak usah sok tahu.' | label=Normal | conf=0.500 | latency=0.0ms
2026-04-25 02:55:57 | INFO | hate_detect | PREDICT | model=cnb | text='Jangan kasih suara buat dia, dia pengkhianat.' | label=Hate Speech | conf=0.434 | latency=0.5ms
2026-04-25 02:55:57 | INFO | hate_detect | PREDICT | model=cnb | text='Dasar bego, gitu aja gak becus kerja!' | label=Hate Speech | conf=0.740 | latency=0.0ms
2026-04-25 02:55:57 | INFO | hate_detect | PREDICT | model=cnb | text='Usir saja orang-orang itu dari sini, mereka cuma bikin masal' | label=Hate Speech | conf=0.511 | latency=1.0ms
2026-04-25 02:55:57 | INFO | hate_detect | PREDICT | model=cnb | text='Selamat pagi semuanya, semoga hari ini menyenangkan.' | label=Normal | conf=0.461 | latency=4.6ms
2026-04-25 02:55:57 | INFO | hate_detect | PREDICT | model=cnb | text='Kamu ini bodoh sekali, tidak usah sok tahu.' | label=Normal | conf=0.500 | latency=0.0ms
2026-04-25 02:55:57 | INFO | hate_detect | PREDICT | model=cnb | text='Jangan kasih suara buat dia, dia pengkhianat.' | label=Hate Speech | conf=0.434 | latency=2.1ms
2026-04-25 02:55:57 | INFO | hate_detect | PREDICT | model=cnb | text='Dasar bego, gitu aja gak becus kerja!' | label=Hate Speech | conf=0.740 | latency=0.5ms
2026-04-25 02:55:57 | INFO | hate_detect | PREDICT | model=cnb | text='Usir saja orang-orang itu dari sini, mereka cuma bikin masal' | label=Hate Speech | conf=0.511 | latency=0.6ms
2026-04-25 02:55:57 | INFO | hate_detect | PREDICT | model=cnb | text='Selamat pagi semuanya, semoga hari ini menyenangkan.' | label=Normal | conf=0.461 | latency=1.1ms
2026-04-25 02:55:57 | INFO | hate_detect | PREDICT | model=cnb | text='Kamu ini bodoh sekali, tidak usah sok tahu.' | label=Normal | conf=0.500 | latency=0.0ms
2026-04-25 02:55:57 | INFO | hate_detect | PREDICT | model=cnb | text='Jangan kasih suara buat dia, dia pengkhianat.' | label=Hate Speech | conf=0.434 | latency=3.5ms
2026-04-25 02:55:57 | INFO | hate_detect | PREDICT | model=cnb | text='Dasar bego, gitu aja gak becus kerja!' | label=Hate Speech | conf=0.740 | latency=0.0ms
2026-04-25 02:55:57 | INFO | hate_detect | PREDICT | model=cnb | text='Usir saja orang-orang itu dari sini, mereka cuma bikin masal' | label=Hate Speech | conf=0.511 | latency=1.6ms
2026-04-25 02:55:57 | INFO | hate_detect | PREDICT | model=cnb | text='Selamat pagi semuanya, semoga hari ini menyenangkan.' | label=Normal | conf=0.461 | latency=1.6ms
2026-04-25 02:55:57 | INFO | hate_detect | PREDICT | model=cnb | text='Kamu ini bodoh sekali, tidak usah sok tahu.' | label=Normal | conf=0.500 | latency=0.0ms
2026-04-25 02:55:57 | INFO | hate_detect | PREDICT | model=cnb | text='Jangan kasih suara buat dia, dia pengkhianat.' | label=Hate Speech | conf=0.434 | latency=0.0ms
2026-04-25 02:55:57 | INFO | hate_detect | PREDICT | model=cnb | text='Dasar bego, gitu aja gak becus kerja!' | label=Hate Speech | conf=0.740 | latency=2.1ms
2026-04-25 02:55:57 | INFO | hate_detect | PREDICT | model=cnb | text='Usir saja orang-orang itu dari sini, mereka cuma bikin masal' | label=Hate Speech | conf=0.511 | latency=0.0ms
2026-04-25 02:55:57 | INFO | hate_detect | PREDICT | model=cnb | text='Selamat pagi semuanya, semoga hari ini menyenangkan.' | label=Normal | conf=0.461 | latency=0.0ms
2026-04-25 02:55:57 | INFO | hate_detect | PREDICT | model=cnb | text='Kamu ini bodoh sekali, tidak usah sok tahu.' | label=Normal | conf=0.500 | latency=0.0ms
2026-04-25 02:55:57 | INFO | hate_detect | PREDICT | model=cnb | text='Jangan kasih suara buat dia, dia pengkhianat.' | label=Hate Speech | conf=0.434 | latency=2.5ms
2026-04-25 02:55:57 | INFO | hate_detect | PREDICT | model=cnb | text='Dasar bego, gitu aja gak becus kerja!' | label=Hate Speech | conf=0.740 | latency=2.0ms
2026-04-25 02:55:57 | INFO | hate_detect | PREDICT | model=cnb | text='Usir saja orang-orang itu dari sini, mereka cuma bikin masal' | label=Hate Speech | conf=0.511 | latency=3.1ms
2026-04-25 02:55:57 | INFO | hate_detect | PREDICT | model=cnb | text='Selamat pagi semuanya, semoga hari ini menyenangkan.' | label=Normal | conf=0.461 | latency=1.9ms
2026-04-25 02:55:57 | INFO | hate_detect | PREDICT | model=cnb | text='Kamu ini bodoh sekali, tidak usah sok tahu.' | label=Normal | conf=0.500 | latency=0.0ms
2026-04-25 02:55:57 | INFO | hate_detect | PREDICT | model=cnb | text='Jangan kasih suara buat dia, dia pengkhianat.' | label=Hate Speech | conf=0.434 | latency=2.7ms
2026-04-25 02:55:57 | INFO | hate_detect | PREDICT | model=cnb | text='Dasar bego, gitu aja gak becus kerja!' | label=Hate Speech | conf=0.740 | latency=4.1ms
2026-04-25 02:55:57 | INFO | hate_detect | PREDICT | model=cnb | text='Usir saja orang-orang itu dari sini, mereka cuma bikin masal' | label=Hate Speech | conf=0.511 | latency=0.6ms
2026-04-25 02:55:57 | INFO | hate_detect | PREDICT | model=cnb | text='Selamat pagi semuanya, semoga hari ini menyenangkan.' | label=Normal | conf=0.461 | latency=1.9ms
2026-04-25 02:55:57 | INFO | hate_detect | PREDICT | model=cnb | text='Kamu ini bodoh sekali, tidak usah sok tahu.' | label=Normal | conf=0.500 | latency=0.0ms
2026-04-25 02:55:57 | INFO | hate_detect | PREDICT | model=cnb | text='Jangan kasih suara buat dia, dia pengkhianat.' | label=Hate Speech | conf=0.434 | latency=3.9ms
2026-04-25 02:55:57 | INFO | hate_detect | PREDICT | model=cnb | text='Dasar bego, gitu aja gak becus kerja!' | label=Hate Speech | conf=0.740 | latency=4.3ms
2026-04-25 02:55:57 | INFO | hate_detect | PREDICT | model=cnb | text='Usir saja orang-orang itu dari sini, mereka cuma bikin masal' | label=Hate Speech | conf=0.511 | latency=4.2ms
2026-04-25 02:55:57 | INFO | hate_detect | PREDICT | model=cnb | text='Selamat pagi semuanya, semoga hari ini menyenangkan.' | label=Normal | conf=0.461 | latency=2.0ms
2026-04-25 02:55:57 | INFO | hate_detect | PREDICT | model=cnb | text='Kamu ini bodoh sekali, tidak usah sok tahu.' | label=Normal | conf=0.500 | latency=0.0ms
2026-04-25 02:55:57 | INFO | hate_detect | PREDICT | model=cnb | text='Jangan kasih suara buat dia, dia pengkhianat.' | label=Hate Speech | conf=0.434 | latency=3.0ms
2026-04-25 02:55:57 | INFO | hate_detect | PREDICT | model=cnb | text='Dasar bego, gitu aja gak becus kerja!' | label=Hate Speech | conf=0.740 | latency=6.2ms
2026-04-25 02:55:57 | INFO | hate_detect | PREDICT | model=cnb | text='Usir saja orang-orang itu dari sini, mereka cuma bikin masal' | label=Hate Speech | conf=0.511 | latency=0.0ms
2026-04-25 02:55:57 | INFO | hate_detect | PREDICT | model=cnb | text='Selamat pagi semuanya, semoga hari ini menyenangkan.' | label=Normal | conf=0.461 | latency=2.0ms
2026-04-25 02:55:57 | INFO | hate_detect | PREDICT | model=cnb | text='Kamu ini bodoh sekali, tidak usah sok tahu.' | label=Normal | conf=0.500 | latency=0.0ms
2026-04-25 02:55:57 | INFO | hate_detect | PREDICT | model=cnb | text='Jangan kasih suara buat dia, dia pengkhianat.' | label=Hate Speech | conf=0.434 | latency=4.9ms
2026-04-25 02:55:57 | INFO | hate_detect | PREDICT | model=cnb | text='Dasar bego, gitu aja gak becus kerja!' | label=Hate Speech | conf=0.740 | latency=2.6ms
2026-04-25 02:55:57 | INFO | hate_detect | PREDICT | model=cnb | text='Usir saja orang-orang itu dari sini, mereka cuma bikin masal' | label=Hate Speech | conf=0.511 | latency=3.8ms
2026-04-25 02:55:57 | INFO | hate_detect | PREDICT | model=cnb | text='Selamat pagi semuanya, semoga hari ini menyenangkan.' | label=Normal | conf=0.461 | latency=1.5ms
2026-04-25 02:55:57 | INFO | hate_detect | PREDICT | model=cnb | text='Kamu ini bodoh sekali, tidak usah sok tahu.' | label=Normal | conf=0.500 | latency=0.0ms
2026-04-25 02:55:57 | INFO | hate_detect | PREDICT | model=cnb | text='Jangan kasih suara buat dia, dia pengkhianat.' | label=Hate Speech | conf=0.434 | latency=3.3ms
2026-04-25 02:55:57 | INFO | hate_detect | PREDICT | model=cnb | text='Dasar bego, gitu aja gak becus kerja!' | label=Hate Speech | conf=0.740 | latency=2.1ms
2026-04-25 02:55:57 | INFO | hate_detect | PREDICT | model=cnb | text='Usir saja orang-orang itu dari sini, mereka cuma bikin masal' | label=Hate Speech | conf=0.511 | latency=0.0ms
2026-04-25 02:55:57 | INFO | hate_detect | PREDICT | model=cnb | text='Selamat pagi semuanya, semoga hari ini menyenangkan.' | label=Normal | conf=0.461 | latency=1.5ms
2026-04-25 02:55:57 | INFO | hate_detect | PREDICT | model=cnb | text='Kamu ini bodoh sekali, tidak usah sok tahu.' | label=Normal | conf=0.500 | latency=0.0ms
2026-04-25 02:55:57 | INFO | hate_detect | PREDICT | model=cnb | text='Jangan kasih suara buat dia, dia pengkhianat.' | label=Hate Speech | conf=0.434 | latency=2.1ms
2026-04-25 02:55:57 | INFO | hate_detect | PREDICT | model=cnb | text='Dasar bego, gitu aja gak becus kerja!' | label=Hate Speech | conf=0.740 | latency=0.5ms
2026-04-25 02:55:58 | INFO | hate_detect | PREDICT | model=cnb | text='Usir saja orang-orang itu dari sini, mereka cuma bikin masal' | label=Hate Speech | conf=0.511 | latency=5.3ms
2026-04-25 02:55:58 | INFO | hate_detect | PREDICT | model=cnb | text='Selamat pagi semuanya, semoga hari ini menyenangkan.' | label=Normal | conf=0.461 | latency=2.5ms
2026-04-25 02:55:58 | INFO | hate_detect | PREDICT | model=cnb | text='Kamu ini bodoh sekali, tidak usah sok tahu.' | label=Normal | conf=0.500 | latency=0.0ms
2026-04-25 02:55:58 | INFO | hate_detect | PREDICT | model=cnb | text='Jangan kasih suara buat dia, dia pengkhianat.' | label=Hate Speech | conf=0.434 | latency=2.6ms
2026-04-25 02:55:58 | INFO | hate_detect | PREDICT | model=cnb | text='Dasar bego, gitu aja gak becus kerja!' | label=Hate Speech | conf=0.740 | latency=3.1ms
2026-04-25 02:55:58 | INFO | hate_detect | PREDICT | model=cnb | text='Usir saja orang-orang itu dari sini, mereka cuma bikin masal' | label=Hate Speech | conf=0.511 | latency=1.1ms
2026-04-25 02:55:58 | INFO | hate_detect | PREDICT | model=cnb | text='Selamat pagi semuanya, semoga hari ini menyenangkan.' | label=Normal | conf=0.461 | latency=1.0ms
2026-04-25 02:55:58 | INFO | hate_detect | PREDICT | model=cnb | text='Kamu ini bodoh sekali, tidak usah sok tahu.' | label=Normal | conf=0.500 | latency=0.0ms
2026-04-25 02:55:58 | INFO | hate_detect | PREDICT | model=cnb | text='Jangan kasih suara buat dia, dia pengkhianat.' | label=Hate Speech | conf=0.434 | latency=1.0ms
2026-04-25 02:55:58 | INFO | hate_detect | PREDICT | model=cnb | text='Dasar bego, gitu aja gak becus kerja!' | label=Hate Speech | conf=0.740 | latency=2.0ms
2026-04-25 02:55:58 | INFO | hate_detect | PREDICT | model=cnb | text='Usir saja orang-orang itu dari sini, mereka cuma bikin masal' | label=Hate Speech | conf=0.511 | latency=1.0ms
2026-04-25 02:55:58 | INFO | hate_detect | PREDICT | model=cnb | text='Selamat pagi semuanya, semoga hari ini menyenangkan.' | label=Normal | conf=0.461 | latency=2.2ms
2026-04-25 02:55:58 | INFO | hate_detect | PREDICT | model=cnb | text='Kamu ini bodoh sekali, tidak usah sok tahu.' | label=Normal | conf=0.500 | latency=0.0ms
2026-04-25 02:55:58 | INFO | hate_detect | PREDICT | model=cnb | text='Jangan kasih suara buat dia, dia pengkhianat.' | label=Hate Speech | conf=0.434 | latency=1.0ms
2026-04-25 02:55:58 | INFO | hate_detect | PREDICT | model=cnb | text='Dasar bego, gitu aja gak becus kerja!' | label=Hate Speech | conf=0.740 | latency=1.0ms
2026-04-25 02:55:58 | INFO | hate_detect | PREDICT | model=cnb | text='Usir saja orang-orang itu dari sini, mereka cuma bikin masal' | label=Hate Speech | conf=0.511 | latency=1.5ms
2026-04-25 02:55:58 | INFO | hate_detect | PREDICT | model=cnb | text='Selamat pagi semuanya, semoga hari ini menyenangkan.' | label=Normal | conf=0.461 | latency=1.5ms
2026-04-25 02:55:58 | INFO | hate_detect | PREDICT | model=cnb | text='Kamu ini bodoh sekali, tidak usah sok tahu.' | label=Normal | conf=0.500 | latency=0.0ms
2026-04-25 02:55:58 | INFO | hate_detect | PREDICT | model=cnb | text='Jangan kasih suara buat dia, dia pengkhianat.' | label=Hate Speech | conf=0.434 | latency=1.0ms
2026-04-25 02:55:58 | INFO | hate_detect | PREDICT | model=cnb | text='Dasar bego, gitu aja gak becus kerja!' | label=Hate Speech | conf=0.740 | latency=0.5ms
2026-04-25 02:55:58 | INFO | hate_detect | PREDICT | model=cnb | text='Usir saja orang-orang itu dari sini, mereka cuma bikin masal' | label=Hate Speech | conf=0.511 | latency=0.9ms
2026-04-25 02:55:58 | INFO | hate_detect | PREDICT | model=cnb | text='Selamat pagi semuanya, semoga hari ini menyenangkan.' | label=Normal | conf=0.461 | latency=1.4ms
2026-04-25 02:55:58 | INFO | hate_detect | PREDICT | model=cnb | text='Kamu ini bodoh sekali, tidak usah sok tahu.' | label=Normal | conf=0.500 | latency=0.0ms
2026-04-25 02:55:58 | INFO | hate_detect | PREDICT | model=cnb | text='Jangan kasih suara buat dia, dia pengkhianat.' | label=Hate Speech | conf=0.434 | latency=1.8ms
2026-04-25 02:55:58 | INFO | hate_detect | PREDICT | model=cnb | text='Dasar bego, gitu aja gak becus kerja!' | label=Hate Speech | conf=0.740 | latency=4.7ms
2026-04-25 02:55:58 | INFO | hate_detect | PREDICT | model=cnb | text='Usir saja orang-orang itu dari sini, mereka cuma bikin masal' | label=Hate Speech | conf=0.511 | latency=1.6ms
2026-04-25 02:55:58 | INFO | hate_detect | PREDICT | model=cnb | text='Selamat pagi semuanya, semoga hari ini menyenangkan.' | label=Normal | conf=0.461 | latency=2.1ms
2026-04-25 02:55:58 | INFO | hate_detect | PREDICT | model=cnb | text='Kamu ini bodoh sekali, tidak usah sok tahu.' | label=Normal | conf=0.500 | latency=0.0ms
2026-04-25 02:55:58 | INFO | hate_detect | PREDICT | model=cnb | text='Jangan kasih suara buat dia, dia pengkhianat.' | label=Hate Speech | conf=0.434 | latency=2.1ms
2026-04-25 02:55:58 | INFO | hate_detect | PREDICT | model=cnb | text='Dasar bego, gitu aja gak becus kerja!' | label=Hate Speech | conf=0.740 | latency=1.5ms
2026-04-25 02:55:58 | INFO | hate_detect | PREDICT | model=cnb | text='Usir saja orang-orang itu dari sini, mereka cuma bikin masal' | label=Hate Speech | conf=0.511 | latency=1.5ms
2026-04-25 02:55:58 | INFO | hate_detect | PREDICT | model=cnb | text='Selamat pagi semuanya, semoga hari ini menyenangkan.' | label=Normal | conf=0.461 | latency=1.5ms
2026-04-25 02:55:58 | INFO | hate_detect | PREDICT | model=cnb | text='Kamu ini bodoh sekali, tidak usah sok tahu.' | label=Normal | conf=0.500 | latency=0.0ms
2026-04-25 02:55:58 | INFO | hate_detect | PREDICT | model=cnb | text='Jangan kasih suara buat dia, dia pengkhianat.' | label=Hate Speech | conf=0.434 | latency=1.0ms
2026-04-25 02:55:58 | INFO | hate_detect | PREDICT | model=cnb | text='Dasar bego, gitu aja gak becus kerja!' | label=Hate Speech | conf=0.740 | latency=1.5ms
2026-04-25 02:55:58 | INFO | hate_detect | PREDICT | model=cnb | text='Usir saja orang-orang itu dari sini, mereka cuma bikin masal' | label=Hate Speech | conf=0.511 | latency=0.5ms
2026-04-25 02:55:58 | INFO | hate_detect | PREDICT | model=cnb | text='Selamat pagi semuanya, semoga hari ini menyenangkan.' | label=Normal | conf=0.461 | latency=0.0ms
2026-04-25 02:55:58 | INFO | hate_detect | PREDICT | model=cnb | text='Kamu ini bodoh sekali, tidak usah sok tahu.' | label=Normal | conf=0.500 | latency=0.0ms
2026-04-25 02:55:58 | INFO | hate_detect | PREDICT | model=cnb | text='Jangan kasih suara buat dia, dia pengkhianat.' | label=Hate Speech | conf=0.434 | latency=1.6ms
2026-04-25 02:55:58 | INFO | hate_detect | PREDICT | model=cnb | text='Dasar bego, gitu aja gak becus kerja!' | label=Hate Speech | conf=0.740 | latency=2.1ms
2026-04-25 02:55:58 | INFO | hate_detect | PREDICT | model=cnb | text='Usir saja orang-orang itu dari sini, mereka cuma bikin masal' | label=Hate Speech | conf=0.511 | latency=1.3ms
2026-04-25 02:55:58 | INFO | hate_detect | PREDICT | model=cnb | text='Selamat pagi semuanya, semoga hari ini menyenangkan.' | label=Normal | conf=0.461 | latency=2.4ms
2026-04-25 02:55:58 | INFO | hate_detect | PREDICT | model=cnb | text='Kamu ini bodoh sekali, tidak usah sok tahu.' | label=Normal | conf=0.500 | latency=0.0ms
2026-04-25 02:55:58 | INFO | hate_detect | PREDICT | model=cnb | text='Jangan kasih suara buat dia, dia pengkhianat.' | label=Hate Speech | conf=0.434 | latency=2.8ms
2026-04-25 02:55:58 | INFO | hate_detect | PREDICT | model=cnb | text='Dasar bego, gitu aja gak becus kerja!' | label=Hate Speech | conf=0.740 | latency=3.0ms
2026-04-25 02:55:58 | INFO | hate_detect | PREDICT | model=cnb | text='Usir saja orang-orang itu dari sini, mereka cuma bikin masal' | label=Hate Speech | conf=0.511 | latency=1.1ms
2026-04-25 02:55:58 | INFO | hate_detect | PREDICT | model=cnb | text='Selamat pagi semuanya, semoga hari ini menyenangkan.' | label=Normal | conf=0.461 | latency=1.3ms
2026-04-25 02:55:58 | INFO | hate_detect | PREDICT | model=cnb | text='Kamu ini bodoh sekali, tidak usah sok tahu.' | label=Normal | conf=0.500 | latency=0.0ms
2026-04-25 02:55:58 | INFO | hate_detect | PREDICT | model=cnb | text='Jangan kasih suara buat dia, dia pengkhianat.' | label=Hate Speech | conf=0.434 | latency=1.9ms
2026-04-25 02:55:58 | INFO | hate_detect | PREDICT | model=cnb | text='Dasar bego, gitu aja gak becus kerja!' | label=Hate Speech | conf=0.740 | latency=1.8ms
2026-04-25 02:55:58 | INFO | hate_detect | PREDICT | model=cnb | text='Usir saja orang-orang itu dari sini, mereka cuma bikin masal' | label=Hate Speech | conf=0.511 | latency=1.5ms
2026-04-25 02:55:58 | INFO | hate_detect | PREDICT | model=cnb | text='Selamat pagi semuanya, semoga hari ini menyenangkan.' | label=Normal | conf=0.461 | latency=1.6ms
2026-04-25 02:55:58 | INFO | hate_detect | PREDICT | model=cnb | text='Kamu ini bodoh sekali, tidak usah sok tahu.' | label=Normal | conf=0.500 | latency=0.0ms
2026-04-25 02:55:58 | INFO | hate_detect | PREDICT | model=cnb | text='Jangan kasih suara buat dia, dia pengkhianat.' | label=Hate Speech | conf=0.434 | latency=4.2ms
2026-04-25 02:55:58 | INFO | hate_detect | PREDICT | model=cnb | text='Dasar bego, gitu aja gak becus kerja!' | label=Hate Speech | conf=0.740 | latency=0.0ms
2026-04-25 02:55:58 | INFO | hate_detect | PREDICT | model=cnb | text='Usir saja orang-orang itu dari sini, mereka cuma bikin masal' | label=Hate Speech | conf=0.511 | latency=3.3ms
2026-04-25 02:55:58 | INFO | hate_detect | PREDICT | model=cnb | text='Selamat pagi semuanya, semoga hari ini menyenangkan.' | label=Normal | conf=0.461 | latency=0.0ms
2026-04-25 02:55:58 | INFO | hate_detect | PREDICT | model=cnb | text='Kamu ini bodoh sekali, tidak usah sok tahu.' | label=Normal | conf=0.500 | latency=0.0ms
2026-04-25 02:55:58 | INFO | hate_detect | PREDICT | model=cnb | text='Jangan kasih suara buat dia, dia pengkhianat.' | label=Hate Speech | conf=0.434 | latency=0.5ms
2026-04-25 02:55:58 | INFO | hate_detect | PREDICT | model=cnb | text='Dasar bego, gitu aja gak becus kerja!' | label=Hate Speech | conf=0.740 | latency=2.2ms
2026-04-25 02:55:58 | INFO | hate_detect | PREDICT | model=cnb | text='Usir saja orang-orang itu dari sini, mereka cuma bikin masal' | label=Hate Speech | conf=0.511 | latency=1.5ms
2026-04-25 02:55:58 | INFO | hate_detect | PREDICT | model=cnb | text='Selamat pagi semuanya, semoga hari ini menyenangkan.' | label=Normal | conf=0.461 | latency=2.0ms
2026-04-25 02:55:58 | INFO | hate_detect | PREDICT | model=cnb | text='Kamu ini bodoh sekali, tidak usah sok tahu.' | label=Normal | conf=0.500 | latency=0.0ms
2026-04-25 02:55:58 | INFO | hate_detect | PREDICT | model=cnb | text='Jangan kasih suara buat dia, dia pengkhianat.' | label=Hate Speech | conf=0.434 | latency=2.4ms
2026-04-25 02:55:58 | INFO | hate_detect | PREDICT | model=cnb | text='Dasar bego, gitu aja gak becus kerja!' | label=Hate Speech | conf=0.740 | latency=1.1ms
2026-04-25 02:55:58 | INFO | hate_detect | PREDICT | model=cnb | text='Usir saja orang-orang itu dari sini, mereka cuma bikin masal' | label=Hate Speech | conf=0.511 | latency=0.0ms
2026-04-25 02:55:58 | INFO | hate_detect | PREDICT | model=cnb | text='Selamat pagi semuanya, semoga hari ini menyenangkan.' | label=Normal | conf=0.461 | latency=2.9ms
2026-04-25 02:55:58 | INFO | hate_detect | PREDICT | model=cnb | text='Kamu ini bodoh sekali, tidak usah sok tahu.' | label=Normal | conf=0.500 | latency=0.0ms
2026-04-25 02:55:58 | INFO | hate_detect | PREDICT | model=cnb | text='Jangan kasih suara buat dia, dia pengkhianat.' | label=Hate Speech | conf=0.434 | latency=1.0ms
2026-04-25 02:55:58 | INFO | hate_detect | PREDICT | model=cnb | text='Dasar bego, gitu aja gak becus kerja!' | label=Hate Speech | conf=0.740 | latency=1.7ms
2026-04-25 02:55:58 | INFO | hate_detect | PREDICT | model=cnb | text='Usir saja orang-orang itu dari sini, mereka cuma bikin masal' | label=Hate Speech | conf=0.511 | latency=2.6ms
2026-04-25 02:55:58 | INFO | hate_detect | PREDICT | model=cnb | text='Selamat pagi semuanya, semoga hari ini menyenangkan.' | label=Normal | conf=0.461 | latency=1.0ms
2026-04-25 02:55:58 | INFO | hate_detect | PREDICT | model=cnb | text='Kamu ini bodoh sekali, tidak usah sok tahu.' | label=Normal | conf=0.500 | latency=0.0ms
2026-04-25 02:55:58 | INFO | hate_detect | PREDICT | model=cnb | text='Jangan kasih suara buat dia, dia pengkhianat.' | label=Hate Speech | conf=0.434 | latency=1.0ms
2026-04-25 02:55:58 | INFO | hate_detect | PREDICT | model=cnb | text='Dasar bego, gitu aja gak becus kerja!' | label=Hate Speech | conf=0.740 | latency=2.5ms
2026-04-25 02:55:58 | INFO | hate_detect | PREDICT | model=cnb | text='Usir saja orang-orang itu dari sini, mereka cuma bikin masal' | label=Hate Speech | conf=0.511 | latency=1.5ms
2026-04-25 02:55:58 | INFO | hate_detect | PREDICT | model=cnb | text='Selamat pagi semuanya, semoga hari ini menyenangkan.' | label=Normal | conf=0.461 | latency=1.0ms
2026-04-25 02:55:58 | INFO | hate_detect | PREDICT | model=cnb | text='Kamu ini bodoh sekali, tidak usah sok tahu.' | label=Normal | conf=0.500 | latency=0.0ms
2026-04-25 02:55:58 | INFO | hate_detect | PREDICT | model=cnb | text='Jangan kasih suara buat dia, dia pengkhianat.' | label=Hate Speech | conf=0.434 | latency=2.4ms
2026-04-25 02:55:58 | INFO | hate_detect | PREDICT | model=cnb | text='Dasar bego, gitu aja gak becus kerja!' | label=Hate Speech | conf=0.740 | latency=0.0ms
2026-04-25 02:55:58 | INFO | hate_detect | PREDICT | model=cnb | text='Usir saja orang-orang itu dari sini, mereka cuma bikin masal' | label=Hate Speech | conf=0.511 | latency=1.0ms
2026-04-25 02:55:58 | INFO | hate_detect | PREDICT | model=cnb | text='Selamat pagi semuanya, semoga hari ini menyenangkan.' | label=Normal | conf=0.461 | latency=2.5ms
2026-04-25 02:55:58 | INFO | hate_detect | PREDICT | model=cnb | text='Kamu ini bodoh sekali, tidak usah sok tahu.' | label=Normal | conf=0.500 | latency=0.0ms
2026-04-25 02:55:58 | INFO | hate_detect | PREDICT | model=cnb | text='Jangan kasih suara buat dia, dia pengkhianat.' | label=Hate Speech | conf=0.434 | latency=0.5ms
2026-04-25 02:55:58 | INFO | hate_detect | PREDICT | model=cnb | text='Dasar bego, gitu aja gak becus kerja!' | label=Hate Speech | conf=0.740 | latency=2.9ms
2026-04-25 02:55:58 | INFO | hate_detect | PREDICT | model=cnb | text='Usir saja orang-orang itu dari sini, mereka cuma bikin masal' | label=Hate Speech | conf=0.511 | latency=2.0ms
2026-04-25 02:55:58 | INFO | hate_detect | PREDICT | model=cnb | text='Selamat pagi semuanya, semoga hari ini menyenangkan.' | label=Normal | conf=0.461 | latency=1.5ms
2026-04-25 02:55:58 | INFO | hate_detect | PREDICT | model=cnb | text='Kamu ini bodoh sekali, tidak usah sok tahu.' | label=Normal | conf=0.500 | latency=0.0ms
2026-04-25 02:55:58 | INFO | hate_detect | PREDICT | model=cnb | text='Jangan kasih suara buat dia, dia pengkhianat.' | label=Hate Speech | conf=0.434 | latency=2.1ms
2026-04-25 02:55:58 | INFO | hate_detect | PREDICT | model=cnb | text='Dasar bego, gitu aja gak becus kerja!' | label=Hate Speech | conf=0.740 | latency=2.1ms
2026-04-25 02:55:58 | INFO | hate_detect | PREDICT | model=cnb | text='Usir saja orang-orang itu dari sini, mereka cuma bikin masal' | label=Hate Speech | conf=0.511 | latency=1.9ms
2026-04-25 02:55:58 | INFO | hate_detect | PREDICT | model=cnb | text='Selamat pagi semuanya, semoga hari ini menyenangkan.' | label=Normal | conf=0.461 | latency=2.0ms
2026-04-25 02:55:58 | INFO | hate_detect | PREDICT | model=cnb | text='Kamu ini bodoh sekali, tidak usah sok tahu.' | label=Normal | conf=0.500 | latency=0.0ms
2026-04-25 02:55:58 | INFO | hate_detect | PREDICT | model=cnb | text='Jangan kasih suara buat dia, dia pengkhianat.' | label=Hate Speech | conf=0.434 | latency=2.0ms
2026-04-25 02:55:58 | INFO | hate_detect | PREDICT | model=cnb | text='Dasar bego, gitu aja gak becus kerja!' | label=Hate Speech | conf=0.740 | latency=3.6ms
2026-04-25 02:55:58 | INFO | hate_detect | PREDICT | model=cnb | text='Usir saja orang-orang itu dari sini, mereka cuma bikin masal' | label=Hate Speech | conf=0.511 | latency=2.4ms
2026-04-25 02:55:58 | INFO | hate_detect | PREDICT | model=cnb | text='Selamat pagi semuanya, semoga hari ini menyenangkan.' | label=Normal | conf=0.461 | latency=1.5ms
2026-04-25 02:55:58 | INFO | hate_detect | PREDICT | model=cnb | text='Kamu ini bodoh sekali, tidak usah sok tahu.' | label=Normal | conf=0.500 | latency=0.0ms
2026-04-25 02:55:58 | INFO | hate_detect | PREDICT | model=cnb | text='Jangan kasih suara buat dia, dia pengkhianat.' | label=Hate Speech | conf=0.434 | latency=1.5ms
2026-04-25 02:55:58 | INFO | hate_detect | PREDICT | model=cnb | text='Dasar bego, gitu aja gak becus kerja!' | label=Hate Speech | conf=0.740 | latency=7.6ms
2026-04-25 02:55:58 | INFO | hate_detect | PREDICT | model=cnb | text='Usir saja orang-orang itu dari sini, mereka cuma bikin masal' | label=Hate Speech | conf=0.511 | latency=2.1ms
2026-04-25 02:55:58 | INFO | hate_detect | PREDICT | model=cnb | text='Selamat pagi semuanya, semoga hari ini menyenangkan.' | label=Normal | conf=0.461 | latency=2.0ms
2026-04-25 02:55:58 | INFO | hate_detect | PREDICT | model=cnb | text='Kamu ini bodoh sekali, tidak usah sok tahu.' | label=Normal | conf=0.500 | latency=0.0ms
2026-04-25 02:55:58 | INFO | hate_detect | PREDICT | model=cnb | text='Jangan kasih suara buat dia, dia pengkhianat.' | label=Hate Speech | conf=0.434 | latency=2.6ms
2026-04-25 02:55:58 | INFO | hate_detect | PREDICT | model=cnb | text='Dasar bego, gitu aja gak becus kerja!' | label=Hate Speech | conf=0.740 | latency=2.7ms
2026-04-25 02:55:58 | INFO | hate_detect | PREDICT | model=cnb | text='Usir saja orang-orang itu dari sini, mereka cuma bikin masal' | label=Hate Speech | conf=0.511 | latency=1.5ms
2026-04-25 02:55:58 | INFO | hate_detect | PREDICT | model=cnb | text='Selamat pagi semuanya, semoga hari ini menyenangkan.' | label=Normal | conf=0.461 | latency=2.8ms
2026-04-25 02:55:58 | INFO | hate_detect | PREDICT | model=cnb | text='Kamu ini bodoh sekali, tidak usah sok tahu.' | label=Normal | conf=0.500 | latency=0.0ms
2026-04-25 02:55:58 | INFO | hate_detect | PREDICT | model=cnb | text='Jangan kasih suara buat dia, dia pengkhianat.' | label=Hate Speech | conf=0.434 | latency=1.6ms
2026-04-25 02:55:58 | INFO | hate_detect | PREDICT | model=indobert | text='Dasar bego, gitu aja gak becus kerja!' | label=Hate Speech | conf=0.999 | latency=107.1ms
2026-04-25 02:55:58 | INFO | hate_detect | PREDICT | model=indobert | text='Usir saja orang-orang itu dari sini, mereka cuma bikin masal' | label=Hate Speech | conf=0.999 | latency=70.1ms
2026-04-25 02:55:58 | INFO | hate_detect | PREDICT | model=indobert | text='Selamat pagi semuanya, semoga hari ini menyenangkan.' | label=Normal | conf=1.000 | latency=67.7ms
2026-04-25 02:55:58 | INFO | hate_detect | PREDICT | model=indobert | text='Kamu ini bodoh sekali, tidak usah sok tahu.' | label=Hate Speech | conf=0.999 | latency=73.0ms
2026-04-25 02:55:58 | INFO | hate_detect | PREDICT | model=indobert | text='Jangan kasih suara buat dia, dia pengkhianat.' | label=Hate Speech | conf=0.999 | latency=95.5ms
2026-04-25 02:55:59 | INFO | hate_detect | PREDICT | model=indobert | text='Dasar bego, gitu aja gak becus kerja!' | label=Hate Speech | conf=0.999 | latency=84.4ms
2026-04-25 02:55:59 | INFO | hate_detect | PREDICT | model=indobert | text='Usir saja orang-orang itu dari sini, mereka cuma bikin masal' | label=Hate Speech | conf=0.999 | latency=81.3ms
2026-04-25 02:55:59 | INFO | hate_detect | PREDICT | model=indobert | text='Selamat pagi semuanya, semoga hari ini menyenangkan.' | label=Normal | conf=1.000 | latency=74.0ms
2026-04-25 02:55:59 | INFO | hate_detect | PREDICT | model=indobert | text='Kamu ini bodoh sekali, tidak usah sok tahu.' | label=Hate Speech | conf=0.999 | latency=60.5ms
2026-04-25 02:55:59 | INFO | hate_detect | PREDICT | model=indobert | text='Jangan kasih suara buat dia, dia pengkhianat.' | label=Hate Speech | conf=0.999 | latency=65.5ms
2026-04-25 02:55:59 | INFO | hate_detect | PREDICT | model=indobert | text='Dasar bego, gitu aja gak becus kerja!' | label=Hate Speech | conf=0.999 | latency=87.3ms
2026-04-25 02:55:59 | INFO | hate_detect | PREDICT | model=indobert | text='Usir saja orang-orang itu dari sini, mereka cuma bikin masal' | label=Hate Speech | conf=0.999 | latency=74.2ms
2026-04-25 02:55:59 | INFO | hate_detect | PREDICT | model=indobert | text='Selamat pagi semuanya, semoga hari ini menyenangkan.' | label=Normal | conf=1.000 | latency=68.7ms
2026-04-25 02:55:59 | INFO | hate_detect | PREDICT | model=indobert | text='Kamu ini bodoh sekali, tidak usah sok tahu.' | label=Hate Speech | conf=0.999 | latency=93.8ms
2026-04-25 02:55:59 | INFO | hate_detect | PREDICT | model=indobert | text='Jangan kasih suara buat dia, dia pengkhianat.' | label=Hate Speech | conf=0.999 | latency=96.4ms
2026-04-25 02:55:59 | INFO | hate_detect | PREDICT | model=indobert | text='Dasar bego, gitu aja gak becus kerja!' | label=Hate Speech | conf=0.999 | latency=96.1ms
2026-04-25 02:55:59 | INFO | hate_detect | PREDICT | model=indobert | text='Usir saja orang-orang itu dari sini, mereka cuma bikin masal' | label=Hate Speech | conf=0.999 | latency=112.2ms
2026-04-25 02:56:00 | INFO | hate_detect | PREDICT | model=indobert | text='Selamat pagi semuanya, semoga hari ini menyenangkan.' | label=Normal | conf=1.000 | latency=109.7ms
2026-04-25 02:56:00 | INFO | hate_detect | PREDICT | model=indobert | text='Kamu ini bodoh sekali, tidak usah sok tahu.' | label=Hate Speech | conf=0.999 | latency=107.4ms
2026-04-25 02:56:00 | INFO | hate_detect | PREDICT | model=indobert | text='Jangan kasih suara buat dia, dia pengkhianat.' | label=Hate Speech | conf=0.999 | latency=133.7ms
2026-04-25 02:56:00 | INFO | hate_detect | PREDICT | model=indobert | text='Dasar bego, gitu aja gak becus kerja!' | label=Hate Speech | conf=0.999 | latency=73.3ms
2026-04-25 02:56:00 | INFO | hate_detect | PREDICT | model=indobert | text='Usir saja orang-orang itu dari sini, mereka cuma bikin masal' | label=Hate Speech | conf=0.999 | latency=72.8ms
2026-04-25 02:56:00 | INFO | hate_detect | PREDICT | model=indobert | text='Selamat pagi semuanya, semoga hari ini menyenangkan.' | label=Normal | conf=1.000 | latency=70.1ms
2026-04-25 02:56:00 | INFO | hate_detect | PREDICT | model=indobert | text='Kamu ini bodoh sekali, tidak usah sok tahu.' | label=Hate Speech | conf=0.999 | latency=79.0ms
2026-04-25 02:56:00 | INFO | hate_detect | PREDICT | model=indobert | text='Jangan kasih suara buat dia, dia pengkhianat.' | label=Hate Speech | conf=0.999 | latency=67.9ms
2026-04-25 02:56:00 | INFO | hate_detect | PREDICT | model=indobert | text='Dasar bego, gitu aja gak becus kerja!' | label=Hate Speech | conf=0.999 | latency=68.3ms
2026-04-25 02:56:00 | INFO | hate_detect | PREDICT | model=indobert | text='Usir saja orang-orang itu dari sini, mereka cuma bikin masal' | label=Hate Speech | conf=0.999 | latency=104.7ms
2026-04-25 02:56:00 | INFO | hate_detect | PREDICT | model=indobert | text='Selamat pagi semuanya, semoga hari ini menyenangkan.' | label=Normal | conf=1.000 | latency=97.3ms
2026-04-25 02:56:01 | INFO | hate_detect | PREDICT | model=indobert | text='Kamu ini bodoh sekali, tidak usah sok tahu.' | label=Hate Speech | conf=0.999 | latency=198.6ms
2026-04-25 02:56:01 | INFO | hate_detect | PREDICT | model=indobert | text='Jangan kasih suara buat dia, dia pengkhianat.' | label=Hate Speech | conf=0.999 | latency=94.9ms
2026-04-25 02:56:01 | INFO | hate_detect | PREDICT | model=indobert | text='Dasar bego, gitu aja gak becus kerja!' | label=Hate Speech | conf=0.999 | latency=89.1ms
2026-04-25 02:56:01 | INFO | hate_detect | PREDICT | model=indobert | text='Usir saja orang-orang itu dari sini, mereka cuma bikin masal' | label=Hate Speech | conf=0.999 | latency=107.5ms
2026-04-25 02:56:01 | INFO | hate_detect | PREDICT | model=indobert | text='Selamat pagi semuanya, semoga hari ini menyenangkan.' | label=Normal | conf=1.000 | latency=71.0ms
2026-04-25 02:56:01 | INFO | hate_detect | PREDICT | model=indobert | text='Kamu ini bodoh sekali, tidak usah sok tahu.' | label=Hate Speech | conf=0.999 | latency=68.4ms
2026-04-25 02:56:01 | INFO | hate_detect | PREDICT | model=indobert | text='Jangan kasih suara buat dia, dia pengkhianat.' | label=Hate Speech | conf=0.999 | latency=71.0ms
2026-04-25 02:56:01 | INFO | hate_detect | PREDICT | model=indobert | text='Dasar bego, gitu aja gak becus kerja!' | label=Hate Speech | conf=0.999 | latency=65.7ms
2026-04-25 02:56:01 | INFO | hate_detect | PREDICT | model=indobert | text='Usir saja orang-orang itu dari sini, mereka cuma bikin masal' | label=Hate Speech | conf=0.999 | latency=76.6ms
2026-04-25 02:56:01 | INFO | hate_detect | PREDICT | model=indobert | text='Selamat pagi semuanya, semoga hari ini menyenangkan.' | label=Normal | conf=1.000 | latency=88.6ms
2026-04-25 02:56:02 | INFO | hate_detect | PREDICT | model=indobert | text='Kamu ini bodoh sekali, tidak usah sok tahu.' | label=Hate Speech | conf=0.999 | latency=91.8ms
2026-04-25 02:56:02 | INFO | hate_detect | PREDICT | model=indobert | text='Jangan kasih suara buat dia, dia pengkhianat.' | label=Hate Speech | conf=0.999 | latency=79.4ms
2026-04-25 02:56:02 | INFO | hate_detect | PREDICT | model=indobert | text='Dasar bego, gitu aja gak becus kerja!' | label=Hate Speech | conf=0.999 | latency=76.2ms
2026-04-25 02:56:02 | INFO | hate_detect | PREDICT | model=indobert | text='Usir saja orang-orang itu dari sini, mereka cuma bikin masal' | label=Hate Speech | conf=0.999 | latency=74.0ms
2026-04-25 02:56:02 | INFO | hate_detect | PREDICT | model=indobert | text='Selamat pagi semuanya, semoga hari ini menyenangkan.' | label=Normal | conf=1.000 | latency=65.5ms
2026-04-25 02:56:02 | INFO | hate_detect | PREDICT | model=indobert | text='Kamu ini bodoh sekali, tidak usah sok tahu.' | label=Hate Speech | conf=0.999 | latency=69.9ms
2026-04-25 02:56:02 | INFO | hate_detect | PREDICT | model=indobert | text='Jangan kasih suara buat dia, dia pengkhianat.' | label=Hate Speech | conf=0.999 | latency=85.7ms
2026-04-25 02:56:02 | INFO | hate_detect | PREDICT | model=indobert | text='Dasar bego, gitu aja gak becus kerja!' | label=Hate Speech | conf=0.999 | latency=110.6ms
2026-04-25 02:56:02 | INFO | hate_detect | PREDICT | model=indobert | text='Usir saja orang-orang itu dari sini, mereka cuma bikin masal' | label=Hate Speech | conf=0.999 | latency=89.9ms
2026-04-25 02:56:02 | INFO | hate_detect | PREDICT | model=indobert | text='Selamat pagi semuanya, semoga hari ini menyenangkan.' | label=Normal | conf=1.000 | latency=59.4ms
2026-04-25 02:56:02 | INFO | hate_detect | PREDICT | model=indobert | text='Kamu ini bodoh sekali, tidak usah sok tahu.' | label=Hate Speech | conf=0.999 | latency=65.5ms
2026-04-25 02:56:02 | INFO | hate_detect | PREDICT | model=indobert | text='Jangan kasih suara buat dia, dia pengkhianat.' | label=Hate Speech | conf=0.999 | latency=96.2ms
2026-04-25 02:56:03 | INFO | hate_detect | PREDICT | model=indobert | text='Dasar bego, gitu aja gak becus kerja!' | label=Hate Speech | conf=0.999 | latency=67.1ms
2026-04-25 02:56:03 | INFO | hate_detect | PREDICT | model=indobert | text='Usir saja orang-orang itu dari sini, mereka cuma bikin masal' | label=Hate Speech | conf=0.999 | latency=63.6ms
2026-04-25 02:56:03 | INFO | hate_detect | PREDICT | model=indobert | text='Selamat pagi semuanya, semoga hari ini menyenangkan.' | label=Normal | conf=1.000 | latency=63.4ms
2026-04-25 02:56:03 | INFO | hate_detect | PREDICT | model=indobert | text='Kamu ini bodoh sekali, tidak usah sok tahu.' | label=Hate Speech | conf=0.999 | latency=80.9ms
2026-04-25 02:56:03 | INFO | hate_detect | PREDICT | model=indobert | text='Jangan kasih suara buat dia, dia pengkhianat.' | label=Hate Speech | conf=0.999 | latency=108.4ms
2026-04-25 02:56:03 | INFO | hate_detect | PREDICT | model=indobert | text='Dasar bego, gitu aja gak becus kerja!' | label=Hate Speech | conf=0.999 | latency=264.5ms
2026-04-25 02:56:03 | INFO | hate_detect | PREDICT | model=indobert | text='Usir saja orang-orang itu dari sini, mereka cuma bikin masal' | label=Hate Speech | conf=0.999 | latency=98.1ms
2026-04-25 02:56:03 | INFO | hate_detect | PREDICT | model=indobert | text='Selamat pagi semuanya, semoga hari ini menyenangkan.' | label=Normal | conf=1.000 | latency=117.1ms
2026-04-25 02:56:03 | INFO | hate_detect | PREDICT | model=indobert | text='Kamu ini bodoh sekali, tidak usah sok tahu.' | label=Hate Speech | conf=0.999 | latency=109.9ms
2026-04-25 02:56:04 | INFO | hate_detect | PREDICT | model=indobert | text='Jangan kasih suara buat dia, dia pengkhianat.' | label=Hate Speech | conf=0.999 | latency=63.1ms
2026-04-25 02:56:04 | INFO | hate_detect | PREDICT | model=indobert | text='Dasar bego, gitu aja gak becus kerja!' | label=Hate Speech | conf=0.999 | latency=68.3ms
2026-04-25 02:56:04 | INFO | hate_detect | PREDICT | model=indobert | text='Usir saja orang-orang itu dari sini, mereka cuma bikin masal' | label=Hate Speech | conf=0.999 | latency=87.5ms
2026-04-25 02:56:04 | INFO | hate_detect | PREDICT | model=indobert | text='Selamat pagi semuanya, semoga hari ini menyenangkan.' | label=Normal | conf=1.000 | latency=111.4ms
2026-04-25 02:56:04 | INFO | hate_detect | PREDICT | model=indobert | text='Kamu ini bodoh sekali, tidak usah sok tahu.' | label=Hate Speech | conf=0.999 | latency=134.0ms
2026-04-25 02:56:04 | INFO | hate_detect | PREDICT | model=indobert | text='Jangan kasih suara buat dia, dia pengkhianat.' | label=Hate Speech | conf=0.999 | latency=122.7ms
2026-04-25 02:56:04 | INFO | hate_detect | PREDICT | model=indobert | text='Dasar bego, gitu aja gak becus kerja!' | label=Hate Speech | conf=0.999 | latency=109.9ms
2026-04-25 02:56:04 | INFO | hate_detect | PREDICT | model=indobert | text='Usir saja orang-orang itu dari sini, mereka cuma bikin masal' | label=Hate Speech | conf=0.999 | latency=100.4ms
2026-04-25 02:56:04 | INFO | hate_detect | PREDICT | model=indobert | text='Selamat pagi semuanya, semoga hari ini menyenangkan.' | label=Normal | conf=1.000 | latency=111.4ms
2026-04-25 02:56:05 | INFO | hate_detect | PREDICT | model=indobert | text='Kamu ini bodoh sekali, tidak usah sok tahu.' | label=Hate Speech | conf=0.999 | latency=116.9ms
2026-04-25 02:56:05 | INFO | hate_detect | PREDICT | model=indobert | text='Jangan kasih suara buat dia, dia pengkhianat.' | label=Hate Speech | conf=0.999 | latency=159.7ms
2026-04-25 02:56:05 | INFO | hate_detect | PREDICT | model=indobert | text='Dasar bego, gitu aja gak becus kerja!' | label=Hate Speech | conf=0.999 | latency=87.4ms
2026-04-25 02:56:05 | INFO | hate_detect | PREDICT | model=indobert | text='Usir saja orang-orang itu dari sini, mereka cuma bikin masal' | label=Hate Speech | conf=0.999 | latency=120.1ms
2026-04-25 02:56:05 | INFO | hate_detect | PREDICT | model=indobert | text='Selamat pagi semuanya, semoga hari ini menyenangkan.' | label=Normal | conf=1.000 | latency=83.5ms
2026-04-25 02:56:05 | INFO | hate_detect | PREDICT | model=indobert | text='Kamu ini bodoh sekali, tidak usah sok tahu.' | label=Hate Speech | conf=0.999 | latency=90.1ms
2026-04-25 02:56:05 | INFO | hate_detect | PREDICT | model=indobert | text='Jangan kasih suara buat dia, dia pengkhianat.' | label=Hate Speech | conf=0.999 | latency=82.2ms
2026-04-25 02:56:05 | INFO | hate_detect | PREDICT | model=indobert | text='Dasar bego, gitu aja gak becus kerja!' | label=Hate Speech | conf=0.999 | latency=88.7ms
2026-04-25 02:56:05 | INFO | hate_detect | PREDICT | model=indobert | text='Usir saja orang-orang itu dari sini, mereka cuma bikin masal' | label=Hate Speech | conf=0.999 | latency=118.8ms
2026-04-25 02:56:06 | INFO | hate_detect | PREDICT | model=indobert | text='Selamat pagi semuanya, semoga hari ini menyenangkan.' | label=Normal | conf=1.000 | latency=106.2ms
2026-04-25 02:56:06 | INFO | hate_detect | PREDICT | model=indobert | text='Kamu ini bodoh sekali, tidak usah sok tahu.' | label=Hate Speech | conf=0.999 | latency=80.0ms
2026-04-25 02:56:06 | INFO | hate_detect | PREDICT | model=indobert | text='Jangan kasih suara buat dia, dia pengkhianat.' | label=Hate Speech | conf=0.999 | latency=106.4ms
2026-04-25 02:56:06 | INFO | hate_detect | PREDICT | model=indobert | text='Dasar bego, gitu aja gak becus kerja!' | label=Hate Speech | conf=0.999 | latency=162.0ms
2026-04-25 02:56:06 | INFO | hate_detect | PREDICT | model=indobert | text='Usir saja orang-orang itu dari sini, mereka cuma bikin masal' | label=Hate Speech | conf=0.999 | latency=94.3ms
2026-04-25 02:56:06 | INFO | hate_detect | PREDICT | model=indobert | text='Selamat pagi semuanya, semoga hari ini menyenangkan.' | label=Normal | conf=1.000 | latency=67.0ms
2026-04-25 02:56:06 | INFO | hate_detect | PREDICT | model=indobert | text='Kamu ini bodoh sekali, tidak usah sok tahu.' | label=Hate Speech | conf=0.999 | latency=182.8ms
2026-04-25 02:56:06 | INFO | hate_detect | PREDICT | model=indobert | text='Jangan kasih suara buat dia, dia pengkhianat.' | label=Hate Speech | conf=0.999 | latency=71.0ms
2026-04-25 02:56:06 | INFO | hate_detect | PREDICT | model=indobert | text='Dasar bego, gitu aja gak becus kerja!' | label=Hate Speech | conf=0.999 | latency=72.6ms
2026-04-25 02:56:06 | INFO | hate_detect | PREDICT | model=indobert | text='Usir saja orang-orang itu dari sini, mereka cuma bikin masal' | label=Hate Speech | conf=0.999 | latency=90.2ms
2026-04-25 02:56:07 | INFO | hate_detect | PREDICT | model=indobert | text='Selamat pagi semuanya, semoga hari ini menyenangkan.' | label=Normal | conf=1.000 | latency=72.5ms
2026-04-25 02:56:07 | INFO | hate_detect | PREDICT | model=indobert | text='Kamu ini bodoh sekali, tidak usah sok tahu.' | label=Hate Speech | conf=0.999 | latency=63.2ms
2026-04-25 02:56:07 | INFO | hate_detect | PREDICT | model=indobert | text='Jangan kasih suara buat dia, dia pengkhianat.' | label=Hate Speech | conf=0.999 | latency=64.7ms
2026-04-25 02:56:07 | INFO | hate_detect | PREDICT | model=indobert | text='Dasar bego, gitu aja gak becus kerja!' | label=Hate Speech | conf=0.999 | latency=63.3ms
2026-04-25 02:56:07 | INFO | hate_detect | PREDICT | model=indobert | text='Usir saja orang-orang itu dari sini, mereka cuma bikin masal' | label=Hate Speech | conf=0.999 | latency=63.7ms
2026-04-25 02:56:07 | INFO | hate_detect | PREDICT | model=indobert | text='Selamat pagi semuanya, semoga hari ini menyenangkan.' | label=Normal | conf=1.000 | latency=62.0ms
2026-04-25 02:56:07 | INFO | hate_detect | PREDICT | model=indobert | text='Kamu ini bodoh sekali, tidak usah sok tahu.' | label=Hate Speech | conf=0.999 | latency=80.2ms
2026-04-25 02:56:07 | INFO | hate_detect | PREDICT | model=indobert | text='Jangan kasih suara buat dia, dia pengkhianat.' | label=Hate Speech | conf=0.999 | latency=74.2ms
2026-04-25 02:56:07 | INFO | hate_detect | PREDICT | model=indobert | text='Dasar bego, gitu aja gak becus kerja!' | label=Hate Speech | conf=0.999 | latency=68.9ms
2026-04-25 02:56:07 | INFO | hate_detect | PREDICT | model=indobert | text='Usir saja orang-orang itu dari sini, mereka cuma bikin masal' | label=Hate Speech | conf=0.999 | latency=67.8ms
2026-04-25 02:56:07 | INFO | hate_detect | PREDICT | model=indobert | text='Selamat pagi semuanya, semoga hari ini menyenangkan.' | label=Normal | conf=1.000 | latency=60.9ms
2026-04-25 02:56:07 | INFO | hate_detect | PREDICT | model=indobert | text='Kamu ini bodoh sekali, tidak usah sok tahu.' | label=Hate Speech | conf=0.999 | latency=76.1ms
2026-04-25 02:56:07 | INFO | hate_detect | PREDICT | model=indobert | text='Jangan kasih suara buat dia, dia pengkhianat.' | label=Hate Speech | conf=0.999 | latency=93.6ms
2026-04-25 02:56:08 | INFO | hate_detect | PREDICT | model=indobert | text='Dasar bego, gitu aja gak becus kerja!' | label=Hate Speech | conf=0.999 | latency=67.4ms
2026-04-25 02:56:08 | INFO | hate_detect | PREDICT | model=indobert | text='Usir saja orang-orang itu dari sini, mereka cuma bikin masal' | label=Hate Speech | conf=0.999 | latency=153.6ms
2026-04-25 02:56:08 | INFO | hate_detect | PREDICT | model=indobert | text='Selamat pagi semuanya, semoga hari ini menyenangkan.' | label=Normal | conf=1.000 | latency=124.2ms
2026-04-25 02:56:08 | INFO | hate_detect | PREDICT | model=indobert | text='Kamu ini bodoh sekali, tidak usah sok tahu.' | label=Hate Speech | conf=0.999 | latency=89.7ms
2026-04-25 02:56:08 | INFO | hate_detect | PREDICT | model=indobert | text='Jangan kasih suara buat dia, dia pengkhianat.' | label=Hate Speech | conf=0.999 | latency=82.8ms
2026-04-25 02:56:08 | INFO | hate_detect | PREDICT | model=indobert | text='Dasar bego, gitu aja gak becus kerja!' | label=Hate Speech | conf=0.999 | latency=108.9ms
2026-04-25 02:56:08 | INFO | hate_detect | PREDICT | model=indobert | text='Usir saja orang-orang itu dari sini, mereka cuma bikin masal' | label=Hate Speech | conf=0.999 | latency=119.3ms
2026-04-25 02:56:08 | INFO | hate_detect | PREDICT | model=indobert | text='Selamat pagi semuanya, semoga hari ini menyenangkan.' | label=Normal | conf=1.000 | latency=70.3ms
2026-04-25 02:56:08 | INFO | hate_detect | PREDICT | model=indobert | text='Kamu ini bodoh sekali, tidak usah sok tahu.' | label=Hate Speech | conf=0.999 | latency=65.6ms
2026-04-25 02:56:08 | INFO | hate_detect | PREDICT | model=indobert | text='Jangan kasih suara buat dia, dia pengkhianat.' | label=Hate Speech | conf=0.999 | latency=99.3ms
2026-04-25 02:56:09 | INFO | hate_detect | PREDICT | model=indobert | text='Dasar bego, gitu aja gak becus kerja!' | label=Hate Speech | conf=0.999 | latency=79.3ms
2026-04-25 02:56:09 | INFO | hate_detect | PREDICT | model=indobert | text='Usir saja orang-orang itu dari sini, mereka cuma bikin masal' | label=Hate Speech | conf=0.999 | latency=79.1ms
2026-04-25 02:56:09 | INFO | hate_detect | PREDICT | model=indobert | text='Selamat pagi semuanya, semoga hari ini menyenangkan.' | label=Normal | conf=1.000 | latency=81.9ms
2026-04-25 02:56:09 | INFO | hate_detect | PREDICT | model=indobert | text='Kamu ini bodoh sekali, tidak usah sok tahu.' | label=Hate Speech | conf=0.999 | latency=114.5ms
2026-04-25 02:56:09 | INFO | hate_detect | PREDICT | model=indobert | text='Jangan kasih suara buat dia, dia pengkhianat.' | label=Hate Speech | conf=0.999 | latency=227.2ms
2026-04-25 02:56:09 | INFO | hate_detect | PREDICT | model=indobert | text='Dasar bego, gitu aja gak becus kerja!' | label=Hate Speech | conf=0.999 | latency=126.4ms
2026-04-25 02:56:09 | INFO | hate_detect | PREDICT | model=indobert | text='Usir saja orang-orang itu dari sini, mereka cuma bikin masal' | label=Hate Speech | conf=0.999 | latency=130.6ms
2026-04-25 02:56:10 | INFO | hate_detect | PREDICT | model=indobert | text='Selamat pagi semuanya, semoga hari ini menyenangkan.' | label=Normal | conf=1.000 | latency=111.6ms
2026-04-25 02:56:10 | INFO | hate_detect | PREDICT | model=indobert | text='Kamu ini bodoh sekali, tidak usah sok tahu.' | label=Hate Speech | conf=0.999 | latency=82.2ms
2026-04-25 02:56:10 | INFO | hate_detect | PREDICT | model=indobert | text='Jangan kasih suara buat dia, dia pengkhianat.' | label=Hate Speech | conf=0.999 | latency=95.6ms
2026-04-25 02:56:10 | INFO | hate_detect | PREDICT | model=indobert | text='Dasar bego, gitu aja gak becus kerja!' | label=Hate Speech | conf=0.999 | latency=95.0ms
2026-04-25 02:56:10 | INFO | hate_detect | PREDICT | model=indobert | text='Usir saja orang-orang itu dari sini, mereka cuma bikin masal' | label=Hate Speech | conf=0.999 | latency=90.1ms
2026-04-25 02:56:10 | INFO | hate_detect | PREDICT | model=indobert | text='Selamat pagi semuanya, semoga hari ini menyenangkan.' | label=Normal | conf=1.000 | latency=78.0ms
2026-04-25 02:56:10 | INFO | hate_detect | PREDICT | model=indobert | text='Kamu ini bodoh sekali, tidak usah sok tahu.' | label=Hate Speech | conf=0.999 | latency=85.7ms
2026-04-25 02:56:10 | INFO | hate_detect | PREDICT | model=indobert | text='Jangan kasih suara buat dia, dia pengkhianat.' | label=Hate Speech | conf=0.999 | latency=115.5ms
2026-04-25 02:56:10 | INFO | hate_detect | PREDICT | model=indobert | text='Dasar bego, gitu aja gak becus kerja!' | label=Hate Speech | conf=0.999 | latency=239.5ms
2026-04-25 02:56:11 | INFO | hate_detect | PREDICT | model=indobert | text='Usir saja orang-orang itu dari sini, mereka cuma bikin masal' | label=Hate Speech | conf=0.999 | latency=133.6ms
2026-04-25 02:56:11 | INFO | hate_detect | PREDICT | model=indobert | text='Selamat pagi semuanya, semoga hari ini menyenangkan.' | label=Normal | conf=1.000 | latency=106.5ms
2026-04-25 02:56:11 | INFO | hate_detect | PREDICT | model=indobert | text='Kamu ini bodoh sekali, tidak usah sok tahu.' | label=Hate Speech | conf=0.999 | latency=113.9ms
2026-04-25 02:56:11 | INFO | hate_detect | PREDICT | model=indobert | text='Jangan kasih suara buat dia, dia pengkhianat.' | label=Hate Speech | conf=0.999 | latency=100.2ms
2026-04-25 02:56:11 | INFO | hate_detect | PREDICT | model=indobert | text='Dasar bego, gitu aja gak becus kerja!' | label=Hate Speech | conf=0.999 | latency=79.5ms
2026-04-25 02:56:11 | INFO | hate_detect | PREDICT | model=indobert | text='Usir saja orang-orang itu dari sini, mereka cuma bikin masal' | label=Hate Speech | conf=0.999 | latency=71.3ms
2026-04-25 02:56:11 | INFO | hate_detect | PREDICT | model=indobert | text='Selamat pagi semuanya, semoga hari ini menyenangkan.' | label=Normal | conf=1.000 | latency=77.5ms
2026-04-25 02:56:11 | INFO | hate_detect | PREDICT | model=indobert | text='Kamu ini bodoh sekali, tidak usah sok tahu.' | label=Hate Speech | conf=0.999 | latency=76.8ms
2026-04-25 02:56:11 | INFO | hate_detect | PREDICT | model=indobert | text='Jangan kasih suara buat dia, dia pengkhianat.' | label=Hate Speech | conf=0.999 | latency=88.3ms
2026-04-25 02:56:11 | INFO | hate_detect | PREDICT | model=indobert | text='Dasar bego, gitu aja gak becus kerja!' | label=Hate Speech | conf=0.999 | latency=110.1ms
2026-04-25 02:56:12 | INFO | hate_detect | PREDICT | model=indobert | text='Usir saja orang-orang itu dari sini, mereka cuma bikin masal' | label=Hate Speech | conf=0.999 | latency=90.3ms
2026-04-25 02:56:12 | INFO | hate_detect | PREDICT | model=indobert | text='Selamat pagi semuanya, semoga hari ini menyenangkan.' | label=Normal | conf=1.000 | latency=66.6ms
2026-04-25 02:56:12 | INFO | hate_detect | PREDICT | model=indobert | text='Kamu ini bodoh sekali, tidak usah sok tahu.' | label=Hate Speech | conf=0.999 | latency=63.8ms
2026-04-25 02:56:12 | INFO | hate_detect | PREDICT | model=indobert | text='Jangan kasih suara buat dia, dia pengkhianat.' | label=Hate Speech | conf=0.999 | latency=64.1ms
2026-04-25 02:56:12 | INFO | hate_detect | PREDICT | model=indobert | text='Dasar bego, gitu aja gak becus kerja!' | label=Hate Speech | conf=0.999 | latency=88.9ms
2026-04-25 02:56:12 | INFO | hate_detect | PREDICT | model=indobert | text='Usir saja orang-orang itu dari sini, mereka cuma bikin masal' | label=Hate Speech | conf=0.999 | latency=111.6ms
2026-04-25 02:56:12 | INFO | hate_detect | PREDICT | model=indobert | text='Selamat pagi semuanya, semoga hari ini menyenangkan.' | label=Normal | conf=1.000 | latency=75.6ms
2026-04-25 02:56:12 | INFO | hate_detect | PREDICT | model=indobert | text='Kamu ini bodoh sekali, tidak usah sok tahu.' | label=Hate Speech | conf=0.999 | latency=69.3ms
2026-04-25 02:56:12 | INFO | hate_detect | PREDICT | model=indobert | text='Jangan kasih suara buat dia, dia pengkhianat.' | label=Hate Speech | conf=0.999 | latency=59.6ms
2026-04-25 02:56:12 | INFO | hate_detect | PREDICT | model=indobert | text='Dasar bego, gitu aja gak becus kerja!' | label=Hate Speech | conf=0.999 | latency=61.0ms
2026-04-25 02:56:12 | INFO | hate_detect | PREDICT | model=indobert | text='Usir saja orang-orang itu dari sini, mereka cuma bikin masal' | label=Hate Speech | conf=0.999 | latency=76.8ms
2026-04-25 02:56:12 | INFO | hate_detect | PREDICT | model=indobert | text='Selamat pagi semuanya, semoga hari ini menyenangkan.' | label=Normal | conf=1.000 | latency=93.5ms
2026-04-25 02:56:12 | INFO | hate_detect | PREDICT | model=indobert | text='Kamu ini bodoh sekali, tidak usah sok tahu.' | label=Hate Speech | conf=0.999 | latency=81.4ms
2026-04-25 02:56:13 | INFO | hate_detect | PREDICT | model=indobert | text='Jangan kasih suara buat dia, dia pengkhianat.' | label=Hate Speech | conf=0.999 | latency=64.6ms
2026-04-25 02:56:13 | INFO | hate_detect | PREDICT | model=indobert | text='Dasar bego, gitu aja gak becus kerja!' | label=Hate Speech | conf=0.999 | latency=105.6ms
2026-04-25 02:56:13 | INFO | hate_detect | PREDICT | model=indobert | text='Usir saja orang-orang itu dari sini, mereka cuma bikin masal' | label=Hate Speech | conf=0.999 | latency=133.5ms
2026-04-25 02:56:13 | INFO | hate_detect | PREDICT | model=indobert | text='Selamat pagi semuanya, semoga hari ini menyenangkan.' | label=Normal | conf=1.000 | latency=77.3ms
2026-04-25 02:56:13 | INFO | hate_detect | PREDICT | model=indobert | text='Kamu ini bodoh sekali, tidak usah sok tahu.' | label=Hate Speech | conf=0.999 | latency=80.3ms
2026-04-25 02:56:13 | INFO | hate_detect | PREDICT | model=indobert | text='Jangan kasih suara buat dia, dia pengkhianat.' | label=Hate Speech | conf=0.999 | latency=104.8ms
2026-04-25 02:56:13 | INFO | hate_detect | PREDICT | model=indobert | text='Dasar bego, gitu aja gak becus kerja!' | label=Hate Speech | conf=0.999 | latency=86.8ms
2026-04-25 02:56:13 | INFO | hate_detect | PREDICT | model=indobert | text='Usir saja orang-orang itu dari sini, mereka cuma bikin masal' | label=Hate Speech | conf=0.999 | latency=66.4ms
2026-04-25 02:56:13 | INFO | hate_detect | PREDICT | model=indobert | text='Selamat pagi semuanya, semoga hari ini menyenangkan.' | label=Normal | conf=1.000 | latency=65.8ms
2026-04-25 02:56:13 | INFO | hate_detect | PREDICT | model=indobert | text='Kamu ini bodoh sekali, tidak usah sok tahu.' | label=Hate Speech | conf=0.999 | latency=62.9ms
2026-04-25 02:56:13 | INFO | hate_detect | PREDICT | model=indobert | text='Jangan kasih suara buat dia, dia pengkhianat.' | label=Hate Speech | conf=0.999 | latency=90.6ms
2026-04-25 02:56:14 | INFO | hate_detect | PREDICT | model=indobert | text='Dasar bego, gitu aja gak becus kerja!' | label=Hate Speech | conf=0.999 | latency=71.4ms
2026-04-25 02:56:14 | INFO | hate_detect | PREDICT | model=indobert | text='Usir saja orang-orang itu dari sini, mereka cuma bikin masal' | label=Hate Speech | conf=0.999 | latency=87.4ms
2026-04-25 02:56:14 | INFO | hate_detect | PREDICT | model=indobert | text='Selamat pagi semuanya, semoga hari ini menyenangkan.' | label=Normal | conf=1.000 | latency=79.6ms
2026-04-25 02:56:14 | INFO | hate_detect | PREDICT | model=indobert | text='Kamu ini bodoh sekali, tidak usah sok tahu.' | label=Hate Speech | conf=0.999 | latency=94.3ms
2026-04-25 02:56:14 | INFO | hate_detect | PREDICT | model=indobert | text='Jangan kasih suara buat dia, dia pengkhianat.' | label=Hate Speech | conf=0.999 | latency=178.9ms
2026-04-25 02:56:14 | INFO | hate_detect | PREDICT | model=indobert | text='Dasar bego, gitu aja gak becus kerja!' | label=Hate Speech | conf=0.999 | latency=83.8ms
2026-04-25 02:56:14 | INFO | hate_detect | PREDICT | model=indobert | text='Usir saja orang-orang itu dari sini, mereka cuma bikin masal' | label=Hate Speech | conf=0.999 | latency=81.0ms
2026-04-25 02:56:14 | INFO | hate_detect | PREDICT | model=indobert | text='Selamat pagi semuanya, semoga hari ini menyenangkan.' | label=Normal | conf=1.000 | latency=161.5ms
2026-04-25 02:56:14 | INFO | hate_detect | PREDICT | model=indobert | text='Kamu ini bodoh sekali, tidak usah sok tahu.' | label=Hate Speech | conf=0.999 | latency=132.6ms
2026-04-25 02:56:15 | INFO | hate_detect | PREDICT | model=indobert | text='Jangan kasih suara buat dia, dia pengkhianat.' | label=Hate Speech | conf=0.999 | latency=82.1ms
2026-04-25 02:56:15 | INFO | hate_detect | PREDICT | model=indobert | text='Dasar bego, gitu aja gak becus kerja!' | label=Hate Speech | conf=0.999 | latency=72.6ms
2026-04-25 02:56:15 | INFO | hate_detect | PREDICT | model=indobert | text='Usir saja orang-orang itu dari sini, mereka cuma bikin masal' | label=Hate Speech | conf=0.999 | latency=73.0ms
2026-04-25 02:56:15 | INFO | hate_detect | PREDICT | model=indobert | text='Selamat pagi semuanya, semoga hari ini menyenangkan.' | label=Normal | conf=1.000 | latency=67.5ms
2026-04-25 02:56:15 | INFO | hate_detect | PREDICT | model=indobert | text='Kamu ini bodoh sekali, tidak usah sok tahu.' | label=Hate Speech | conf=0.999 | latency=72.8ms
2026-04-25 02:56:15 | INFO | hate_detect | PREDICT | model=indobert | text='Jangan kasih suara buat dia, dia pengkhianat.' | label=Hate Speech | conf=0.999 | latency=81.7ms
2026-04-25 02:56:15 | INFO | hate_detect | PREDICT | model=indobert | text='Dasar bego, gitu aja gak becus kerja!' | label=Hate Speech | conf=0.999 | latency=82.6ms
2026-04-25 02:56:15 | INFO | hate_detect | PREDICT | model=indobert | text='Usir saja orang-orang itu dari sini, mereka cuma bikin masal' | label=Hate Speech | conf=0.999 | latency=95.6ms
2026-04-25 02:56:15 | INFO | hate_detect | PREDICT | model=indobert | text='Selamat pagi semuanya, semoga hari ini menyenangkan.' | label=Normal | conf=1.000 | latency=181.9ms
2026-04-25 02:56:16 | INFO | hate_detect | PREDICT | model=indobert | text='Kamu ini bodoh sekali, tidak usah sok tahu.' | label=Hate Speech | conf=0.999 | latency=211.4ms
2026-04-25 02:56:16 | INFO | hate_detect | PREDICT | model=indobert | text='Jangan kasih suara buat dia, dia pengkhianat.' | label=Hate Speech | conf=0.999 | latency=94.7ms
2026-04-25 02:56:16 | INFO | hate_detect | PREDICT | model=indobert | text='Dasar bego, gitu aja gak becus kerja!' | label=Hate Speech | conf=0.999 | latency=81.1ms
2026-04-25 02:56:16 | INFO | hate_detect | PREDICT | model=indobert | text='Usir saja orang-orang itu dari sini, mereka cuma bikin masal' | label=Hate Speech | conf=0.999 | latency=79.7ms
2026-04-25 02:56:16 | INFO | hate_detect | PREDICT | model=indobert | text='Selamat pagi semuanya, semoga hari ini menyenangkan.' | label=Normal | conf=1.000 | latency=75.8ms
2026-04-25 02:56:16 | INFO | hate_detect | PREDICT | model=indobert | text='Kamu ini bodoh sekali, tidak usah sok tahu.' | label=Hate Speech | conf=0.999 | latency=75.5ms
2026-04-25 02:56:16 | INFO | hate_detect | PREDICT | model=indobert | text='Jangan kasih suara buat dia, dia pengkhianat.' | label=Hate Speech | conf=0.999 | latency=74.1ms
2026-04-25 02:56:16 | INFO | hate_detect | PREDICT | model=indobert | text='Dasar bego, gitu aja gak becus kerja!' | label=Hate Speech | conf=0.999 | latency=74.4ms
2026-04-25 02:56:16 | INFO | hate_detect | PREDICT | model=indobert | text='Usir saja orang-orang itu dari sini, mereka cuma bikin masal' | label=Hate Speech | conf=0.999 | latency=80.1ms
2026-04-25 02:56:16 | INFO | hate_detect | PREDICT | model=indobert | text='Selamat pagi semuanya, semoga hari ini menyenangkan.' | label=Normal | conf=1.000 | latency=94.5ms
2026-04-25 02:56:16 | INFO | hate_detect | PREDICT | model=indobert | text='Kamu ini bodoh sekali, tidak usah sok tahu.' | label=Hate Speech | conf=0.999 | latency=104.6ms
2026-04-25 02:56:16 | INFO | hate_detect | PREDICT | model=indobert | text='Jangan kasih suara buat dia, dia pengkhianat.' | label=Hate Speech | conf=0.999 | latency=96.2ms
2026-04-25 02:56:17 | INFO | hate_detect | PREDICT | model=indobert | text='Dasar bego, gitu aja gak becus kerja!' | label=Hate Speech | conf=0.999 | latency=72.9ms
2026-04-25 02:56:17 | INFO | hate_detect | PREDICT | model=indobert | text='Usir saja orang-orang itu dari sini, mereka cuma bikin masal' | label=Hate Speech | conf=0.999 | latency=85.6ms
2026-04-25 02:56:17 | INFO | hate_detect | PREDICT | model=indobert | text='Selamat pagi semuanya, semoga hari ini menyenangkan.' | label=Normal | conf=1.000 | latency=71.4ms
2026-04-25 02:56:17 | INFO | hate_detect | PREDICT | model=indobert | text='Kamu ini bodoh sekali, tidak usah sok tahu.' | label=Hate Speech | conf=0.999 | latency=68.5ms
2026-04-25 02:56:17 | INFO | hate_detect | PREDICT | model=indobert | text='Jangan kasih suara buat dia, dia pengkhianat.' | label=Hate Speech | conf=0.999 | latency=72.1ms
2026-04-25 02:56:17 | INFO | hate_detect | PREDICT | model=indobert | text='Dasar bego, gitu aja gak becus kerja!' | label=Hate Speech | conf=0.999 | latency=70.8ms
2026-04-25 02:56:17 | INFO | hate_detect | PREDICT | model=indobert | text='Usir saja orang-orang itu dari sini, mereka cuma bikin masal' | label=Hate Speech | conf=0.999 | latency=58.4ms
2026-04-25 02:56:17 | INFO | hate_detect | PREDICT | model=indobert | text='Selamat pagi semuanya, semoga hari ini menyenangkan.' | label=Normal | conf=1.000 | latency=65.1ms
2026-04-25 02:56:17 | INFO | hate_detect | PREDICT | model=indobert | text='Kamu ini bodoh sekali, tidak usah sok tahu.' | label=Hate Speech | conf=0.999 | latency=65.8ms
2026-04-25 02:56:17 | INFO | hate_detect | PREDICT | model=indobert | text='Jangan kasih suara buat dia, dia pengkhianat.' | label=Hate Speech | conf=0.999 | latency=59.5ms
2026-04-25 02:56:17 | INFO | hate_detect | PREDICT | model=indobert | text='Dasar bego, gitu aja gak becus kerja!' | label=Hate Speech | conf=0.999 | latency=60.4ms
2026-04-25 02:56:17 | INFO | hate_detect | PREDICT | model=indobert | text='Usir saja orang-orang itu dari sini, mereka cuma bikin masal' | label=Hate Speech | conf=0.999 | latency=63.2ms
2026-04-25 02:56:17 | INFO | hate_detect | PREDICT | model=indobert | text='Selamat pagi semuanya, semoga hari ini menyenangkan.' | label=Normal | conf=1.000 | latency=79.8ms
2026-04-25 02:56:18 | INFO | hate_detect | PREDICT | model=indobert | text='Kamu ini bodoh sekali, tidak usah sok tahu.' | label=Hate Speech | conf=0.999 | latency=74.2ms
2026-04-25 02:56:18 | INFO | hate_detect | PREDICT | model=indobert | text='Jangan kasih suara buat dia, dia pengkhianat.' | label=Hate Speech | conf=0.999 | latency=77.8ms
2026-04-25 02:56:18 | INFO | hate_detect | PREDICT | model=indobert | text='Dasar bego, gitu aja gak becus kerja!' | label=Hate Speech | conf=0.999 | latency=70.1ms
2026-04-25 02:56:18 | INFO | hate_detect | PREDICT | model=indobert | text='Usir saja orang-orang itu dari sini, mereka cuma bikin masal' | label=Hate Speech | conf=0.999 | latency=63.4ms
2026-04-25 02:56:18 | INFO | hate_detect | PREDICT | model=indobert | text='Selamat pagi semuanya, semoga hari ini menyenangkan.' | label=Normal | conf=1.000 | latency=77.3ms
2026-04-25 02:56:18 | INFO | hate_detect | PREDICT | model=indobert | text='Kamu ini bodoh sekali, tidak usah sok tahu.' | label=Hate Speech | conf=0.999 | latency=103.1ms
2026-04-25 02:56:18 | INFO | hate_detect | PREDICT | model=indobert | text='Jangan kasih suara buat dia, dia pengkhianat.' | label=Hate Speech | conf=0.999 | latency=76.2ms
2026-04-25 02:56:18 | INFO | hate_detect | PREDICT | model=indobert | text='Dasar bego, gitu aja gak becus kerja!' | label=Hate Speech | conf=0.999 | latency=83.1ms
2026-04-25 02:56:18 | INFO | hate_detect | PREDICT | model=indobert | text='Usir saja orang-orang itu dari sini, mereka cuma bikin masal' | label=Hate Speech | conf=0.999 | latency=80.4ms
2026-04-25 02:56:18 | INFO | hate_detect | PREDICT | model=indobert | text='Selamat pagi semuanya, semoga hari ini menyenangkan.' | label=Normal | conf=1.000 | latency=63.3ms
2026-04-25 02:56:18 | INFO | hate_detect | PREDICT | model=indobert | text='Kamu ini bodoh sekali, tidak usah sok tahu.' | label=Hate Speech | conf=0.999 | latency=62.5ms
2026-04-25 02:56:18 | INFO | hate_detect | PREDICT | model=indobert | text='Jangan kasih suara buat dia, dia pengkhianat.' | label=Hate Speech | conf=0.999 | latency=67.7ms
2026-04-25 02:56:18 | INFO | hate_detect | PREDICT | model=indobert | text='Dasar bego, gitu aja gak becus kerja!' | label=Hate Speech | conf=0.999 | latency=76.7ms
2026-04-25 02:56:19 | INFO | hate_detect | PREDICT | model=indobert | text='Usir saja orang-orang itu dari sini, mereka cuma bikin masal' | label=Hate Speech | conf=0.999 | latency=66.7ms
2026-04-25 02:56:19 | INFO | hate_detect | PREDICT | model=indobert | text='Selamat pagi semuanya, semoga hari ini menyenangkan.' | label=Normal | conf=1.000 | latency=209.8ms
2026-04-25 02:56:19 | INFO | hate_detect | PREDICT | model=indobert | text='Kamu ini bodoh sekali, tidak usah sok tahu.' | label=Hate Speech | conf=0.999 | latency=87.7ms
2026-04-25 02:56:19 | INFO | hate_detect | PREDICT | model=indobert | text='Jangan kasih suara buat dia, dia pengkhianat.' | label=Hate Speech | conf=0.999 | latency=83.2ms
2026-04-25 02:56:19 | INFO | hate_detect | PREDICT | model=indobert | text='Dasar bego, gitu aja gak becus kerja!' | label=Hate Speech | conf=0.999 | latency=67.5ms
2026-04-25 02:56:19 | INFO | hate_detect | PREDICT | model=indobert | text='Usir saja orang-orang itu dari sini, mereka cuma bikin masal' | label=Hate Speech | conf=0.999 | latency=85.5ms
2026-04-25 02:56:19 | INFO | hate_detect | PREDICT | model=indobert | text='Selamat pagi semuanya, semoga hari ini menyenangkan.' | label=Normal | conf=1.000 | latency=68.5ms
2026-04-25 02:56:19 | INFO | hate_detect | PREDICT | model=indobert | text='Kamu ini bodoh sekali, tidak usah sok tahu.' | label=Hate Speech | conf=0.999 | latency=68.5ms
2026-04-25 02:56:19 | INFO | hate_detect | PREDICT | model=indobert | text='Jangan kasih suara buat dia, dia pengkhianat.' | label=Hate Speech | conf=0.999 | latency=67.2ms
2026-04-25 02:56:19 | INFO | hate_detect | PREDICT | model=indobert | text='Dasar bego, gitu aja gak becus kerja!' | label=Hate Speech | conf=0.999 | latency=61.2ms
2026-04-25 02:56:19 | INFO | hate_detect | PREDICT | model=indobert | text='Usir saja orang-orang itu dari sini, mereka cuma bikin masal' | label=Hate Speech | conf=0.999 | latency=89.7ms
2026-04-25 02:56:20 | INFO | hate_detect | PREDICT | model=indobert | text='Selamat pagi semuanya, semoga hari ini menyenangkan.' | label=Normal | conf=1.000 | latency=69.6ms
2026-04-25 02:56:20 | INFO | hate_detect | PREDICT | model=indobert | text='Kamu ini bodoh sekali, tidak usah sok tahu.' | label=Hate Speech | conf=0.999 | latency=62.2ms
2026-04-25 02:56:20 | INFO | hate_detect | PREDICT | model=indobert | text='Jangan kasih suara buat dia, dia pengkhianat.' | label=Hate Speech | conf=0.999 | latency=62.2ms
2026-04-25 02:56:20 | INFO | hate_detect | PREDICT | model=indobert | text='Dasar bego, gitu aja gak becus kerja!' | label=Hate Speech | conf=0.999 | latency=59.2ms
2026-04-25 02:56:20 | INFO | hate_detect | PREDICT | model=indobert | text='Usir saja orang-orang itu dari sini, mereka cuma bikin masal' | label=Hate Speech | conf=0.999 | latency=60.0ms
2026-04-25 02:56:20 | INFO | hate_detect | PREDICT | model=indobert | text='Selamat pagi semuanya, semoga hari ini menyenangkan.' | label=Normal | conf=1.000 | latency=60.6ms
2026-04-25 02:56:20 | INFO | hate_detect | PREDICT | model=indobert | text='Kamu ini bodoh sekali, tidak usah sok tahu.' | label=Hate Speech | conf=0.999 | latency=80.1ms
2026-04-25 02:56:20 | INFO | hate_detect | PREDICT | model=indobert | text='Jangan kasih suara buat dia, dia pengkhianat.' | label=Hate Speech | conf=0.999 | latency=98.8ms
2026-04-25 02:56:20 | INFO | hate_detect | PREDICT | model=indobert | text='Dasar bego, gitu aja gak becus kerja!' | label=Hate Speech | conf=0.999 | latency=82.1ms
2026-04-25 02:56:20 | INFO | hate_detect | PREDICT | model=indobert | text='Usir saja orang-orang itu dari sini, mereka cuma bikin masal' | label=Hate Speech | conf=0.999 | latency=83.1ms
2026-04-25 02:56:20 | INFO | hate_detect | PREDICT | model=indobert | text='Selamat pagi semuanya, semoga hari ini menyenangkan.' | label=Normal | conf=1.000 | latency=94.4ms
2026-04-25 02:56:20 | INFO | hate_detect | PREDICT | model=indobert | text='Kamu ini bodoh sekali, tidak usah sok tahu.' | label=Hate Speech | conf=0.999 | latency=79.8ms
2026-04-25 02:56:20 | INFO | hate_detect | PREDICT | model=indobert | text='Jangan kasih suara buat dia, dia pengkhianat.' | label=Hate Speech | conf=0.999 | latency=80.9ms
2026-04-25 02:56:21 | INFO | hate_detect | PREDICT | model=indobert | text='Dasar bego, gitu aja gak becus kerja!' | label=Hate Speech | conf=0.999 | latency=65.6ms
2026-04-25 02:56:21 | INFO | hate_detect | PREDICT | model=indobert | text='Usir saja orang-orang itu dari sini, mereka cuma bikin masal' | label=Hate Speech | conf=0.999 | latency=72.6ms
2026-04-25 02:56:21 | INFO | hate_detect | PREDICT | model=indobert | text='Selamat pagi semuanya, semoga hari ini menyenangkan.' | label=Normal | conf=1.000 | latency=69.1ms
2026-04-25 02:56:21 | INFO | hate_detect | PREDICT | model=indobert | text='Kamu ini bodoh sekali, tidak usah sok tahu.' | label=Hate Speech | conf=0.999 | latency=71.1ms
2026-04-25 02:56:21 | INFO | hate_detect | PREDICT | model=indobert | text='Jangan kasih suara buat dia, dia pengkhianat.' | label=Hate Speech | conf=0.999 | latency=73.7ms
2026-04-25 02:56:21 | INFO | hate_detect | PREDICT | model=indobert | text='Dasar bego, gitu aja gak becus kerja!' | label=Hate Speech | conf=0.999 | latency=75.5ms
2026-04-25 02:56:21 | INFO | hate_detect | PREDICT | model=indobert | text='Usir saja orang-orang itu dari sini, mereka cuma bikin masal' | label=Hate Speech | conf=0.999 | latency=78.9ms
2026-04-25 02:56:21 | INFO | hate_detect | PREDICT | model=indobert | text='Selamat pagi semuanya, semoga hari ini menyenangkan.' | label=Normal | conf=1.000 | latency=79.8ms
2026-04-25 02:56:21 | INFO | hate_detect | PREDICT | model=indobert | text='Kamu ini bodoh sekali, tidak usah sok tahu.' | label=Hate Speech | conf=0.999 | latency=102.3ms
2026-04-25 02:56:21 | INFO | hate_detect | PREDICT | model=indobert | text='Jangan kasih suara buat dia, dia pengkhianat.' | label=Hate Speech | conf=0.999 | latency=118.7ms
2026-04-25 02:56:22 | INFO | hate_detect | PREDICT | model=indobert | text='Dasar bego, gitu aja gak becus kerja!' | label=Hate Speech | conf=0.999 | latency=222.6ms
2026-04-25 02:56:22 | INFO | hate_detect | PREDICT | model=indobert | text='Usir saja orang-orang itu dari sini, mereka cuma bikin masal' | label=Hate Speech | conf=0.999 | latency=116.4ms
2026-04-25 02:56:22 | INFO | hate_detect | PREDICT | model=indobert | text='Selamat pagi semuanya, semoga hari ini menyenangkan.' | label=Normal | conf=1.000 | latency=83.1ms
2026-04-25 02:56:22 | INFO | hate_detect | PREDICT | model=indobert | text='Kamu ini bodoh sekali, tidak usah sok tahu.' | label=Hate Speech | conf=0.999 | latency=83.1ms
2026-04-25 02:56:22 | INFO | hate_detect | PREDICT | model=indobert | text='Jangan kasih suara buat dia, dia pengkhianat.' | label=Hate Speech | conf=0.999 | latency=78.0ms
2026-04-25 02:56:22 | INFO | hate_detect | PREDICT | model=indobert | text='Dasar bego, gitu aja gak becus kerja!' | label=Hate Speech | conf=0.999 | latency=72.2ms
2026-04-25 02:56:22 | INFO | hate_detect | PREDICT | model=indobert | text='Usir saja orang-orang itu dari sini, mereka cuma bikin masal' | label=Hate Speech | conf=0.999 | latency=66.4ms
2026-04-25 02:56:22 | INFO | hate_detect | PREDICT | model=indobert | text='Selamat pagi semuanya, semoga hari ini menyenangkan.' | label=Normal | conf=1.000 | latency=78.3ms
2026-04-25 02:56:22 | INFO | hate_detect | PREDICT | model=indobert | text='Kamu ini bodoh sekali, tidak usah sok tahu.' | label=Hate Speech | conf=0.999 | latency=86.6ms
2026-04-25 02:56:22 | INFO | hate_detect | PREDICT | model=indobert | text='Jangan kasih suara buat dia, dia pengkhianat.' | label=Hate Speech | conf=0.999 | latency=94.4ms
2026-04-25 02:56:22 | INFO | hate_detect | PREDICT | model=indobert | text='Dasar bego, gitu aja gak becus kerja!' | label=Hate Speech | conf=0.999 | latency=131.9ms
2026-04-25 02:56:23 | INFO | hate_detect | PREDICT | model=indobert | text='Usir saja orang-orang itu dari sini, mereka cuma bikin masal' | label=Hate Speech | conf=0.999 | latency=82.2ms
2026-04-25 02:56:23 | INFO | hate_detect | PREDICT | model=indobert | text='Selamat pagi semuanya, semoga hari ini menyenangkan.' | label=Normal | conf=1.000 | latency=70.7ms
2026-04-25 02:56:23 | INFO | hate_detect | PREDICT | model=indobert | text='Kamu ini bodoh sekali, tidak usah sok tahu.' | label=Hate Speech | conf=0.999 | latency=81.5ms
2026-04-25 02:56:23 | INFO | hate_detect | PREDICT | model=indobert | text='Jangan kasih suara buat dia, dia pengkhianat.' | label=Hate Speech | conf=0.999 | latency=80.9ms
2026-04-25 02:56:23 | INFO | hate_detect | PREDICT | model=indobert | text='Dasar bego, gitu aja gak becus kerja!' | label=Hate Speech | conf=0.999 | latency=99.2ms
2026-04-25 02:56:23 | INFO | hate_detect | PREDICT | model=indobert | text='Usir saja orang-orang itu dari sini, mereka cuma bikin masal' | label=Hate Speech | conf=0.999 | latency=78.1ms
2026-04-25 02:56:23 | INFO | hate_detect | PREDICT | model=indobert | text='Selamat pagi semuanya, semoga hari ini menyenangkan.' | label=Normal | conf=1.000 | latency=83.4ms
2026-04-25 02:56:23 | INFO | hate_detect | PREDICT | model=indobert | text='Kamu ini bodoh sekali, tidak usah sok tahu.' | label=Hate Speech | conf=0.999 | latency=82.3ms
2026-04-25 02:56:23 | INFO | hate_detect | PREDICT | model=indobert | text='Jangan kasih suara buat dia, dia pengkhianat.' | label=Hate Speech | conf=0.999 | latency=78.7ms
2026-04-25 02:56:23 | INFO | hate_detect | PREDICT | model=indobert | text='Dasar bego, gitu aja gak becus kerja!' | label=Hate Speech | conf=0.999 | latency=72.3ms
2026-04-25 02:56:23 | INFO | hate_detect | PREDICT | model=indobert | text='Usir saja orang-orang itu dari sini, mereka cuma bikin masal' | label=Hate Speech | conf=0.999 | latency=76.6ms
2026-04-25 02:56:23 | INFO | hate_detect | PREDICT | model=indobert | text='Selamat pagi semuanya, semoga hari ini menyenangkan.' | label=Normal | conf=1.000 | latency=74.3ms
2026-04-25 02:56:24 | INFO | hate_detect | PREDICT | model=indobert | text='Kamu ini bodoh sekali, tidak usah sok tahu.' | label=Hate Speech | conf=0.999 | latency=60.7ms
2026-04-25 02:56:24 | INFO | hate_detect | PREDICT | model=indobert | text='Jangan kasih suara buat dia, dia pengkhianat.' | label=Hate Speech | conf=0.999 | latency=76.0ms
2026-04-25 02:56:24 | INFO | hate_detect | PREDICT | model=indobert | text='Dasar bego, gitu aja gak becus kerja!' | label=Hate Speech | conf=0.999 | latency=78.7ms
2026-04-25 02:56:24 | INFO | hate_detect | PREDICT | model=indobert | text='Usir saja orang-orang itu dari sini, mereka cuma bikin masal' | label=Hate Speech | conf=0.999 | latency=74.5ms
2026-04-25 02:56:24 | INFO | hate_detect | PREDICT | model=indobert | text='Selamat pagi semuanya, semoga hari ini menyenangkan.' | label=Normal | conf=1.000 | latency=84.7ms
2026-04-25 02:56:24 | INFO | hate_detect | PREDICT | model=indobert | text='Kamu ini bodoh sekali, tidak usah sok tahu.' | label=Hate Speech | conf=0.999 | latency=102.5ms
2026-04-25 02:56:24 | INFO | hate_detect | PREDICT | model=indobert | text='Jangan kasih suara buat dia, dia pengkhianat.' | label=Hate Speech | conf=0.999 | latency=76.1ms
2026-04-25 02:56:24 | INFO | hate_detect | PREDICT | model=indobert | text='Dasar bego, gitu aja gak becus kerja!' | label=Hate Speech | conf=0.999 | latency=73.4ms
2026-04-25 02:56:24 | INFO | hate_detect | PREDICT | model=indobert | text='Usir saja orang-orang itu dari sini, mereka cuma bikin masal' | label=Hate Speech | conf=0.999 | latency=62.3ms
2026-04-25 02:56:24 | INFO | hate_detect | PREDICT | model=indobert | text='Selamat pagi semuanya, semoga hari ini menyenangkan.' | label=Normal | conf=1.000 | latency=61.5ms
2026-04-25 02:56:24 | INFO | hate_detect | PREDICT | model=indobert | text='Kamu ini bodoh sekali, tidak usah sok tahu.' | label=Hate Speech | conf=0.999 | latency=59.1ms
2026-04-25 02:56:24 | INFO | hate_detect | PREDICT | model=indobert | text='Jangan kasih suara buat dia, dia pengkhianat.' | label=Hate Speech | conf=0.999 | latency=149.9ms
2026-04-25 02:56:25 | INFO | hate_detect | PREDICT | model=indobert | text='Dasar bego, gitu aja gak becus kerja!' | label=Hate Speech | conf=0.999 | latency=69.6ms
2026-04-25 02:56:25 | INFO | hate_detect | PREDICT | model=indobert | text='Usir saja orang-orang itu dari sini, mereka cuma bikin masal' | label=Hate Speech | conf=0.999 | latency=66.2ms
2026-04-25 02:56:25 | INFO | hate_detect | PREDICT | model=indobert | text='Selamat pagi semuanya, semoga hari ini menyenangkan.' | label=Normal | conf=1.000 | latency=68.0ms
2026-04-25 02:56:25 | INFO | hate_detect | PREDICT | model=indobert | text='Kamu ini bodoh sekali, tidak usah sok tahu.' | label=Hate Speech | conf=0.999 | latency=92.2ms
2026-04-25 02:56:25 | INFO | hate_detect | PREDICT | model=indobert | text='Jangan kasih suara buat dia, dia pengkhianat.' | label=Hate Speech | conf=0.999 | latency=109.7ms
2026-04-25 02:56:25 | INFO | hate_detect | PREDICT | model=indobert | text='Dasar bego, gitu aja gak becus kerja!' | label=Hate Speech | conf=0.999 | latency=77.2ms
2026-04-25 02:56:25 | INFO | hate_detect | PREDICT | model=indobert | text='Usir saja orang-orang itu dari sini, mereka cuma bikin masal' | label=Hate Speech | conf=0.999 | latency=97.8ms
2026-04-25 02:56:25 | INFO | hate_detect | PREDICT | model=indobert | text='Selamat pagi semuanya, semoga hari ini menyenangkan.' | label=Normal | conf=1.000 | latency=77.0ms
2026-04-25 02:56:25 | INFO | hate_detect | PREDICT | model=indobert | text='Kamu ini bodoh sekali, tidak usah sok tahu.' | label=Hate Speech | conf=0.999 | latency=63.8ms
2026-04-25 02:56:25 | INFO | hate_detect | PREDICT | model=indobert | text='Jangan kasih suara buat dia, dia pengkhianat.' | label=Hate Speech | conf=0.999 | latency=70.9ms
2026-04-25 02:56:25 | INFO | hate_detect | PREDICT | model=indobert | text='Dasar bego, gitu aja gak becus kerja!' | label=Hate Speech | conf=0.999 | latency=68.6ms
2026-04-25 02:56:25 | INFO | hate_detect | PREDICT | model=indobert | text='Usir saja orang-orang itu dari sini, mereka cuma bikin masal' | label=Hate Speech | conf=0.999 | latency=69.5ms
2026-04-25 02:56:26 | INFO | hate_detect | PREDICT | model=indobert | text='Selamat pagi semuanya, semoga hari ini menyenangkan.' | label=Normal | conf=1.000 | latency=69.5ms
2026-04-25 02:56:26 | INFO | hate_detect | PREDICT | model=indobert | text='Kamu ini bodoh sekali, tidak usah sok tahu.' | label=Hate Speech | conf=0.999 | latency=66.6ms
2026-04-25 02:56:26 | INFO | hate_detect | PREDICT | model=indobert | text='Jangan kasih suara buat dia, dia pengkhianat.' | label=Hate Speech | conf=0.999 | latency=62.9ms
2026-04-25 02:56:26 | INFO | hate_detect | PREDICT | model=indobert | text='Dasar bego, gitu aja gak becus kerja!' | label=Hate Speech | conf=0.999 | latency=60.4ms
2026-04-25 02:56:26 | INFO | hate_detect | PREDICT | model=indobert | text='Usir saja orang-orang itu dari sini, mereka cuma bikin masal' | label=Hate Speech | conf=0.999 | latency=64.5ms
2026-04-25 02:56:26 | INFO | hate_detect | PREDICT | model=indobert | text='Selamat pagi semuanya, semoga hari ini menyenangkan.' | label=Normal | conf=1.000 | latency=74.7ms
2026-04-25 02:56:26 | INFO | hate_detect | PREDICT | model=indobert | text='Kamu ini bodoh sekali, tidak usah sok tahu.' | label=Hate Speech | conf=0.999 | latency=88.0ms
2026-04-25 02:56:26 | INFO | hate_detect | PREDICT | model=indobert | text='Jangan kasih suara buat dia, dia pengkhianat.' | label=Hate Speech | conf=0.999 | latency=120.3ms
2026-04-25 02:56:26 | INFO | hate_detect | PREDICT | model=indobert | text='Dasar bego, gitu aja gak becus kerja!' | label=Hate Speech | conf=0.999 | latency=127.0ms
2026-04-25 02:56:26 | INFO | hate_detect | PREDICT | model=indobert | text='Usir saja orang-orang itu dari sini, mereka cuma bikin masal' | label=Hate Speech | conf=0.999 | latency=106.2ms
2026-04-25 02:56:26 | INFO | hate_detect | PREDICT | model=indobert | text='Selamat pagi semuanya, semoga hari ini menyenangkan.' | label=Normal | conf=1.000 | latency=99.2ms
2026-04-25 02:56:27 | INFO | hate_detect | PREDICT | model=indobert | text='Kamu ini bodoh sekali, tidak usah sok tahu.' | label=Hate Speech | conf=0.999 | latency=83.1ms
2026-04-25 02:56:27 | INFO | hate_detect | PREDICT | model=indobert | text='Jangan kasih suara buat dia, dia pengkhianat.' | label=Hate Speech | conf=0.999 | latency=81.4ms
2026-04-25 02:56:27 | INFO | hate_detect | PREDICT | model=indobert | text='Dasar bego, gitu aja gak becus kerja!' | label=Hate Speech | conf=0.999 | latency=78.9ms
2026-04-25 02:56:27 | INFO | hate_detect | PREDICT | model=indobert | text='Usir saja orang-orang itu dari sini, mereka cuma bikin masal' | label=Hate Speech | conf=0.999 | latency=77.6ms
2026-04-25 02:56:27 | INFO | hate_detect | PREDICT | model=indobert | text='Selamat pagi semuanya, semoga hari ini menyenangkan.' | label=Normal | conf=1.000 | latency=321.3ms
2026-04-25 02:56:27 | INFO | hate_detect | PREDICT | model=indobert | text='Kamu ini bodoh sekali, tidak usah sok tahu.' | label=Hate Speech | conf=0.999 | latency=76.6ms
2026-04-25 02:56:27 | INFO | hate_detect | PREDICT | model=indobert | text='Jangan kasih suara buat dia, dia pengkhianat.' | label=Hate Speech | conf=0.999 | latency=86.6ms
2026-04-25 02:56:28 | INFO | hate_detect | PREDICT | model=indobert | text='Dasar bego, gitu aja gak becus kerja!' | label=Hate Speech | conf=0.999 | latency=222.7ms
2026-04-25 02:56:28 | INFO | hate_detect | PREDICT | model=indobert | text='Usir saja orang-orang itu dari sini, mereka cuma bikin masal' | label=Hate Speech | conf=0.999 | latency=107.9ms
2026-04-25 02:56:28 | INFO | hate_detect | PREDICT | model=indobert | text='Selamat pagi semuanya, semoga hari ini menyenangkan.' | label=Normal | conf=1.000 | latency=73.5ms
2026-04-25 02:56:28 | INFO | hate_detect | PREDICT | model=indobert | text='Kamu ini bodoh sekali, tidak usah sok tahu.' | label=Hate Speech | conf=0.999 | latency=72.9ms
2026-04-25 02:56:28 | INFO | hate_detect | PREDICT | model=indobert | text='Jangan kasih suara buat dia, dia pengkhianat.' | label=Hate Speech | conf=0.999 | latency=84.5ms
2026-04-25 02:56:28 | INFO | hate_detect | PREDICT | model=indobert | text='Dasar bego, gitu aja gak becus kerja!' | label=Hate Speech | conf=0.999 | latency=90.8ms
2026-04-25 02:56:28 | INFO | hate_detect | PREDICT | model=indobert | text='Usir saja orang-orang itu dari sini, mereka cuma bikin masal' | label=Hate Speech | conf=0.999 | latency=87.5ms
2026-04-25 02:56:28 | INFO | hate_detect | PREDICT | model=indobert | text='Selamat pagi semuanya, semoga hari ini menyenangkan.' | label=Normal | conf=1.000 | latency=85.6ms
2026-04-25 02:56:28 | INFO | hate_detect | PREDICT | model=indobert | text='Kamu ini bodoh sekali, tidak usah sok tahu.' | label=Hate Speech | conf=0.999 | latency=85.2ms
2026-04-25 02:56:28 | INFO | hate_detect | PREDICT | model=indobert | text='Jangan kasih suara buat dia, dia pengkhianat.' | label=Hate Speech | conf=0.999 | latency=74.6ms
2026-04-25 02:56:28 | INFO | hate_detect | PREDICT | model=indobert | text='Dasar bego, gitu aja gak becus kerja!' | label=Hate Speech | conf=0.999 | latency=79.3ms
2026-04-25 02:56:28 | INFO | hate_detect | PREDICT | model=indobert | text='Usir saja orang-orang itu dari sini, mereka cuma bikin masal' | label=Hate Speech | conf=0.999 | latency=68.9ms
2026-04-25 02:56:29 | INFO | hate_detect | PREDICT | model=indobert | text='Selamat pagi semuanya, semoga hari ini menyenangkan.' | label=Normal | conf=1.000 | latency=66.7ms
2026-04-25 02:56:29 | INFO | hate_detect | PREDICT | model=indobert | text='Kamu ini bodoh sekali, tidak usah sok tahu.' | label=Hate Speech | conf=0.999 | latency=88.4ms
2026-04-25 02:56:29 | INFO | hate_detect | PREDICT | model=indobert | text='Jangan kasih suara buat dia, dia pengkhianat.' | label=Hate Speech | conf=0.999 | latency=148.4ms
2026-04-25 02:56:29 | INFO | hate_detect | PREDICT | model=indobert | text='Dasar bego, gitu aja gak becus kerja!' | label=Hate Speech | conf=0.999 | latency=99.8ms
2026-04-25 02:56:29 | INFO | hate_detect | PREDICT | model=indobert | text='Usir saja orang-orang itu dari sini, mereka cuma bikin masal' | label=Hate Speech | conf=0.999 | latency=81.2ms
2026-04-25 02:56:29 | INFO | hate_detect | PREDICT | model=indobert | text='Selamat pagi semuanya, semoga hari ini menyenangkan.' | label=Normal | conf=1.000 | latency=61.2ms
2026-04-25 02:56:29 | INFO | hate_detect | PREDICT | model=indobert | text='Kamu ini bodoh sekali, tidak usah sok tahu.' | label=Hate Speech | conf=0.999 | latency=69.2ms
2026-04-25 02:56:29 | INFO | hate_detect | PREDICT | model=indobert | text='Jangan kasih suara buat dia, dia pengkhianat.' | label=Hate Speech | conf=0.999 | latency=84.6ms
2026-04-25 02:56:29 | INFO | hate_detect | PREDICT | model=indobert | text='Dasar bego, gitu aja gak becus kerja!' | label=Hate Speech | conf=0.999 | latency=72.6ms
2026-04-25 02:56:29 | INFO | hate_detect | PREDICT | model=indobert | text='Usir saja orang-orang itu dari sini, mereka cuma bikin masal' | label=Hate Speech | conf=0.999 | latency=66.0ms
2026-04-25 02:56:29 | INFO | hate_detect | PREDICT | model=indobert | text='Selamat pagi semuanya, semoga hari ini menyenangkan.' | label=Normal | conf=1.000 | latency=82.1ms
2026-04-25 02:56:29 | INFO | hate_detect | PREDICT | model=indobert | text='Kamu ini bodoh sekali, tidak usah sok tahu.' | label=Hate Speech | conf=0.999 | latency=71.1ms
2026-04-25 02:56:30 | INFO | hate_detect | PREDICT | model=indobert | text='Jangan kasih suara buat dia, dia pengkhianat.' | label=Hate Speech | conf=0.999 | latency=68.2ms
2026-04-25 02:56:30 | INFO | hate_detect | PREDICT | model=indobert | text='Dasar bego, gitu aja gak becus kerja!' | label=Hate Speech | conf=0.999 | latency=68.5ms
2026-04-25 02:56:30 | INFO | hate_detect | PREDICT | model=indobert | text='Usir saja orang-orang itu dari sini, mereka cuma bikin masal' | label=Hate Speech | conf=0.999 | latency=67.3ms
2026-04-25 02:56:30 | INFO | hate_detect | PREDICT | model=indobert | text='Selamat pagi semuanya, semoga hari ini menyenangkan.' | label=Normal | conf=1.000 | latency=138.9ms
2026-04-25 02:56:30 | INFO | hate_detect | PREDICT | model=indobert | text='Kamu ini bodoh sekali, tidak usah sok tahu.' | label=Hate Speech | conf=0.999 | latency=96.9ms
2026-04-25 02:56:30 | INFO | hate_detect | PREDICT | model=indobert | text='Jangan kasih suara buat dia, dia pengkhianat.' | label=Hate Speech | conf=0.999 | latency=60.1ms
2026-04-25 02:56:30 | INFO | hate_detect | PREDICT | model=indobert | text='Dasar bego, gitu aja gak becus kerja!' | label=Hate Speech | conf=0.999 | latency=147.3ms
2026-04-25 02:56:30 | INFO | hate_detect | PREDICT | model=indobert | text='Usir saja orang-orang itu dari sini, mereka cuma bikin masal' | label=Hate Speech | conf=0.999 | latency=74.3ms
2026-04-25 02:56:30 | INFO | hate_detect | PREDICT | model=indobert | text='Selamat pagi semuanya, semoga hari ini menyenangkan.' | label=Normal | conf=1.000 | latency=70.8ms
2026-04-25 02:56:30 | INFO | hate_detect | PREDICT | model=indobert | text='Kamu ini bodoh sekali, tidak usah sok tahu.' | label=Hate Speech | conf=0.999 | latency=92.9ms
2026-04-25 02:56:31 | INFO | hate_detect | PREDICT | model=indobert | text='Jangan kasih suara buat dia, dia pengkhianat.' | label=Hate Speech | conf=0.999 | latency=111.3ms
2026-04-25 02:56:31 | INFO | hate_detect | PREDICT | model=indobert | text='Dasar bego, gitu aja gak becus kerja!' | label=Hate Speech | conf=0.999 | latency=81.9ms
2026-04-25 02:56:31 | INFO | hate_detect | PREDICT | model=indobert | text='Usir saja orang-orang itu dari sini, mereka cuma bikin masal' | label=Hate Speech | conf=0.999 | latency=77.1ms
2026-04-25 02:56:31 | INFO | hate_detect | PREDICT | model=indobert | text='Selamat pagi semuanya, semoga hari ini menyenangkan.' | label=Normal | conf=1.000 | latency=70.6ms
2026-04-25 02:56:31 | INFO | hate_detect | PREDICT | model=indobert | text='Kamu ini bodoh sekali, tidak usah sok tahu.' | label=Hate Speech | conf=0.999 | latency=68.3ms
2026-04-25 02:56:31 | INFO | hate_detect | PREDICT | model=indobert | text='Jangan kasih suara buat dia, dia pengkhianat.' | label=Hate Speech | conf=0.999 | latency=181.4ms
2026-04-25 02:56:31 | INFO | hate_detect | PREDICT | model=indobert | text='Dasar bego, gitu aja gak becus kerja!' | label=Hate Speech | conf=0.999 | latency=138.7ms
2026-04-25 02:56:31 | INFO | hate_detect | PREDICT | model=indobert | text='Usir saja orang-orang itu dari sini, mereka cuma bikin masal' | label=Hate Speech | conf=0.999 | latency=64.4ms
2026-04-25 02:56:31 | INFO | hate_detect | PREDICT | model=indobert | text='Selamat pagi semuanya, semoga hari ini menyenangkan.' | label=Normal | conf=1.000 | latency=63.1ms
2026-04-25 02:56:31 | INFO | hate_detect | PREDICT | model=indobert | text='Kamu ini bodoh sekali, tidak usah sok tahu.' | label=Hate Speech | conf=0.999 | latency=70.4ms
2026-04-25 02:56:31 | INFO | hate_detect | PREDICT | model=indobert | text='Jangan kasih suara buat dia, dia pengkhianat.' | label=Hate Speech | conf=0.999 | latency=75.3ms
2026-04-25 02:56:32 | INFO | hate_detect | PREDICT | model=indobert | text='Dasar bego, gitu aja gak becus kerja!' | label=Hate Speech | conf=0.999 | latency=67.0ms
2026-04-25 02:56:32 | INFO | hate_detect | PREDICT | model=indobert | text='Usir saja orang-orang itu dari sini, mereka cuma bikin masal' | label=Hate Speech | conf=0.999 | latency=68.9ms
2026-04-25 02:56:32 | INFO | hate_detect | PREDICT | model=indobert | text='Selamat pagi semuanya, semoga hari ini menyenangkan.' | label=Normal | conf=1.000 | latency=82.8ms
2026-04-25 02:56:32 | INFO | hate_detect | PREDICT | model=indobert | text='Kamu ini bodoh sekali, tidak usah sok tahu.' | label=Hate Speech | conf=0.999 | latency=142.9ms
2026-04-25 02:56:32 | INFO | hate_detect | PREDICT | model=indobert | text='Jangan kasih suara buat dia, dia pengkhianat.' | label=Hate Speech | conf=0.999 | latency=98.1ms
2026-04-25 02:56:32 | INFO | hate_detect | PREDICT | model=indobert | text='Dasar bego, gitu aja gak becus kerja!' | label=Hate Speech | conf=0.999 | latency=68.9ms
2026-04-25 02:56:32 | INFO | hate_detect | PREDICT | model=indobert | text='Usir saja orang-orang itu dari sini, mereka cuma bikin masal' | label=Hate Speech | conf=0.999 | latency=89.2ms
2026-04-25 02:56:32 | INFO | hate_detect | PREDICT | model=indobert | text='Selamat pagi semuanya, semoga hari ini menyenangkan.' | label=Normal | conf=1.000 | latency=66.7ms
2026-04-25 02:56:32 | INFO | hate_detect | PREDICT | model=indobert | text='Kamu ini bodoh sekali, tidak usah sok tahu.' | label=Hate Speech | conf=0.999 | latency=130.2ms
2026-04-25 02:56:32 | INFO | hate_detect | PREDICT | model=indobert | text='Jangan kasih suara buat dia, dia pengkhianat.' | label=Hate Speech | conf=0.999 | latency=85.7ms
2026-04-25 02:56:32 | INFO | hate_detect | PREDICT | model=indobert | text='Dasar bego, gitu aja gak becus kerja!' | label=Hate Speech | conf=0.999 | latency=87.4ms
2026-04-25 02:56:33 | INFO | hate_detect | PREDICT | model=indobert | text='Usir saja orang-orang itu dari sini, mereka cuma bikin masal' | label=Hate Speech | conf=0.999 | latency=78.4ms
2026-04-25 02:56:33 | INFO | hate_detect | PREDICT | model=indobert | text='Selamat pagi semuanya, semoga hari ini menyenangkan.' | label=Normal | conf=1.000 | latency=74.5ms
2026-04-25 02:56:33 | INFO | hate_detect | PREDICT | model=indobert | text='Kamu ini bodoh sekali, tidak usah sok tahu.' | label=Hate Speech | conf=0.999 | latency=74.2ms
2026-04-25 02:56:33 | INFO | hate_detect | PREDICT | model=indobert | text='Jangan kasih suara buat dia, dia pengkhianat.' | label=Hate Speech | conf=0.999 | latency=74.1ms
2026-04-25 02:56:33 | INFO | hate_detect | PREDICT | model=indobert | text='Dasar bego, gitu aja gak becus kerja!' | label=Hate Speech | conf=0.999 | latency=85.8ms
2026-04-25 02:56:33 | INFO | hate_detect | PREDICT | model=indobert | text='Usir saja orang-orang itu dari sini, mereka cuma bikin masal' | label=Hate Speech | conf=0.999 | latency=87.2ms
2026-04-25 02:56:33 | INFO | hate_detect | PREDICT | model=indobert | text='Selamat pagi semuanya, semoga hari ini menyenangkan.' | label=Normal | conf=1.000 | latency=86.6ms
2026-04-25 02:56:33 | INFO | hate_detect | PREDICT | model=indobert | text='Kamu ini bodoh sekali, tidak usah sok tahu.' | label=Hate Speech | conf=0.999 | latency=89.6ms
2026-04-25 02:56:33 | INFO | hate_detect | PREDICT | model=indobert | text='Jangan kasih suara buat dia, dia pengkhianat.' | label=Hate Speech | conf=0.999 | latency=77.8ms
2026-04-25 02:56:33 | INFO | hate_detect | PREDICT | model=indobert | text='Dasar bego, gitu aja gak becus kerja!' | label=Hate Speech | conf=0.999 | latency=74.9ms
2026-04-25 02:56:34 | INFO | hate_detect | PREDICT | model=indobert | text='Usir saja orang-orang itu dari sini, mereka cuma bikin masal' | label=Hate Speech | conf=0.999 | latency=160.2ms
2026-04-25 02:56:34 | INFO | hate_detect | PREDICT | model=indobert | text='Selamat pagi semuanya, semoga hari ini menyenangkan.' | label=Normal | conf=1.000 | latency=135.1ms
2026-04-25 02:56:34 | INFO | hate_detect | PREDICT | model=indobert | text='Kamu ini bodoh sekali, tidak usah sok tahu.' | label=Hate Speech | conf=0.999 | latency=85.3ms
2026-04-25 02:56:34 | INFO | hate_detect | PREDICT | model=indobert | text='Jangan kasih suara buat dia, dia pengkhianat.' | label=Hate Speech | conf=0.999 | latency=73.7ms
2026-04-25 02:56:34 | INFO | hate_detect | PREDICT | model=indobert | text='Dasar bego, gitu aja gak becus kerja!' | label=Hate Speech | conf=0.999 | latency=75.8ms
2026-04-25 02:56:34 | INFO | hate_detect | PREDICT | model=indobert | text='Usir saja orang-orang itu dari sini, mereka cuma bikin masal' | label=Hate Speech | conf=0.999 | latency=76.5ms
2026-04-25 02:56:34 | INFO | hate_detect | PREDICT | model=indobert | text='Selamat pagi semuanya, semoga hari ini menyenangkan.' | label=Normal | conf=1.000 | latency=72.5ms
2026-04-25 02:56:34 | INFO | hate_detect | PREDICT | model=indobert | text='Kamu ini bodoh sekali, tidak usah sok tahu.' | label=Hate Speech | conf=0.999 | latency=70.1ms
2026-04-25 02:56:34 | INFO | hate_detect | PREDICT | model=indobert | text='Jangan kasih suara buat dia, dia pengkhianat.' | label=Hate Speech | conf=0.999 | latency=71.2ms
2026-04-25 02:56:34 | INFO | hate_detect | PREDICT | model=indobert | text='Dasar bego, gitu aja gak becus kerja!' | label=Hate Speech | conf=0.999 | latency=83.4ms
2026-04-25 02:56:34 | INFO | hate_detect | PREDICT | model=indobert | text='Usir saja orang-orang itu dari sini, mereka cuma bikin masal' | label=Hate Speech | conf=0.999 | latency=99.1ms
2026-04-25 02:56:34 | INFO | hate_detect | PREDICT | model=indobert | text='Selamat pagi semuanya, semoga hari ini menyenangkan.' | label=Normal | conf=1.000 | latency=75.9ms
2026-04-25 02:56:35 | INFO | hate_detect | PREDICT | model=indobert | text='Kamu ini bodoh sekali, tidak usah sok tahu.' | label=Hate Speech | conf=0.999 | latency=86.1ms
2026-04-25 02:56:35 | INFO | hate_detect | PREDICT | model=indobert | text='Jangan kasih suara buat dia, dia pengkhianat.' | label=Hate Speech | conf=0.999 | latency=485.9ms
2026-04-25 02:56:35 | INFO | hate_detect | PREDICT | model=indobert | text='Dasar bego, gitu aja gak becus kerja!' | label=Hate Speech | conf=0.999 | latency=80.6ms
2026-04-25 02:56:35 | INFO | hate_detect | PREDICT | model=indobert | text='Usir saja orang-orang itu dari sini, mereka cuma bikin masal' | label=Hate Speech | conf=0.999 | latency=92.7ms
2026-04-25 02:56:35 | INFO | hate_detect | PREDICT | model=indobert | text='Selamat pagi semuanya, semoga hari ini menyenangkan.' | label=Normal | conf=1.000 | latency=91.9ms
2026-04-25 02:56:35 | INFO | hate_detect | PREDICT | model=indobert | text='Kamu ini bodoh sekali, tidak usah sok tahu.' | label=Hate Speech | conf=0.999 | latency=99.1ms
2026-04-25 02:56:36 | INFO | hate_detect | PREDICT | model=indobert | text='Jangan kasih suara buat dia, dia pengkhianat.' | label=Hate Speech | conf=0.999 | latency=92.2ms
2026-04-25 02:56:36 | INFO | hate_detect | PREDICT | model=indobert | text='Dasar bego, gitu aja gak becus kerja!' | label=Hate Speech | conf=0.999 | latency=67.1ms
2026-04-25 02:56:36 | INFO | hate_detect | PREDICT | model=indobert | text='Usir saja orang-orang itu dari sini, mereka cuma bikin masal' | label=Hate Speech | conf=0.999 | latency=64.8ms
2026-04-25 02:56:36 | INFO | hate_detect | PREDICT | model=indobert | text='Selamat pagi semuanya, semoga hari ini menyenangkan.' | label=Normal | conf=1.000 | latency=60.4ms
2026-04-25 02:56:36 | INFO | hate_detect | PREDICT | model=indobert | text='Kamu ini bodoh sekali, tidak usah sok tahu.' | label=Hate Speech | conf=0.999 | latency=64.3ms
2026-04-25 02:56:36 | INFO | hate_detect | PREDICT | model=indobert | text='Jangan kasih suara buat dia, dia pengkhianat.' | label=Hate Speech | conf=0.999 | latency=58.9ms
2026-04-25 02:56:36 | INFO | hate_detect | PREDICT | model=indobert | text='Dasar bego, gitu aja gak becus kerja!' | label=Hate Speech | conf=0.999 | latency=59.0ms
2026-04-25 02:56:36 | INFO | hate_detect | PREDICT | model=indobert | text='Usir saja orang-orang itu dari sini, mereka cuma bikin masal' | label=Hate Speech | conf=0.999 | latency=76.0ms
2026-04-25 02:56:36 | INFO | hate_detect | PREDICT | model=indobert | text='Selamat pagi semuanya, semoga hari ini menyenangkan.' | label=Normal | conf=1.000 | latency=123.1ms
2026-04-25 02:56:36 | INFO | hate_detect | PREDICT | model=indobert | text='Kamu ini bodoh sekali, tidak usah sok tahu.' | label=Hate Speech | conf=0.999 | latency=78.9ms
2026-04-25 02:56:36 | INFO | hate_detect | PREDICT | model=indobert | text='Jangan kasih suara buat dia, dia pengkhianat.' | label=Hate Speech | conf=0.999 | latency=68.4ms
2026-04-25 02:56:36 | INFO | hate_detect | PREDICT | model=indobert | text='Dasar bego, gitu aja gak becus kerja!' | label=Hate Speech | conf=0.999 | latency=85.9ms
2026-04-25 02:56:36 | INFO | hate_detect | PREDICT | model=indobert | text='Usir saja orang-orang itu dari sini, mereka cuma bikin masal' | label=Hate Speech | conf=0.999 | latency=87.6ms
2026-04-25 02:56:37 | INFO | hate_detect | PREDICT | model=indobert | text='Selamat pagi semuanya, semoga hari ini menyenangkan.' | label=Normal | conf=1.000 | latency=64.6ms
2026-04-25 02:56:37 | INFO | hate_detect | PREDICT | model=indobert | text='Kamu ini bodoh sekali, tidak usah sok tahu.' | label=Hate Speech | conf=0.999 | latency=60.4ms
2026-04-25 02:56:37 | INFO | hate_detect | PREDICT | model=indobert | text='Jangan kasih suara buat dia, dia pengkhianat.' | label=Hate Speech | conf=0.999 | latency=63.2ms
2026-04-25 02:56:37 | INFO | hate_detect | PREDICT | model=indobert | text='Dasar bego, gitu aja gak becus kerja!' | label=Hate Speech | conf=0.999 | latency=63.5ms
2026-04-25 02:56:37 | INFO | hate_detect | PREDICT | model=indobert | text='Usir saja orang-orang itu dari sini, mereka cuma bikin masal' | label=Hate Speech | conf=0.999 | latency=64.9ms
2026-04-25 02:56:37 | INFO | hate_detect | PREDICT | model=indobert | text='Selamat pagi semuanya, semoga hari ini menyenangkan.' | label=Normal | conf=1.000 | latency=61.5ms
2026-04-25 02:56:37 | INFO | hate_detect | PREDICT | model=indobert | text='Kamu ini bodoh sekali, tidak usah sok tahu.' | label=Hate Speech | conf=0.999 | latency=60.5ms
2026-04-25 02:56:37 | INFO | hate_detect | PREDICT | model=indobert | text='Jangan kasih suara buat dia, dia pengkhianat.' | label=Hate Speech | conf=0.999 | latency=59.9ms
2026-04-25 02:56:37 | INFO | hate_detect | PREDICT | model=indobert | text='Dasar bego, gitu aja gak becus kerja!' | label=Hate Speech | conf=0.999 | latency=71.1ms
2026-04-25 02:56:37 | INFO | hate_detect | PREDICT | model=indobert | text='Usir saja orang-orang itu dari sini, mereka cuma bikin masal' | label=Hate Speech | conf=0.999 | latency=73.9ms
2026-04-25 02:56:37 | INFO | hate_detect | PREDICT | model=indobert | text='Selamat pagi semuanya, semoga hari ini menyenangkan.' | label=Normal | conf=1.000 | latency=144.0ms
2026-04-25 02:56:37 | INFO | hate_detect | PREDICT | model=indobert | text='Kamu ini bodoh sekali, tidak usah sok tahu.' | label=Hate Speech | conf=0.999 | latency=114.9ms
2026-04-25 02:56:37 | INFO | hate_detect | PREDICT | model=indobert | text='Jangan kasih suara buat dia, dia pengkhianat.' | label=Hate Speech | conf=0.999 | latency=77.3ms
2026-04-25 02:56:38 | INFO | hate_detect | PREDICT | model=indobert | text='Dasar bego, gitu aja gak becus kerja!' | label=Hate Speech | conf=0.999 | latency=70.4ms
2026-04-25 02:56:38 | INFO | hate_detect | PREDICT | model=indobert | text='Usir saja orang-orang itu dari sini, mereka cuma bikin masal' | label=Hate Speech | conf=0.999 | latency=71.9ms
2026-04-25 02:56:38 | INFO | hate_detect | PREDICT | model=indobert | text='Selamat pagi semuanya, semoga hari ini menyenangkan.' | label=Normal | conf=1.000 | latency=67.3ms
2026-04-25 02:56:38 | INFO | hate_detect | PREDICT | model=indobert | text='Kamu ini bodoh sekali, tidak usah sok tahu.' | label=Hate Speech | conf=0.999 | latency=67.4ms
2026-04-25 02:56:38 | INFO | hate_detect | PREDICT | model=indobert | text='Jangan kasih suara buat dia, dia pengkhianat.' | label=Hate Speech | conf=0.999 | latency=76.1ms
2026-04-25 02:56:38 | INFO | hate_detect | PREDICT | model=indobert | text='Dasar bego, gitu aja gak becus kerja!' | label=Hate Speech | conf=0.999 | latency=74.0ms
2026-04-25 02:56:38 | INFO | hate_detect | PREDICT | model=indobert | text='Usir saja orang-orang itu dari sini, mereka cuma bikin masal' | label=Hate Speech | conf=0.999 | latency=71.8ms
2026-04-25 02:56:38 | INFO | hate_detect | PREDICT | model=indobert | text='Selamat pagi semuanya, semoga hari ini menyenangkan.' | label=Normal | conf=1.000 | latency=76.7ms
2026-04-25 02:56:38 | INFO | hate_detect | PREDICT | model=indobert | text='Kamu ini bodoh sekali, tidak usah sok tahu.' | label=Hate Speech | conf=0.999 | latency=76.2ms
2026-04-25 02:56:38 | INFO | hate_detect | PREDICT | model=indobert | text='Jangan kasih suara buat dia, dia pengkhianat.' | label=Hate Speech | conf=0.999 | latency=77.6ms
2026-04-25 02:56:39 | INFO | hate_detect | PREDICT | model=indobert | text='Dasar bego, gitu aja gak becus kerja!' | label=Hate Speech | conf=0.999 | latency=347.6ms
2026-04-25 02:56:39 | INFO | hate_detect | PREDICT | model=indobert | text='Usir saja orang-orang itu dari sini, mereka cuma bikin masal' | label=Hate Speech | conf=0.999 | latency=133.7ms
2026-04-25 02:56:39 | INFO | hate_detect | PREDICT | model=indobert | text='Selamat pagi semuanya, semoga hari ini menyenangkan.' | label=Normal | conf=1.000 | latency=103.0ms
2026-04-25 02:56:39 | INFO | hate_detect | PREDICT | model=indobert | text='Kamu ini bodoh sekali, tidak usah sok tahu.' | label=Hate Speech | conf=0.999 | latency=83.1ms
2026-04-25 02:56:39 | INFO | hate_detect | PREDICT | model=indobert | text='Jangan kasih suara buat dia, dia pengkhianat.' | label=Hate Speech | conf=0.999 | latency=82.3ms
2026-04-25 02:56:39 | INFO | hate_detect | PREDICT | model=indobert | text='Dasar bego, gitu aja gak becus kerja!' | label=Hate Speech | conf=0.999 | latency=90.0ms
2026-04-25 02:56:39 | INFO | hate_detect | PREDICT | model=indobert | text='Usir saja orang-orang itu dari sini, mereka cuma bikin masal' | label=Hate Speech | conf=0.999 | latency=84.1ms
2026-04-25 02:56:39 | INFO | hate_detect | PREDICT | model=indobert | text='Selamat pagi semuanya, semoga hari ini menyenangkan.' | label=Normal | conf=1.000 | latency=81.7ms
2026-04-25 02:56:39 | INFO | hate_detect | PREDICT | model=indobert | text='Kamu ini bodoh sekali, tidak usah sok tahu.' | label=Hate Speech | conf=0.999 | latency=78.2ms
2026-04-25 02:56:39 | INFO | hate_detect | PREDICT | model=indobert | text='Jangan kasih suara buat dia, dia pengkhianat.' | label=Hate Speech | conf=0.999 | latency=81.1ms
2026-04-25 02:56:40 | INFO | hate_detect | PREDICT | model=indobert | text='Dasar bego, gitu aja gak becus kerja!' | label=Hate Speech | conf=0.999 | latency=87.5ms
2026-04-25 02:56:40 | INFO | hate_detect | PREDICT | model=indobert | text='Usir saja orang-orang itu dari sini, mereka cuma bikin masal' | label=Hate Speech | conf=0.999 | latency=92.8ms
2026-04-25 02:56:40 | INFO | hate_detect | PREDICT | model=indobert | text='Selamat pagi semuanya, semoga hari ini menyenangkan.' | label=Normal | conf=1.000 | latency=213.3ms
2026-04-25 02:56:40 | INFO | hate_detect | PREDICT | model=indobert | text='Kamu ini bodoh sekali, tidak usah sok tahu.' | label=Hate Speech | conf=0.999 | latency=91.8ms
2026-04-25 02:56:40 | INFO | hate_detect | PREDICT | model=indobert | text='Jangan kasih suara buat dia, dia pengkhianat.' | label=Hate Speech | conf=0.999 | latency=76.0ms
2026-04-25 02:56:40 | INFO | hate_detect | PREDICT | model=indobert | text='Dasar bego, gitu aja gak becus kerja!' | label=Hate Speech | conf=0.999 | latency=73.4ms
2026-04-25 02:56:40 | INFO | hate_detect | PREDICT | model=indobert | text='Usir saja orang-orang itu dari sini, mereka cuma bikin masal' | label=Hate Speech | conf=0.999 | latency=172.9ms
2026-04-25 02:56:40 | INFO | hate_detect | PREDICT | model=indobert | text='Selamat pagi semuanya, semoga hari ini menyenangkan.' | label=Normal | conf=1.000 | latency=129.8ms
2026-04-25 02:56:41 | INFO | hate_detect | PREDICT | model=indobert | text='Kamu ini bodoh sekali, tidak usah sok tahu.' | label=Hate Speech | conf=0.999 | latency=97.1ms
2026-04-25 02:56:41 | INFO | hate_detect | PREDICT | model=indobert | text='Jangan kasih suara buat dia, dia pengkhianat.' | label=Hate Speech | conf=0.999 | latency=76.1ms
2026-04-25 02:56:41 | INFO | hate_detect | PREDICT | model=indobert | text='Dasar bego, gitu aja gak becus kerja!' | label=Hate Speech | conf=0.999 | latency=71.2ms
2026-04-25 02:56:41 | INFO | hate_detect | PREDICT | model=indobert | text='Usir saja orang-orang itu dari sini, mereka cuma bikin masal' | label=Hate Speech | conf=0.999 | latency=78.7ms
2026-04-25 02:56:41 | INFO | hate_detect | PREDICT | model=indobert | text='Selamat pagi semuanya, semoga hari ini menyenangkan.' | label=Normal | conf=1.000 | latency=73.8ms
2026-04-25 02:56:41 | INFO | hate_detect | PREDICT | model=indobert | text='Kamu ini bodoh sekali, tidak usah sok tahu.' | label=Hate Speech | conf=0.999 | latency=291.0ms
2026-04-25 02:56:41 | INFO | hate_detect | PREDICT | model=indobert | text='Jangan kasih suara buat dia, dia pengkhianat.' | label=Hate Speech | conf=0.999 | latency=88.5ms
2026-04-25 02:56:41 | INFO | hate_detect | PREDICT | model=indobert | text='Dasar bego, gitu aja gak becus kerja!' | label=Hate Speech | conf=0.999 | latency=84.8ms
2026-04-25 02:56:41 | INFO | hate_detect | PREDICT | model=indobert | text='Usir saja orang-orang itu dari sini, mereka cuma bikin masal' | label=Hate Speech | conf=0.999 | latency=78.3ms
2026-04-25 02:56:42 | INFO | hate_detect | PREDICT | model=indobert | text='Selamat pagi semuanya, semoga hari ini menyenangkan.' | label=Normal | conf=1.000 | latency=82.9ms
2026-04-25 02:56:42 | INFO | hate_detect | PREDICT | model=indobert | text='Kamu ini bodoh sekali, tidak usah sok tahu.' | label=Hate Speech | conf=0.999 | latency=81.0ms
2026-04-25 02:56:42 | INFO | hate_detect | PREDICT | model=indobert | text='Jangan kasih suara buat dia, dia pengkhianat.' | label=Hate Speech | conf=0.999 | latency=101.1ms
2026-04-25 02:56:42 | INFO | hate_detect | PREDICT | model=indobert | text='Dasar bego, gitu aja gak becus kerja!' | label=Hate Speech | conf=0.999 | latency=73.2ms
2026-04-25 02:56:42 | INFO | hate_detect | PREDICT | model=indobert | text='Usir saja orang-orang itu dari sini, mereka cuma bikin masal' | label=Hate Speech | conf=0.999 | latency=100.3ms
2026-04-25 02:56:42 | INFO | hate_detect | PREDICT | model=indobert | text='Selamat pagi semuanya, semoga hari ini menyenangkan.' | label=Normal | conf=1.000 | latency=85.6ms
2026-04-25 02:56:42 | INFO | hate_detect | PREDICT | model=indobert | text='Kamu ini bodoh sekali, tidak usah sok tahu.' | label=Hate Speech | conf=0.999 | latency=164.4ms
2026-04-25 02:56:42 | INFO | hate_detect | PREDICT | model=indobert | text='Jangan kasih suara buat dia, dia pengkhianat.' | label=Hate Speech | conf=0.999 | latency=86.6ms
2026-04-25 02:56:42 | INFO | hate_detect | PREDICT | model=indobert | text='Dasar bego, gitu aja gak becus kerja!' | label=Hate Speech | conf=0.999 | latency=146.1ms
2026-04-25 02:56:42 | INFO | hate_detect | PREDICT | model=indobert | text='Usir saja orang-orang itu dari sini, mereka cuma bikin masal' | label=Hate Speech | conf=0.999 | latency=89.6ms
2026-04-25 02:56:43 | INFO | hate_detect | PREDICT | model=indobert | text='Selamat pagi semuanya, semoga hari ini menyenangkan.' | label=Normal | conf=1.000 | latency=64.4ms
2026-04-25 02:56:43 | INFO | hate_detect | PREDICT | model=indobert | text='Kamu ini bodoh sekali, tidak usah sok tahu.' | label=Hate Speech | conf=0.999 | latency=58.8ms
2026-04-25 02:56:43 | INFO | hate_detect | PREDICT | model=indobert | text='Jangan kasih suara buat dia, dia pengkhianat.' | label=Hate Speech | conf=0.999 | latency=61.8ms
2026-04-25 02:56:43 | INFO | hate_detect | PREDICT | model=indobert | text='Dasar bego, gitu aja gak becus kerja!' | label=Hate Speech | conf=0.999 | latency=62.3ms
2026-04-25 02:56:43 | INFO | hate_detect | PREDICT | model=indobert | text='Usir saja orang-orang itu dari sini, mereka cuma bikin masal' | label=Hate Speech | conf=0.999 | latency=73.5ms
2026-04-25 02:56:43 | INFO | hate_detect | PREDICT | model=indobert | text='Selamat pagi semuanya, semoga hari ini menyenangkan.' | label=Normal | conf=1.000 | latency=78.5ms
2026-04-25 02:56:43 | INFO | hate_detect | PREDICT | model=indobert | text='Kamu ini bodoh sekali, tidak usah sok tahu.' | label=Hate Speech | conf=0.999 | latency=96.7ms
2026-04-25 02:56:43 | INFO | hate_detect | PREDICT | model=indobert | text='Jangan kasih suara buat dia, dia pengkhianat.' | label=Hate Speech | conf=0.999 | latency=94.0ms
2026-04-25 02:56:43 | INFO | hate_detect | PREDICT | model=indobert | text='Dasar bego, gitu aja gak becus kerja!' | label=Hate Speech | conf=0.999 | latency=89.3ms
2026-04-25 02:56:43 | INFO | hate_detect | PREDICT | model=indobert | text='Usir saja orang-orang itu dari sini, mereka cuma bikin masal' | label=Hate Speech | conf=0.999 | latency=71.9ms
2026-04-25 02:56:43 | INFO | hate_detect | PREDICT | model=indobert | text='Selamat pagi semuanya, semoga hari ini menyenangkan.' | label=Normal | conf=1.000 | latency=77.3ms
2026-04-25 02:56:43 | INFO | hate_detect | PREDICT | model=indobert | text='Kamu ini bodoh sekali, tidak usah sok tahu.' | label=Hate Speech | conf=0.999 | latency=101.4ms
2026-04-25 02:56:44 | INFO | hate_detect | PREDICT | model=indobert | text='Jangan kasih suara buat dia, dia pengkhianat.' | label=Hate Speech | conf=0.999 | latency=113.4ms
2026-04-25 02:56:44 | INFO | hate_detect | PREDICT | model=indobert | text='Dasar bego, gitu aja gak becus kerja!' | label=Hate Speech | conf=0.999 | latency=85.2ms
2026-04-25 02:56:44 | INFO | hate_detect | PREDICT | model=indobert | text='Usir saja orang-orang itu dari sini, mereka cuma bikin masal' | label=Hate Speech | conf=0.999 | latency=62.9ms
2026-04-25 02:56:44 | INFO | hate_detect | PREDICT | model=indobert | text='Selamat pagi semuanya, semoga hari ini menyenangkan.' | label=Normal | conf=1.000 | latency=72.4ms
2026-04-25 02:56:44 | INFO | hate_detect | PREDICT | model=indobert | text='Kamu ini bodoh sekali, tidak usah sok tahu.' | label=Hate Speech | conf=0.999 | latency=72.8ms
2026-04-25 02:56:44 | INFO | hate_detect | PREDICT | model=indobert | text='Jangan kasih suara buat dia, dia pengkhianat.' | label=Hate Speech | conf=0.999 | latency=64.0ms
2026-04-25 02:56:44 | INFO | hate_detect | PREDICT | model=indobert | text='Dasar bego, gitu aja gak becus kerja!' | label=Hate Speech | conf=0.999 | latency=61.1ms
2026-04-25 02:56:44 | INFO | hate_detect | PREDICT | model=indobert | text='Usir saja orang-orang itu dari sini, mereka cuma bikin masal' | label=Hate Speech | conf=0.999 | latency=65.6ms
2026-04-25 02:56:44 | INFO | hate_detect | PREDICT | model=indobert | text='Selamat pagi semuanya, semoga hari ini menyenangkan.' | label=Normal | conf=1.000 | latency=63.2ms
2026-04-25 02:56:44 | INFO | hate_detect | PREDICT | model=indobert | text='Kamu ini bodoh sekali, tidak usah sok tahu.' | label=Hate Speech | conf=0.999 | latency=59.5ms
2026-04-25 02:56:44 | INFO | hate_detect | PREDICT | model=indobert | text='Jangan kasih suara buat dia, dia pengkhianat.' | label=Hate Speech | conf=0.999 | latency=64.7ms
2026-04-25 02:56:44 | INFO | hate_detect | PREDICT | model=indobert | text='Dasar bego, gitu aja gak becus kerja!' | label=Hate Speech | conf=0.999 | latency=65.0ms
2026-04-25 02:56:44 | INFO | hate_detect | PREDICT | model=indobert | text='Usir saja orang-orang itu dari sini, mereka cuma bikin masal' | label=Hate Speech | conf=0.999 | latency=67.6ms
2026-04-25 02:56:44 | INFO | hate_detect | PREDICT | model=indobert | text='Selamat pagi semuanya, semoga hari ini menyenangkan.' | label=Normal | conf=1.000 | latency=61.7ms
2026-04-25 02:56:45 | INFO | hate_detect | PREDICT | model=indobert | text='Kamu ini bodoh sekali, tidak usah sok tahu.' | label=Hate Speech | conf=0.999 | latency=62.1ms
2026-04-25 02:56:45 | INFO | hate_detect | PREDICT | model=indobert | text='Jangan kasih suara buat dia, dia pengkhianat.' | label=Hate Speech | conf=0.999 | latency=63.0ms
2026-04-25 02:56:45 | INFO | hate_detect | PREDICT | model=indobert | text='Dasar bego, gitu aja gak becus kerja!' | label=Hate Speech | conf=0.999 | latency=106.7ms
2026-04-25 02:56:45 | INFO | hate_detect | PREDICT | model=indobert | text='Usir saja orang-orang itu dari sini, mereka cuma bikin masal' | label=Hate Speech | conf=0.999 | latency=93.4ms
2026-04-25 02:56:45 | INFO | hate_detect | PREDICT | model=indobert | text='Selamat pagi semuanya, semoga hari ini menyenangkan.' | label=Normal | conf=1.000 | latency=60.5ms
2026-04-25 02:56:45 | INFO | hate_detect | PREDICT | model=indobert | text='Kamu ini bodoh sekali, tidak usah sok tahu.' | label=Hate Speech | conf=0.999 | latency=61.0ms
2026-04-25 02:56:45 | INFO | hate_detect | PREDICT | model=indobert | text='Jangan kasih suara buat dia, dia pengkhianat.' | label=Hate Speech | conf=0.999 | latency=64.5ms
2026-04-25 16:51:28 | INFO | hate_detect | PREDICT | model=svm | text='Berisik banget sih, mending lu diam aja anjing daripada biki' | label=Abusive | conf=0.923 | latency=72.7ms
2026-04-25 16:51:32 | INFO | hate_detect | PREDICT | model=mnb | text='Berisik banget sih, mending lu diam aja anjing daripada biki' | label=Hate Speech | conf=0.818 | latency=13.8ms
2026-04-25 16:51:35 | INFO | hate_detect | PREDICT | model=cnb | text='Berisik banget sih, mending lu diam aja anjing daripada biki' | label=Hate Speech | conf=0.595 | latency=5.7ms
2026-04-25 16:51:40 | INFO | hate_detect | PREDICT | model=indobert | text='Berisik banget sih, mending lu diam aja anjing daripada biki' | label=Hate Speech | conf=0.998 | latency=161.3ms
2026-04-25 17:14:20 | INFO | hate_detect | PREDICT | model=svm | text='Berisik banget sih, mending lu diam aja anjing daripada biki' | label=Abusive | conf=0.923 | latency=4.2ms
2026-04-25 17:14:29 | INFO | hate_detect | PREDICT | model=indobert | text='Dasar bodoh, nggak bisa ngerjain hal paling sepele sekalipun' | label=Normal | conf=0.983 | latency=123.8ms
2026-04-25 17:14:33 | INFO | hate_detect | PREDICT | model=svm | text='Dasar bodoh, nggak bisa ngerjain hal paling sepele sekalipun' | label=Hate Speech | conf=0.960 | latency=9.7ms
2026-04-25 17:15:02 | INFO | hate_detect | PREDICT | model=svm | text='Gue beneran muak sama kelakuan orang-orang kayak gitu, bajin' | label=Abusive | conf=0.726 | latency=7.4ms
2026-04-25 17:15:12 | INFO | hate_detect | PREDICT | model=svm | text='Cuaca hari ini cerah banget, cocok buat jalan-jalan ke taman' | label=Normal | conf=0.804 | latency=18.3ms
